path,patient_id,label,logit,probability,calibrated_probability
d:\Pneum Det\archive\chest_xray\chest_xray\train\NORMAL\IM-0115-0001.jpeg,normal:im-0115,NORMAL,-10.06362533569336,4.259950450454731e-05,0.0024193072302452294
d:\Pneum Det\archive\chest_xray\chest_xray\train\NORMAL\IM-0147-0001.jpeg,normal:im-0147,NORMAL,-12.998205184936523,2.2643847956467222e-06,0.00041874073372824035
d:\Pneum Det\archive\chest_xray\chest_xray\train\NORMAL\IM-0149-0001.jpeg,normal:im-0149,NORMAL,-11.700506210327148,8.289553089048351e-06,0.0009098456915626255
d:\Pneum Det\archive\chest_xray\chest_xray\train\NORMAL\IM-0158-0001.jpeg,normal:im-0158,NORMAL,-4.8699822425842285,0.007615067317393094,0.051461416134206434
d:\Pneum Det\archive\chest_xray\chest_xray\train\NORMAL\IM-0162-0001.jpeg,normal:im-0162,NORMAL,-11.624170303344727,8.947116552411183e-06,0.0009523286718472523
d:\Pneum Det\archive\chest_xray\chest_xray\train\NORMAL\IM-0172-0001.jpeg,normal:im-0172,NORMAL,-11.696523666381836,8.322632149437738e-06,0.0009120145202004691
d:\Pneum Det\archive\chest_xray\chest_xray\train\NORMAL\IM-0180-0001.jpeg,normal:im-0180,NORMAL,-10.108437538146973,4.073274385190526e-05,0.002355447211828765
d:\Pneum Det\archive\chest_xray\chest_xray\train\NORMAL\IM-0193-0001.jpeg,normal:im-0193,NORMAL,-12.985916137695312,2.292383550226075e-06,0.00042182998731869775
d:\Pneum Det\archive\chest_xray\chest_xray\train\NORMAL\IM-0207-0001.jpeg,normal:im-0207,NORMAL,-11.237074851989746,1.3176336475537933e-05,0.0012002575255669805
d:\Pneum Det\archive\chest_xray\chest_xray\train\NORMAL\IM-0219-0001.jpeg,normal:im-0219,NORMAL,-11.171263694763184,1.4072644273441455e-05,0.0012484064248576344
d:\Pneum Det\archive\chest_xray\chest_xray\train\NORMAL\IM-0220-0001.jpeg,normal:im-0220,NORMAL,-11.976067543029785,6.292992557759962e-06,0.0007716441509179289
d:\Pneum Det\archive\chest_xray\chest_xray\train\NORMAL\IM-0221-0001.jpeg,normal:im-0221,NORMAL,-11.18693733215332,1.3853797349565008e-05,0.001236767068615878
d:\Pneum Det\archive\chest_xray\chest_xray\train\NORMAL\IM-0228-0001.jpeg,normal:im-0228,NORMAL,-1.8316532373428345,0.13804144332982476,0.2504861876891008
d:\Pneum Det\archive\chest_xray\chest_xray\train\NORMAL\IM-0242-0001.jpeg,normal:im-0242,NORMAL,-14.630884170532227,4.4247378685179744e-07,0.0001576778358248192
d:\Pneum Det\archive\chest_xray\chest_xray\train\NORMAL\IM-0244-0001.jpeg,normal:im-0244,NORMAL,-11.155147552490234,1.4301275142529395e-05,0.001260488476154531
d:\Pneum Det\archive\chest_xray\chest_xray\train\NORMAL\IM-0250-0001.jpeg,normal:im-0250,NORMAL,-12.139689445495605,5.343152151179412e-06,0.0006997252287164392
d:\Pneum Det\archive\chest_xray\chest_xray\train\NORMAL\IM-0253-0001.jpeg,normal:im-0253,NORMAL,-11.92441177368164,6.626602024500254e-06,0.0007958485873850688
d:\Pneum Det\archive\chest_xray\chest_xray\train\NORMAL\IM-0268-0001.jpeg,normal:im-0268,NORMAL,-12.467090606689453,3.85132059027778e-06,0.0005753062916342435
d:\Pneum Det\archive\chest_xray\chest_xray\train\NORMAL\IM-0269-0001.jpeg,normal:im-0269,NORMAL,-12.57164192199707,3.4689958336562834e-06,0.0005404360235937623
d:\Pneum Det\archive\chest_xray\chest_xray\train\NORMAL\IM-0276-0001.jpeg,normal:im-0276,NORMAL,-12.021337509155273,6.014462793673065e-06,0.0007510374901183167
d:\Pneum Det\archive\chest_xray\chest_xray\train\NORMAL\IM-0278-0001.jpeg,normal:im-0278,NORMAL,-11.636083602905273,8.841160213067643e-06,0.000945570384897824
d:\Pneum Det\archive\chest_xray\chest_xray\train\NORMAL\IM-0282-0001.jpeg,normal:im-0282,NORMAL,-10.366321563720703,3.147386503047857e-05,0.0020193089741219663
d:\Pneum Det\archive\chest_xray\chest_xray\train\NORMAL\IM-0293-0001.jpeg,normal:im-0293,NORMAL,-12.90601921081543,2.4830530314044264e-06,0.00044247778698116165
d:\Pneum Det\archive\chest_xray\chest_xray\train\NORMAL\IM-0297-0001.jpeg,normal:im-0297,NORMAL,-12.78281307220459,2.8086239815576545e-06,0.00047631540558457926
d:\Pneum Det\archive\chest_xray\chest_xray\train\NORMAL\IM-0301-0001.jpeg,normal:im-0301,NORMAL,-10.180930137634277,3.788451809491352e-05,0.0022556825907645924
d:\Pneum Det\archive\chest_xray\chest_xray\train\NORMAL\IM-0306-0001.jpeg,normal:im-0306,NORMAL,-12.531612396240234,3.610674334074875e-06,0.000553529999603089
d:\Pneum Det\archive\chest_xray\chest_xray\train\NORMAL\IM-0313-0001.jpeg,normal:im-0313,NORMAL,-13.537888526916504,1.3199854463716194e-06,0.00030321220174684446
d:\Pneum Det\archive\chest_xray\chest_xray\train\NORMAL\IM-0320-0001.jpeg,normal:im-0320,NORMAL,-12.326436042785645,4.4329713027774e-06,0.0006257911309942729
d:\Pneum Det\archive\chest_xray\chest_xray\train\NORMAL\IM-0330-0001.jpeg,normal:im-0330,NORMAL,-12.096853256225586,5.577004056218624e-06,0.0007178795467814497
d:\Pneum Det\archive\chest_xray\chest_xray\train\NORMAL\IM-0337-0001.jpeg,normal:im-0337,NORMAL,-10.506831169128418,2.734823629250062e-05,0.0018567735999867312
d:\Pneum Det\archive\chest_xray\chest_xray\train\NORMAL\IM-0341-0001.jpeg,normal:im-0341,NORMAL,-10.939680099487305,1.773983575678736e-05,0.0014336976297402864
d:\Pneum Det\archive\chest_xray\chest_xray\train\NORMAL\IM-0351-0001.jpeg,normal:im-0351,NORMAL,-11.811826705932617,7.416271485960143e-06,0.0008512636696577045
d:\Pneum Det\archive\chest_xray\chest_xray\train\NORMAL\IM-0354-0001.jpeg,normal:im-0354,NORMAL,-11.137274742126465,1.455917321625856e-05,0.0012740240935561285
d:\Pneum Det\archive\chest_xray\chest_xray\train\NORMAL\IM-0361-0001.jpeg,normal:im-0361,NORMAL,-9.938594818115234,4.8272761907378674e-05,0.002606761932959583
d:\Pneum Det\archive\chest_xray\chest_xray\train\NORMAL\IM-0365-0001.jpeg,normal:im-0365,NORMAL,-14.50082778930664,5.039300877710231e-07,0.000170436714434228
d:\Pneum Det\archive\chest_xray\chest_xray\train\NORMAL\IM-0374-0001.jpeg,normal:im-0374,NORMAL,-12.601602554321289,3.3666043901505416e-06,0.0005308386342189583
d:\Pneum Det\archive\chest_xray\chest_xray\train\NORMAL\IM-0379-0001.jpeg,normal:im-0379,NORMAL,-13.004522323608398,2.250125481524846e-06,0.0004171615253132332
d:\Pneum Det\archive\chest_xray\chest_xray\train\NORMAL\IM-0384-0001.jpeg,normal:im-0384,NORMAL,-10.204870223999023,3.6988362824578133e-05,0.002223671127060168
d:\Pneum Det\archive\chest_xray\chest_xray\train\NORMAL\IM-0385-0001.jpeg,normal:im-0385,NORMAL,-12.116376876831055,5.4691773492901545e-06,0.0007095476299220574
d:\Pneum Det\archive\chest_xray\chest_xray\train\NORMAL\IM-0395-0001.jpeg,normal:im-0395,NORMAL,-8.236845016479492,0.00026464805750201333,0.007183588673281286
d:\Pneum Det\archive\chest_xray\chest_xray\train\NORMAL\IM-0400-0001.jpeg,normal:im-0400,NORMAL,-12.995689392089844,2.2700886776700467e-06,0.00041937131411160953
d:\Pneum Det\archive\chest_xray\chest_xray\train\NORMAL\IM-0405-0001.jpeg,normal:im-0405,NORMAL,-11.75373649597168,7.85983962368859e-06,0.0008813472552034821
d:\Pneum Det\archive\chest_xray\chest_xray\train\NORMAL\IM-0417-0001.jpeg,normal:im-0417,NORMAL,-11.791703224182129,7.5670232989638e-06,0.000861567195936898
d:\Pneum Det\archive\chest_xray\chest_xray\train\NORMAL\IM-0419-0001.jpeg,normal:im-0419,NORMAL,-9.52432918548584,7.304738370484904e-05,0.003337637398459301
d:\Pneum Det\archive\chest_xray\chest_xray\train\NORMAL\IM-0427-0001.jpeg,normal:im-0427,NORMAL,-13.347816467285156,1.5963064539865891e-06,0.00033972324766159344
d:\Pneum Det\archive\chest_xray\chest_xray\train\NORMAL\IM-0432-0001.jpeg,normal:im-0432,NORMAL,-11.088497161865234,1.5286928381106517e-05,0.001311708080222638
d:\Pneum Det\archive\chest_xray\chest_xray\train\NORMAL\IM-0435-0001-0001.jpeg,normal:im-0435-0001,NORMAL,-11.095300674438477,1.518327814345224e-05,0.0013063858391720278
d:\Pneum Det\archive\chest_xray\chest_xray\train\NORMAL\IM-0446-0001.jpeg,normal:im-0446,NORMAL,-12.789595603942871,2.7896389096101966e-06,0.0004743871038294776
d:\Pneum Det\archive\chest_xray\chest_xray\train\NORMAL\IM-0447-0001.jpeg,normal:im-0447,NORMAL,-9.526667594909668,7.287678101004726e-05,0.003332986020975737
d:\Pneum Det\archive\chest_xray\chest_xray\train\NORMAL\IM-0449-0001.jpeg,normal:im-0449,NORMAL,-11.28898811340332,1.2509769946141916e-05,0.001163588887960569
d:\Pneum Det\archive\chest_xray\chest_xray\train\NORMAL\IM-0455-0001.jpeg,normal:im-0455,NORMAL,-10.431197166442871,2.9496862277791484e-05,0.0019425705454607283
d:\Pneum Det\archive\chest_xray\chest_xray\train\NORMAL\IM-0466-0001.jpeg,normal:im-0466,NORMAL,-6.291709899902344,0.0018481691491550195,0.022646996396966927
d:\Pneum Det\archive\chest_xray\chest_xray\train\NORMAL\IM-0467-0001.jpeg,normal:im-0467,NORMAL,-13.386980056762695,1.5349978282273738e-06,0.0003318571309530158
d:\Pneum Det\archive\chest_xray\chest_xray\train\NORMAL\IM-0473-0001.jpeg,normal:im-0473,NORMAL,-9.94235610961914,4.809154373086801e-05,0.002600916801325811
d:\Pneum Det\archive\chest_xray\chest_xray\train\NORMAL\IM-0475-0001.jpeg,normal:im-0475,NORMAL,-12.264267921447754,4.717306213508212e-06,0.0006494935960231121
d:\Pneum Det\archive\chest_xray\chest_xray\train\NORMAL\IM-0484-0001.jpeg,normal:im-0484,NORMAL,-8.942094802856445,0.0001307497246263656,0.004722173997962301
d:\Pneum Det\archive\chest_xray\chest_xray\train\NORMAL\IM-0491-0001.jpeg,normal:im-0491,NORMAL,-9.078393936157227,0.00011409170143553107,0.0043539383377598755
d:\Pneum Det\archive\chest_xray\chest_xray\train\NORMAL\IM-0493-0001.jpeg,normal:im-0493,NORMAL,-10.344441413879395,3.2170084679008365e-05,0.0020458663632138786
d:\Pneum Det\archive\chest_xray\chest_xray\train\NORMAL\IM-0499-0001.jpeg,normal:im-0499,NORMAL,-11.143381118774414,1.4470541591850813e-05,0.0012693833026643873
d:\Pneum Det\archive\chest_xray\chest_xray\train\NORMAL\IM-0504-0001.jpeg,normal:im-0504,NORMAL,-13.373995780944824,1.555058587794428e-06,0.00033444467313133126
d:\Pneum Det\archive\chest_xray\chest_xray\train\NORMAL\IM-0511-0001-0001.jpeg,normal:im-0511-0001,NORMAL,-10.284187316894531,3.416798424727745e-05,0.0021208161011146277
d:\Pneum Det\archive\chest_xray\chest_xray\train\NORMAL\IM-0511-0001-0002.jpeg,normal:im-0511-0001,NORMAL,-11.168731689453125,1.410832092844009e-05,0.001250296947638391
d:\Pneum Det\archive\chest_xray\chest_xray\train\NORMAL\IM-0511-0001.jpeg,normal:im-0511,NORMAL,-12.850820541381836,2.623967256698741e-06,0.0004573299281336661
d:\Pneum Det\archive\chest_xray\chest_xray\train\NORMAL\IM-0513-0001.jpeg,normal:im-0513,NORMAL,-10.921348571777344,1.806802710571051e-05,0.0014494877695278153
d:\Pneum Det\archive\chest_xray\chest_xray\train\NORMAL\IM-0517-0001.jpeg,normal:im-0517,NORMAL,-10.74155044555664,2.1626912436147748e-05,0.0016138664803672612
d:\Pneum Det\archive\chest_xray\chest_xray\train\NORMAL\IM-0522-0001.jpeg,normal:im-0522,NORMAL,-10.358755111694336,3.171290617425563e-05,0.002028453734872229
d:\Pneum Det\archive\chest_xray\chest_xray\train\NORMAL\IM-0530-0001.jpeg,normal:im-0530,NORMAL,-12.179645538330078,5.133870641779234e-06,0.0006832053086869167
d:\Pneum Det\archive\chest_xray\chest_xray\train\NORMAL\IM-0533-0001.jpeg,normal:im-0533,NORMAL,-11.99874496459961,6.151890552290942e-06,0.0007612518352847826
d:\Pneum Det\archive\chest_xray\chest_xray\train\NORMAL\IM-0535-0001.jpeg,normal:im-0535,NORMAL,-9.177655220031738,0.0001033118434687931,0.004103893432077118
d:\Pneum Det\archive\chest_xray\chest_xray\train\NORMAL\IM-0536-0001.jpeg,normal:im-0536,NORMAL,-8.689737319946289,0.00016827590903278862,0.005487676910077996
d:\Pneum Det\archive\chest_xray\chest_xray\train\NORMAL\IM-0545-0001-0001.jpeg,normal:im-0545-0001,NORMAL,-9.990779876708984,4.5818358977897484e-05,0.002526822457143018
d:\Pneum Det\archive\chest_xray\chest_xray\train\NORMAL\IM-0545-0001-0002.jpeg,normal:im-0545-0001,NORMAL,-13.420835494995117,1.48389973592277e-06,0.0003252040574335644
d:\Pneum Det\archive\chest_xray\chest_xray\train\NORMAL\IM-0546-0001.jpeg,normal:im-0546,NORMAL,-9.605659484863281,6.734197410954608e-05,0.0031796002598067493
d:\Pneum Det\archive\chest_xray\chest_xray\train\NORMAL\IM-0554-0001.jpeg,normal:im-0554,NORMAL,-6.118526458740234,0.0021968610422945915,0.025057837179139477
d:\Pneum Det\archive\chest_xray\chest_xray\train\NORMAL\IM-0559-0001.jpeg,normal:im-0559,NORMAL,-9.24509334564209,9.65750699238255e-05,0.003942223774788931
d:\Pneum Det\archive\chest_xray\chest_xray\train\NORMAL\IM-0571-0001.jpeg,normal:im-0571,NORMAL,-12.67244815826416,3.136348619828068e-06,0.0005088166159975877
d:\Pneum Det\archive\chest_xray\chest_xray\train\NORMAL\IM-0574-0001.jpeg,normal:im-0574,NORMAL,-9.88547134399414,5.0906382381348865e-05,0.002690730016770717
d:\Pneum Det\archive\chest_xray\chest_xray\train\NORMAL\IM-0575-0001.jpeg,normal:im-0575,NORMAL,-10.187458992004395,3.763799054978973e-05,0.002246907217507733
d:\Pneum Det\archive\chest_xray\chest_xray\train\NORMAL\IM-0577-0001.jpeg,normal:im-0577,NORMAL,-9.510274887084961,7.408118503851036e-05,0.003365729691176178
d:\Pneum Det\archive\chest_xray\chest_xray\train\NORMAL\IM-0591-0001.jpeg,normal:im-0591,NORMAL,-11.569246292114258,9.452268953035666e-06,0.0009841159442311772
d:\Pneum Det\archive\chest_xray\chest_xray\train\NORMAL\IM-0593-0001.jpeg,normal:im-0593,NORMAL,-11.023285865783691,1.631701412929449e-05,0.001363832805196226
d:\Pneum Det\archive\chest_xray\chest_xray\train\NORMAL\IM-0600-0001.jpeg,normal:im-0600,NORMAL,-10.878483772277832,1.8859333291358684e-05,0.001487091093006009
d:\Pneum Det\archive\chest_xray\chest_xray\train\NORMAL\IM-0602-0001.jpeg,normal:im-0602,NORMAL,-10.968862533569336,1.7229633764268486e-05,0.0014089145066110507
d:\Pneum Det\archive\chest_xray\chest_xray\train\NORMAL\IM-0605-0001.jpeg,normal:im-0605,NORMAL,-9.730478286743164,5.944032268412798e-05,0.0029514468764734575
d:\Pneum Det\archive\chest_xray\chest_xray\train\NORMAL\IM-0607-0001.jpeg,normal:im-0607,NORMAL,-10.089766502380371,4.15003787766819e-05,0.002381847583089469
d:\Pneum Det\archive\chest_xray\chest_xray\train\NORMAL\IM-0613-0001.jpeg,normal:im-0613,NORMAL,-13.2756929397583,1.7156909787123215e-06,0.00035470038851931476
d:\Pneum Det\archive\chest_xray\chest_xray\train\NORMAL\IM-0618-0001.jpeg,normal:im-0618,NORMAL,-12.072540283203125,5.714258602507729e-06,0.0007283921860875439
d:\Pneum Det\archive\chest_xray\chest_xray\train\NORMAL\IM-0621-0001.jpeg,normal:im-0621,NORMAL,-7.504181861877441,0.0005504730896130953,0.01109243860052524
d:\Pneum Det\archive\chest_xray\chest_xray\train\NORMAL\IM-0624-0001-0002.jpeg,normal:im-0624-0001,NORMAL,-11.519399642944336,9.935368631086555e-06,0.0010138812449286467
d:\Pneum Det\archive\chest_xray\chest_xray\train\NORMAL\IM-0631-0001.jpeg,normal:im-0631,NORMAL,-11.58843994140625,9.27257708777157e-06,0.0009728889075970667
d:\Pneum Det\archive\chest_xray\chest_xray\train\NORMAL\IM-0637-0001.jpeg,normal:im-0637,NORMAL,-10.57112979888916,2.564516650682021e-05,0.0017868165241595407
d:\Pneum Det\archive\chest_xray\chest_xray\train\NORMAL\IM-0647-0001.jpeg,normal:im-0647,NORMAL,-7.790097236633301,0.00041364147420183933,0.009364481966110824
d:\Pneum Det\archive\chest_xray\chest_xray\train\NORMAL\IM-0650-0001.jpeg,normal:im-0650,NORMAL,-10.783453941345215,2.0739412531022616e-05,0.0015739661991630582
d:\Pneum Det\archive\chest_xray\chest_xray\train\NORMAL\IM-0656-0001.jpeg,normal:im-0656,NORMAL,-11.71926212310791,8.135525201384155e-06,0.0008997006028464525
d:\Pneum Det\archive\chest_xray\chest_xray\train\NORMAL\IM-0660-0001-0001.jpeg,normal:im-0660-0001,NORMAL,-11.12348461151123,1.4761333860034299e-05,0.0012845669053635628
d:\Pneum Det\archive\chest_xray\chest_xray\train\NORMAL\IM-0660-0001-0002.jpeg,normal:im-0660-0001,NORMAL,-11.199196815490723,1.3684996098286223e-05,0.0012277386813234626
d:\Pneum Det\archive\chest_xray\chest_xray\train\NORMAL\IM-0664-0001.jpeg,normal:im-0664,NORMAL,-11.447187423706055,1.0679355175100245e-05,0.0010586041656539009
d:\Pneum Det\archive\chest_xray\chest_xray\train\NORMAL\IM-0668-0001.jpeg,normal:im-0668,NORMAL,-11.10599422454834,1.5021782456829297e-05,0.0012980640610708342
d:\Pneum Det\archive\chest_xray\chest_xray\train\NORMAL\IM-0676-0001.jpeg,normal:im-0676,NORMAL,-10.866570472717285,1.9085349516694352e-05,0.0014977139953692674
d:\Pneum Det\archive\chest_xray\chest_xray\train\NORMAL\IM-0677-0001.jpeg,normal:im-0677,NORMAL,-11.010066986083984,1.6534135096195693e-05,0.0013746484574711172
d:\Pneum Det\archive\chest_xray\chest_xray\train\NORMAL\IM-0682-0001.jpeg,normal:im-0682,NORMAL,-11.404452323913574,1.1145625491950672e-05,0.001085993828983398
d:\Pneum Det\archive\chest_xray\chest_xray\train\NORMAL\IM-0685-0001.jpeg,normal:im-0685,NORMAL,-10.714813232421875,2.2212942452361212e-05,0.0016398516371969303
d:\Pneum Det\archive\chest_xray\chest_xray\train\NORMAL\IM-0687-0001.jpeg,normal:im-0687,NORMAL,-9.969494819641113,4.680401234964693e-05,0.0025591282901992894
d:\Pneum Det\archive\chest_xray\chest_xray\train\NORMAL\IM-0694-0001.jpeg,normal:im-0694,NORMAL,-12.743804931640625,2.9203477626060407e-06,0.00048755866189336837
d:\Pneum Det\archive\chest_xray\chest_xray\train\NORMAL\IM-0701-0001.jpeg,normal:im-0701,NORMAL,-12.18481159210205,5.107417313933087e-06,0.0006810980455175967
d:\Pneum Det\archive\chest_xray\chest_xray\train\NORMAL\IM-0705-0001.jpeg,normal:im-0705,NORMAL,-13.190059661865234,1.869085038703624e-06,0.0003733423683583299
d:\Pneum Det\archive\chest_xray\chest_xray\train\NORMAL\IM-0713-0001.jpeg,normal:im-0713,NORMAL,-10.521553039550781,2.694857902099847e-05,0.0018405186369827447
d:\Pneum Det\archive\chest_xray\chest_xray\train\NORMAL\IM-0715-0001.jpeg,normal:im-0715,NORMAL,-9.702239990234375,6.114263560425397e-05,0.0030015907495703404
d:\Pneum Det\archive\chest_xray\chest_xray\train\NORMAL\IM-0727-0001.jpeg,normal:im-0727,NORMAL,-10.566959381103516,2.5752338130989222e-05,0.0017912730711613302
d:\Pneum Det\archive\chest_xray\chest_xray\train\NORMAL\IM-0730-0001.jpeg,normal:im-0730,NORMAL,-7.096266269683838,0.0008275060675745543,0.014115726006982755
d:\Pneum Det\archive\chest_xray\chest_xray\train\NORMAL\IM-0741-0001.jpeg,normal:im-0741,NORMAL,-9.347496032714844,8.717585022518627e-05,0.003708783027973985
d:\Pneum Det\archive\chest_xray\chest_xray\train\NORMAL\IM-0742-0001.jpeg,normal:im-0742,NORMAL,-11.017874717712402,1.640554577321794e-05,0.0013682498806485608
d:\Pneum Det\archive\chest_xray\chest_xray\train\NORMAL\IM-0748-0001.jpeg,normal:im-0748,NORMAL,-13.185661315917969,1.8773240115195749e-06,0.00037432588406248625
d:\Pneum Det\archive\chest_xray\chest_xray\train\NORMAL\IM-0755-0001.jpeg,normal:im-0755,NORMAL,-10.946986198425293,1.7610701352897954e-05,0.0014274523864359614
d:\Pneum Det\archive\chest_xray\chest_xray\train\NORMAL\NORMAL2-IM-0384-0001.jpeg,normal:im-0384,NORMAL,-5.221574783325195,0.005369829709631089,0.0421088839054218
d:\Pneum Det\archive\chest_xray\chest_xray\train\NORMAL\NORMAL2-IM-0385-0001.jpeg,normal:im-0385,NORMAL,-12.729211807250977,2.9632771092812822e-06,0.000491832663351447
d:\Pneum Det\archive\chest_xray\chest_xray\train\NORMAL\NORMAL2-IM-0395-0001-0001.jpeg,normal:im-0395-0001,NORMAL,-10.206205368041992,3.693901280854015e-05,0.002221899245128968
d:\Pneum Det\archive\chest_xray\chest_xray\train\NORMAL\NORMAL2-IM-0395-0001-0002.jpeg,normal:im-0395-0001,NORMAL,-8.301671028137207,0.0002480403559927948,0.006912158567468291
d:\Pneum Det\archive\chest_xray\chest_xray\train\NORMAL\NORMAL2-IM-0395-0001.jpeg,normal:im-0395,NORMAL,-11.737361907958984,7.989599715784919e-06,0.0008900175872165256
d:\Pneum Det\archive\chest_xray\chest_xray\train\NORMAL\NORMAL2-IM-0402-0001.jpeg,normal:im-0402,NORMAL,-13.477293968200684,1.4024422587287955e-06,0.0003144044298170853
d:\Pneum Det\archive\chest_xray\chest_xray\train\NORMAL\NORMAL2-IM-0412-0001.jpeg,normal:im-0412,NORMAL,-5.750879764556885,0.003169901699998543,0.031032385939421113
d:\Pneum Det\archive\chest_xray\chest_xray\train\NORMAL\NORMAL2-IM-0417-0001.jpeg,normal:im-0417,NORMAL,-10.978400230407715,1.7066086716147147e-05,0.0014009077574348753
d:\Pneum Det\archive\chest_xray\chest_xray\train\NORMAL\NORMAL2-IM-0419-0001.jpeg,normal:im-0419,NORMAL,-8.985344886779785,0.00012521602520486905,0.004602087648992733
d:\Pneum Det\archive\chest_xray\chest_xray\train\NORMAL\NORMAL2-IM-0427-0001.jpeg,normal:im-0427,NORMAL,-8.260035514831543,0.0002585829227321039,0.007085294157741965
d:\Pneum Det\archive\chest_xray\chest_xray\train\NORMAL\NORMAL2-IM-0447-0001.jpeg,normal:im-0447,NORMAL,-8.857751846313477,0.00014225432079620383,0.0049653999324124716
d:\Pneum Det\archive\chest_xray\chest_xray\train\NORMAL\NORMAL2-IM-0449-0001.jpeg,normal:im-0449,NORMAL,-10.50682258605957,2.734847101888336e-05,0.001856783118544014
d:\Pneum Det\archive\chest_xray\chest_xray\train\NORMAL\NORMAL2-IM-0454-0001.jpeg,normal:im-0454,NORMAL,-13.733685493469238,1.085264763876279e-06,0.00026969881211003397
d:\Pneum Det\archive\chest_xray\chest_xray\train\NORMAL\NORMAL2-IM-0455-0001.jpeg,normal:im-0455,NORMAL,-12.741556167602539,2.9269223059394076e-06,0.0004882148472215508
d:\Pneum Det\archive\chest_xray\chest_xray\train\NORMAL\NORMAL2-IM-0466-0001.jpeg,normal:im-0466,NORMAL,-12.66678524017334,3.1541598332687213e-06,0.0005105428171896309
d:\Pneum Det\archive\chest_xray\chest_xray\train\NORMAL\NORMAL2-IM-0473-0001.jpeg,normal:im-0473,NORMAL,-11.206148147583008,1.3590198305742379e-05,0.0012226487098370557
d:\Pneum Det\archive\chest_xray\chest_xray\train\NORMAL\NORMAL2-IM-0475-0001.jpeg,normal:im-0475,NORMAL,-11.713621139526367,8.18154687170848e-06,0.0009027398736139907
d:\Pneum Det\archive\chest_xray\chest_xray\train\NORMAL\NORMAL2-IM-0491-0001.jpeg,normal:im-0491,NORMAL,-12.852392196655273,2.6198465345521595e-06,0.0004569002335813385
d:\Pneum Det\archive\chest_xray\chest_xray\train\NORMAL\NORMAL2-IM-0493-0001.jpeg,normal:im-0493,NORMAL,-13.42607307434082,1.4761480226148117e-06,0.0003241867763088059
d:\Pneum Det\archive\chest_xray\chest_xray\train\NORMAL\NORMAL2-IM-0499-0001.jpeg,normal:im-0499,NORMAL,-11.840178489685059,7.208961171490642e-06,0.000836955708897616
d:\Pneum Det\archive\chest_xray\chest_xray\train\NORMAL\NORMAL2-IM-0511-0001.jpeg,normal:im-0511,NORMAL,-11.406967163085938,1.1117631562852694e-05,0.0010843625987492164
d:\Pneum Det\archive\chest_xray\chest_xray\train\NORMAL\NORMAL2-IM-0513-0001.jpeg,normal:im-0513,NORMAL,-12.582005500793457,3.4332303945033963e-06,0.0005370967621768849
d:\Pneum Det\archive\chest_xray\chest_xray\train\NORMAL\NORMAL2-IM-0517-0001.jpeg,normal:im-0517,NORMAL,-12.521244049072266,3.6483056727707213e-06,0.0005569729618416165
d:\Pneum Det\archive\chest_xray\chest_xray\train\NORMAL\NORMAL2-IM-0522-0001.jpeg,normal:im-0522,NORMAL,-7.976233959197998,0.0003434127673534235,0.0083857297241253
d:\Pneum Det\archive\chest_xray\chest_xray\train\NORMAL\NORMAL2-IM-0530-0001.jpeg,normal:im-0530,NORMAL,-9.637308120727539,6.524420244944527e-05,0.0031201381746034716
d:\Pneum Det\archive\chest_xray\chest_xray\train\NORMAL\NORMAL2-IM-0533-0001.jpeg,normal:im-0533,NORMAL,-11.498448371887207,1.0145721000606473e-05,0.0010266589287898026
d:\Pneum Det\archive\chest_xray\chest_xray\train\NORMAL\NORMAL2-IM-0535-0001.jpeg,normal:im-0535,NORMAL,-10.145021438598633,3.926956726416056e-05,0.002304561942904751
d:\Pneum Det\archive\chest_xray\chest_xray\train\NORMAL\NORMAL2-IM-0536-0001.jpeg,normal:im-0536,NORMAL,-10.309852600097656,3.3302239769581536e-05,0.0020885619142490125
d:\Pneum Det\archive\chest_xray\chest_xray\train\NORMAL\NORMAL2-IM-0554-0001.jpeg,normal:im-0554,NORMAL,-4.907719612121582,0.007335118115651268,0.050370254592182334
d:\Pneum Det\archive\chest_xray\chest_xray\train\NORMAL\NORMAL2-IM-0559-0001.jpeg,normal:im-0559,NORMAL,-8.797800064086914,0.00015104222602068177,0.005145828188562721
d:\Pneum Det\archive\chest_xray\chest_xray\train\NORMAL\NORMAL2-IM-0567-0001.jpeg,normal:im-0567,NORMAL,-11.412010192871094,1.1061706769655375e-05,0.0010810988494562776
d:\Pneum Det\archive\chest_xray\chest_xray\train\NORMAL\NORMAL2-IM-0571-0001.jpeg,normal:im-0571,NORMAL,-10.249642372131348,3.5368896936303845e-05,0.002165015688305174
d:\Pneum Det\archive\chest_xray\chest_xray\train\NORMAL\NORMAL2-IM-0575-0001.jpeg,normal:im-0575,NORMAL,-9.877765655517578,5.130014614405501e-05,0.0027031317750527755
d:\Pneum Det\archive\chest_xray\chest_xray\train\NORMAL\NORMAL2-IM-0577-0001.jpeg,normal:im-0577,NORMAL,-9.782894134521484,5.6405124636598906e-05,0.002860573604306884
d:\Pneum Det\archive\chest_xray\chest_xray\train\NORMAL\NORMAL2-IM-0585-0001.jpeg,normal:im-0585,NORMAL,-11.621137619018555,8.974291274386818e-06,0.0009540567733430426
d:\Pneum Det\archive\chest_xray\chest_xray\train\NORMAL\NORMAL2-IM-0600-0001.jpeg,normal:im-0600,NORMAL,-8.739860534667969,0.00016005059114253817,0.005326394460581174
d:\Pneum Det\archive\chest_xray\chest_xray\train\NORMAL\NORMAL2-IM-0602-0001.jpeg,normal:im-0602,NORMAL,-8.149357795715332,0.0002888373951224413,0.007566748819175339
d:\Pneum Det\archive\chest_xray\chest_xray\train\NORMAL\NORMAL2-IM-0618-0001.jpeg,normal:im-0618,NORMAL,-10.181906700134277,3.784754095362523e-05,0.0022543678304525576
d:\Pneum Det\archive\chest_xray\chest_xray\train\NORMAL\NORMAL2-IM-0621-0001.jpeg,normal:im-0621,NORMAL,-6.144032955169678,0.0021416538835150986,0.024687665054361093
d:\Pneum Det\archive\chest_xray\chest_xray\train\NORMAL\NORMAL2-IM-0626-0001.jpeg,normal:im-0626,NORMAL,-11.83535385131836,7.2438255866667685e-06,0.0008393734244465249
d:\Pneum Det\archive\chest_xray\chest_xray\train\NORMAL\NORMAL2-IM-0637-0001.jpeg,normal:im-0637,NORMAL,-10.201674461364746,3.710675353970655e-05,0.0022279179810997677
d:\Pneum Det\archive\chest_xray\chest_xray\train\NORMAL\NORMAL2-IM-0647-0001.jpeg,normal:im-0647,NORMAL,-10.760452270507812,2.1221972110230684e-05,0.0015957447505658884
d:\Pneum Det\archive\chest_xray\chest_xray\train\NORMAL\NORMAL2-IM-0650-0001.jpeg,normal:im-0650,NORMAL,-10.77592658996582,2.0896111137238102e-05,0.0015810604158265134
d:\Pneum Det\archive\chest_xray\chest_xray\train\NORMAL\NORMAL2-IM-0664-0001.jpeg,normal:im-0664,NORMAL,-4.271353244781494,0.01377059803327766,0.07203220414020386
d:\Pneum Det\archive\chest_xray\chest_xray\train\NORMAL\NORMAL2-IM-0668-0001.jpeg,normal:im-0668,NORMAL,-11.062806129455566,1.568474750483261e-05,0.001332001627054985
d:\Pneum Det\archive\chest_xray\chest_xray\train\NORMAL\NORMAL2-IM-0682-0001.jpeg,normal:im-0682,NORMAL,-13.379840850830078,1.5459956881688526e-06,0.00033327736485099185
d:\Pneum Det\archive\chest_xray\chest_xray\train\NORMAL\NORMAL2-IM-0687-0001.jpeg,normal:im-0687,NORMAL,-11.19244384765625,1.3777721898288533e-05,0.0012327036702873666
d:\Pneum Det\archive\chest_xray\chest_xray\train\NORMAL\NORMAL2-IM-0694-0001.jpeg,normal:im-0694,NORMAL,-9.0206880569458,0.00012086831236798172,0.004506215981107082
d:\Pneum Det\archive\chest_xray\chest_xray\train\NORMAL\NORMAL2-IM-0705-0001.jpeg,normal:im-0705,NORMAL,-8.161955833435059,0.00028522246689842277,0.007510348975391669
d:\Pneum Det\archive\chest_xray\chest_xray\train\NORMAL\NORMAL2-IM-0727-0001.jpeg,normal:im-0727,NORMAL,-6.334494590759277,0.0017709005769861155,0.022087203574418728
d:\Pneum Det\archive\chest_xray\chest_xray\train\NORMAL\NORMAL2-IM-0730-0001.jpeg,normal:im-0730,NORMAL,-1.9315513372421265,0.12657896996312987,0.23943168705585655
d:\Pneum Det\archive\chest_xray\chest_xray\train\NORMAL\NORMAL2-IM-0741-0001.jpeg,normal:im-0741,NORMAL,0.17599070072174072,0.5438844651456427,0.5263029362877399
d:\Pneum Det\archive\chest_xray\chest_xray\train\NORMAL\NORMAL2-IM-0749-0001.jpeg,normal:im-0749,NORMAL,-9.32592487335205,8.907659379394912e-05,0.003756784193534821
d:\Pneum Det\archive\chest_xray\chest_xray\train\NORMAL\NORMAL2-IM-0772-0001.jpeg,normal:im-0772,NORMAL,-8.29265022277832,0.0002502874397558815,0.006949310266673761
d:\Pneum Det\archive\chest_xray\chest_xray\train\NORMAL\NORMAL2-IM-0781-0001.jpeg,normal:im-0781,NORMAL,-10.396682739257812,3.0532670845276477e-05,0.0019830265873517637
d:\Pneum Det\archive\chest_xray\chest_xray\train\NORMAL\NORMAL2-IM-0796-0001.jpeg,normal:im-0796,NORMAL,-11.905864715576172,6.750651992581417e-06,0.0008047230818035062
d:\Pneum Det\archive\chest_xray\chest_xray\train\NORMAL\NORMAL2-IM-0810-0001.jpeg,normal:im-0810,NORMAL,-12.033809661865234,5.939915787975825e-06,0.0007454574773048952
d:\Pneum Det\archive\chest_xray\chest_xray\train\NORMAL\NORMAL2-IM-0811-0001.jpeg,normal:im-0811,NORMAL,-12.823064804077148,2.6978173469440257e-06,0.00046498532081195513
d:\Pneum Det\archive\chest_xray\chest_xray\train\NORMAL\NORMAL2-IM-0815-0001.jpeg,normal:im-0815,NORMAL,-11.802152633666992,7.488364649987581e-06,0.0008562014827316172
d:\Pneum Det\archive\chest_xray\chest_xray\train\NORMAL\NORMAL2-IM-0824-0001.jpeg,normal:im-0824,NORMAL,-8.020060539245605,0.0003286920429183335,0.008170447148493494
d:\Pneum Det\archive\chest_xray\chest_xray\train\NORMAL\NORMAL2-IM-0828-0001.jpeg,normal:im-0828,NORMAL,-11.459553718566895,1.054810572044393e-05,0.0010508079047834278
d:\Pneum Det\archive\chest_xray\chest_xray\train\NORMAL\NORMAL2-IM-0829-0001.jpeg,normal:im-0829,NORMAL,-8.4893217086792,0.00020561042092376723,0.006182547211367408
d:\Pneum Det\archive\chest_xray\chest_xray\train\NORMAL\NORMAL2-IM-0836-0001.jpeg,normal:im-0836,NORMAL,-10.19305419921875,3.7427994110229424e-05,0.0022394138601276982
d:\Pneum Det\archive\chest_xray\chest_xray\train\NORMAL\NORMAL2-IM-0839-0001.jpeg,normal:im-0839,NORMAL,-12.89234447479248,2.517241265444048e-06,0.0004461116645880575
d:\Pneum Det\archive\chest_xray\chest_xray\train\NORMAL\NORMAL2-IM-0848-0001.jpeg,normal:im-0848,NORMAL,-12.759231567382812,2.8756424637445517e-06,0.0004830809007840788
d:\Pneum Det\archive\chest_xray\chest_xray\train\NORMAL\NORMAL2-IM-0849-0001.jpeg,normal:im-0849,NORMAL,-13.000345230102539,2.2595441023588754e-06,0.00041820508009944097
d:\Pneum Det\archive\chest_xray\chest_xray\train\NORMAL\NORMAL2-IM-0860-0001.jpeg,normal:im-0860,NORMAL,-11.92536735534668,6.620272831537409e-06,0.0007953940138679136
d:\Pneum Det\archive\chest_xray\chest_xray\train\NORMAL\NORMAL2-IM-0868-0001.jpeg,normal:im-0868,NORMAL,-15.410598754882812,2.0289059222014293e-07,9.889401194915903e-05
d:\Pneum Det\archive\chest_xray\chest_xray\train\NORMAL\NORMAL2-IM-0877-0001.jpeg,normal:im-0877,NORMAL,-10.870962142944336,1.900171832283435e-05,0.0014937892230101892
d:\Pneum Det\archive\chest_xray\chest_xray\train\NORMAL\NORMAL2-IM-0880-0001.jpeg,normal:im-0880,NORMAL,-9.75922679901123,5.775592845466523e-05,0.002901254933963891
d:\Pneum Det\archive\chest_xray\chest_xray\train\NORMAL\NORMAL2-IM-0893-0001.jpeg,normal:im-0893,NORMAL,-11.517253875732422,9.956710296000191e-06,0.0010151825617050777
d:\Pneum Det\archive\chest_xray\chest_xray\train\NORMAL\NORMAL2-IM-0897-0001.jpeg,normal:im-0897,NORMAL,-11.949382781982422,6.463179069597539e-06,0.0007840545936513722
d:\Pneum Det\archive\chest_xray\chest_xray\train\NORMAL\NORMAL2-IM-0903-0001.jpeg,normal:im-0903,NORMAL,-10.895475387573242,1.8541595778396023e-05,0.001472069980246883
d:\Pneum Det\archive\chest_xray\chest_xray\train\NORMAL\NORMAL2-IM-0908-0001.jpeg,normal:im-0908,NORMAL,-13.864742279052734,9.519596085843086e-07,0.00024936175494568753
d:\Pneum Det\archive\chest_xray\chest_xray\train\NORMAL\NORMAL2-IM-0910-0001.jpeg,normal:im-0910,NORMAL,-9.904787063598633,4.993257326044445e-05,0.002659891568840433
d:\Pneum Det\archive\chest_xray\chest_xray\train\NORMAL\NORMAL2-IM-0911-0001.jpeg,normal:im-0911,NORMAL,-9.21504020690918,9.952121374316207e-05,0.004013471502449718
d:\Pneum Det\archive\chest_xray\chest_xray\train\NORMAL\NORMAL2-IM-0922-0001.jpeg,normal:im-0922,NORMAL,-7.962608337402344,0.00034812236362736436,0.008453799984670284
d:\Pneum Det\archive\chest_xray\chest_xray\train\NORMAL\NORMAL2-IM-0930-0001.jpeg,normal:im-0930,NORMAL,-11.906384468078613,6.747144259644105e-06,0.0008044730463463454
d:\Pneum Det\archive\chest_xray\chest_xray\train\NORMAL\NORMAL2-IM-0936-0001.jpeg,normal:im-0936,NORMAL,-13.299728393554688,1.674945268905554e-06,0.00034963726652648846
d:\Pneum Det\archive\chest_xray\chest_xray\train\NORMAL\NORMAL2-IM-0947-0001.jpeg,normal:im-0947,NORMAL,-11.656415939331055,8.66321547290648e-06,0.0009341465572556775
d:\Pneum Det\archive\chest_xray\chest_xray\train\NORMAL\NORMAL2-IM-0949-0001.jpeg,normal:im-0949,NORMAL,-10.722983360290527,2.2032203207394452e-05,0.0016318673056370224
d:\Pneum Det\archive\chest_xray\chest_xray\train\NORMAL\NORMAL2-IM-0956-0001.jpeg,normal:im-0956,NORMAL,-12.973977088928223,2.319916396684286e-06,0.0004248530730738545
d:\Pneum Det\archive\chest_xray\chest_xray\train\NORMAL\NORMAL2-IM-0960-0001.jpeg,normal:im-0960,NORMAL,-12.081584930419922,5.662808466920957e-06,0.0007244635384962411
d:\Pneum Det\archive\chest_xray\chest_xray\train\NORMAL\NORMAL2-IM-0966-0001.jpeg,normal:im-0966,NORMAL,-10.687984466552734,2.281694072258508e-05,0.0016663456205156379
d:\Pneum Det\archive\chest_xray\chest_xray\train\NORMAL\NORMAL2-IM-0979-0001.jpeg,normal:im-0979,NORMAL,-12.097649574279785,5.572564779721058e-06,0.0007175378046331018
d:\Pneum Det\archive\chest_xray\chest_xray\train\NORMAL\NORMAL2-IM-0986-0001.jpeg,normal:im-0986,NORMAL,-12.490965843200684,3.7604587363105206e-06,0.0005671502869315705
d:\Pneum Det\archive\chest_xray\chest_xray\train\NORMAL\NORMAL2-IM-0988-0001.jpeg,normal:im-0988,NORMAL,-14.440978050231934,5.350109701844067e-07,0.00017665004050625982
d:\Pneum Det\archive\chest_xray\chest_xray\train\NORMAL\NORMAL2-IM-0993-0001.jpeg,normal:im-0993,NORMAL,-10.940990447998047,1.771660602409829e-05,0.0014325755411805589
d:\Pneum Det\archive\chest_xray\chest_xray\train\NORMAL\NORMAL2-IM-0995-0001.jpeg,normal:im-0995,NORMAL,-11.092456817626953,1.522651800980717e-05,0.0013086078986155104
d:\Pneum Det\archive\chest_xray\chest_xray\train\NORMAL\NORMAL2-IM-0999-0001.jpeg,normal:im-0999,NORMAL,-11.195991516113281,1.3728930379194316e-05,0.0012300928205375074
d:\Pneum Det\archive\chest_xray\chest_xray\train\NORMAL\NORMAL2-IM-1018-0001.jpeg,normal:im-1018,NORMAL,-13.083944320678711,2.078328903351039e-06,0.0003978076055334686
d:\Pneum Det\archive\chest_xray\chest_xray\train\NORMAL\NORMAL2-IM-1019-0001.jpeg,normal:im-1019,NORMAL,-9.838983535766602,5.3328649035638834e-05,0.0027664196047128575
d:\Pneum Det\archive\chest_xray\chest_xray\train\NORMAL\NORMAL2-IM-1020-0001-0001.jpeg,normal:im-1020-0001,NORMAL,-11.415581703186035,1.102227067042067e-05,0.0010787933757924943
d:\Pneum Det\archive\chest_xray\chest_xray\train\NORMAL\NORMAL2-IM-1020-0001-0002.jpeg,normal:im-1020-0001,NORMAL,-13.665027618408203,1.162394122789498e-06,0.00028100652100398023
d:\Pneum Det\archive\chest_xray\chest_xray\train\NORMAL\NORMAL2-IM-1030-0001.jpeg,normal:im-1030,NORMAL,-9.1607666015625,0.00010507126976926586,0.004145403937874799
d:\Pneum Det\archive\chest_xray\chest_xray\train\NORMAL\NORMAL2-IM-1043-0001.jpeg,normal:im-1043,NORMAL,-10.551332473754883,2.6157917730147803e-05,0.0018080710323848562
d:\Pneum Det\archive\chest_xray\chest_xray\train\NORMAL\NORMAL2-IM-1048-0001.jpeg,normal:im-1048,NORMAL,-4.128853797912598,0.015846179161746958,0.07794401004152482
d:\Pneum Det\archive\chest_xray\chest_xray\train\NORMAL\NORMAL2-IM-1058-0001.jpeg,normal:im-1058,NORMAL,-9.418784141540527,8.11780779758405e-05,0.0035544539643992536
d:\Pneum Det\archive\chest_xray\chest_xray\train\NORMAL\NORMAL2-IM-1060-0001.jpeg,normal:im-1060,NORMAL,-10.850032806396484,1.9403594798294775e-05,0.0015125860826085862
d:\Pneum Det\archive\chest_xray\chest_xray\train\NORMAL\NORMAL2-IM-1067-0001.jpeg,normal:im-1067,NORMAL,-9.172966957092285,0.0001037972833268919,0.004115375020753663
d:\Pneum Det\archive\chest_xray\chest_xray\train\NORMAL\NORMAL2-IM-1084-0001.jpeg,normal:im-1084,NORMAL,-7.382487773895264,0.0006216647286965073,0.011920328321690979
d:\Pneum Det\archive\chest_xray\chest_xray\train\NORMAL\NORMAL2-IM-1096-0001-0001.jpeg,normal:im-1096-0001,NORMAL,-15.058723449707031,2.8845586657899865e-07,0.00012206820528036668
d:\Pneum Det\archive\chest_xray\chest_xray\train\NORMAL\NORMAL2-IM-1096-0001-0003.jpeg,normal:im-1096-0001,NORMAL,-11.578060150146484,9.369324842727508e-06,0.0009789444287460767
d:\Pneum Det\archive\chest_xray\chest_xray\train\NORMAL\NORMAL2-IM-1102-0001.jpeg,normal:im-1102,NORMAL,-13.12200927734375,2.000704322697016e-06,0.0003888525457128798
d:\Pneum Det\archive\chest_xray\chest_xray\train\NORMAL\NORMAL2-IM-1108-0001.jpeg,normal:im-1108,NORMAL,-14.150077819824219,7.156471952618735e-07,0.0002102306599244997
d:\Pneum Det\archive\chest_xray\chest_xray\train\NORMAL\NORMAL2-IM-1110-0001.jpeg,normal:im-1110,NORMAL,-9.155193328857422,0.00010565843342830374,0.004159194026031258
d:\Pneum Det\archive\chest_xray\chest_xray\train\NORMAL\NORMAL2-IM-1122-0001.jpeg,normal:im-1122,NORMAL,-11.244796752929688,1.3074983264204973e-05,0.0011947310007462267
d:\Pneum Det\archive\chest_xray\chest_xray\train\NORMAL\NORMAL2-IM-1125-0001.jpeg,normal:im-1125,NORMAL,-7.823437690734863,0.0004000832713846033,0.009181208252518513
d:\Pneum Det\archive\chest_xray\chest_xray\train\NORMAL\NORMAL2-IM-1131-0001.jpeg,normal:im-1131,NORMAL,-12.815162658691406,2.7192202870727497e-06,0.00046718816660791616
d:\Pneum Det\archive\chest_xray\chest_xray\train\NORMAL\NORMAL2-IM-1135-0001.jpeg,normal:im-1135,NORMAL,-10.265005111694336,3.4829705046194714e-05,0.002145246993139448
d:\Pneum Det\archive\chest_xray\chest_xray\train\NORMAL\NORMAL2-IM-1148-0001.jpeg,normal:im-1148,NORMAL,-13.04185676574707,2.1676673263497787e-06,0.0004079491791377517
d:\Pneum Det\archive\chest_xray\chest_xray\train\NORMAL\NORMAL2-IM-1156-0001.jpeg,normal:im-1156,NORMAL,-8.342857360839844,0.00023803438413824373,0.00674502542961815
d:\Pneum Det\archive\chest_xray\chest_xray\train\NORMAL\NORMAL2-IM-1158-0001.jpeg,normal:im-1158,NORMAL,-10.748954772949219,2.1467374498047854e-05,0.0016067433855793724
d:\Pneum Det\archive\chest_xray\chest_xray\train\NORMAL\NORMAL2-IM-1164-0001.jpeg,normal:im-1164,NORMAL,-10.655832290649414,2.3562458515204306e-05,0.0016986600980739449
d:\Pneum Det\archive\chest_xray\chest_xray\train\NORMAL\NORMAL2-IM-1171-0001.jpeg,normal:im-1171,NORMAL,-10.928300857543945,1.7942850906453312e-05,0.0014434789745421917
d:\Pneum Det\archive\chest_xray\chest_xray\train\NORMAL\NORMAL2-IM-1180-0001.jpeg,normal:im-1180,NORMAL,-9.853785514831543,5.254513405825942e-05,0.00274209201740102
d:\Pneum Det\archive\chest_xray\chest_xray\train\NORMAL\NORMAL2-IM-1188-0001.jpeg,normal:im-1188,NORMAL,-10.455384254455566,2.8791998281670425e-05,0.001914711601067986
d:\Pneum Det\archive\chest_xray\chest_xray\train\NORMAL\NORMAL2-IM-1192-0001.jpeg,normal:im-1192,NORMAL,-10.771842956542969,2.0981615870851802e-05,0.001584922419386674
d:\Pneum Det\archive\chest_xray\chest_xray\train\NORMAL\NORMAL2-IM-1194-0001.jpeg,normal:im-1194,NORMAL,-10.247064590454102,3.546018460704107e-05,0.002168350528666568
d:\Pneum Det\archive\chest_xray\chest_xray\train\NORMAL\NORMAL2-IM-1201-0001.jpeg,normal:im-1201,NORMAL,-14.121712684631348,7.362372490789398e-07,0.0002138286048385185
d:\Pneum Det\archive\chest_xray\chest_xray\train\NORMAL\NORMAL2-IM-1202-0001.jpeg,normal:im-1202,NORMAL,-11.104536056518555,1.5043702387824069e-05,0.0012991956903725223
d:\Pneum Det\archive\chest_xray\chest_xray\train\NORMAL\NORMAL2-IM-1205-0001.jpeg,normal:im-1205,NORMAL,-12.502660751342773,3.716736840373476e-06,0.0005631974653884876
d:\Pneum Det\archive\chest_xray\chest_xray\train\NORMAL\NORMAL2-IM-1220-0001.jpeg,normal:im-1220,NORMAL,-11.644468307495117,8.767340258116124e-06,0.0009408425814143719
d:\Pneum Det\archive\chest_xray\chest_xray\train\NORMAL\NORMAL2-IM-1228-0001.jpeg,normal:im-1228,NORMAL,-12.232919692993164,4.867526961975322e-06,0.0006617837015223242
d:\Pneum Det\archive\chest_xray\chest_xray\train\NORMAL\NORMAL2-IM-1231-0001.jpeg,normal:im-1231,NORMAL,-11.300592422485352,1.236544352796088e-05,0.0011555464934547596
d:\Pneum Det\archive\chest_xray\chest_xray\train\NORMAL\NORMAL2-IM-1243-0001.jpeg,normal:im-1243,NORMAL,-10.831615447998047,1.976426176653826e-05,0.001529322158519903
d:\Pneum Det\archive\chest_xray\chest_xray\train\NORMAL\NORMAL2-IM-1254-0001.jpeg,normal:im-1254,NORMAL,-10.102697372436523,4.096721929292317e-05,0.002363532430944203
d:\Pneum Det\archive\chest_xray\chest_xray\train\NORMAL\NORMAL2-IM-1257-0001.jpeg,normal:im-1257,NORMAL,-10.332645416259766,3.255179748415017e-05,0.0020603282666669842
d:\Pneum Det\archive\chest_xray\chest_xray\train\NORMAL\NORMAL2-IM-1266-0001.jpeg,normal:im-1266,NORMAL,-10.099708557128906,4.108984086921484e-05,0.0023677532345045722
d:\Pneum Det\archive\chest_xray\chest_xray\train\NORMAL\NORMAL2-IM-1267-0001.jpeg,normal:im-1267,NORMAL,-12.705345153808594,3.0348511210847477e-06,0.0004989035293124843
d:\Pneum Det\archive\chest_xray\chest_xray\train\NORMAL\NORMAL2-IM-1270-0001.jpeg,normal:im-1270,NORMAL,-8.221478462219238,0.0002687450913511737,0.007249465380762531
d:\Pneum Det\archive\chest_xray\chest_xray\train\NORMAL\NORMAL2-IM-1282-0001.jpeg,normal:im-1282,NORMAL,-12.084548950195312,5.646048735765238e-06,0.0007231806941327801
d:\Pneum Det\archive\chest_xray\chest_xray\train\NORMAL\NORMAL2-IM-1286-0001.jpeg,normal:im-1286,NORMAL,-12.465761184692383,3.856444005679144e-06,0.0005757638644512103
d:\Pneum Det\archive\chest_xray\chest_xray\train\NORMAL\NORMAL2-IM-1290-0001.jpeg,normal:im-1290,NORMAL,-11.649543762207031,8.722955140456436e-06,0.0009379922152647424
d:\Pneum Det\archive\chest_xray\chest_xray\train\NORMAL\NORMAL2-IM-1295-0001.jpeg,normal:im-1295,NORMAL,-9.52686595916748,7.28623273483714e-05,0.0033325917480094827
d:\Pneum Det\archive\chest_xray\chest_xray\train\NORMAL\NORMAL2-IM-1300-0001.jpeg,normal:im-1300,NORMAL,-12.452868461608887,3.906485770237631e-06,0.0005802203131490011
d:\Pneum Det\archive\chest_xray\chest_xray\train\NORMAL\NORMAL2-IM-1305-0001.jpeg,normal:im-1305,NORMAL,-9.448694229125977,7.878617517727338e-05,0.003491624040812644
d:\Pneum Det\archive\chest_xray\chest_xray\train\NORMAL\NORMAL2-IM-1308-0001.jpeg,normal:im-1308,NORMAL,-13.771187782287598,1.045318611524166e-06,0.00026371560444207206
d:\Pneum Det\archive\chest_xray\chest_xray\train\NORMAL\NORMAL2-IM-1310-0001.jpeg,normal:im-1310,NORMAL,-11.671902656555176,8.530085383882684e-06,0.0009255378662873908
d:\Pneum Det\archive\chest_xray\chest_xray\train\NORMAL\NORMAL2-IM-1315-0001.jpeg,normal:im-1315,NORMAL,-9.844650268554688,5.302732043709435e-05,0.002757080800985602
d:\Pneum Det\archive\chest_xray\chest_xray\train\NORMAL\NORMAL2-IM-1319-0001.jpeg,normal:im-1319,NORMAL,-13.130220413208008,1.984343562414663e-06,0.0003869473955125392
d:\Pneum Det\archive\chest_xray\chest_xray\train\NORMAL\NORMAL2-IM-1329-0001.jpeg,normal:im-1329,NORMAL,-13.076400756835938,2.0940661601619185e-06,0.0003996066099303995
d:\Pneum Det\archive\chest_xray\chest_xray\train\NORMAL\NORMAL2-IM-1334-0001.jpeg,normal:im-1334,NORMAL,-10.0952730178833,4.1272493731352515e-05,0.002374030965164594
d:\Pneum Det\archive\chest_xray\chest_xray\train\NORMAL\NORMAL2-IM-1341-0001.jpeg,normal:im-1341,NORMAL,-8.661394119262695,0.00017311278369064502,0.005581017479664343
d:\Pneum Det\archive\chest_xray\chest_xray\train\NORMAL\NORMAL2-IM-1343-0001.jpeg,normal:im-1343,NORMAL,-11.34152889251709,1.1869472832747834e-05,0.0011276162220251746
d:\Pneum Det\archive\chest_xray\chest_xray\train\NORMAL\NORMAL2-IM-1349-0001.jpeg,normal:im-1349,NORMAL,-12.265352249145508,4.7121939040357764e-06,0.0006490725901417488
d:\Pneum Det\archive\chest_xray\chest_xray\train\NORMAL\NORMAL2-IM-1371-0001.jpeg,normal:im-1371,NORMAL,-9.292295455932617,9.212284655097039e-05,0.0038328554191755905
d:\Pneum Det\archive\chest_xray\chest_xray\train\NORMAL\NORMAL2-IM-1396-0001.jpeg,normal:im-1396,NORMAL,-3.9777119159698486,0.018384136358202793,0.0846969806857274
d:\Pneum Det\archive\chest_xray\chest_xray\train\NORMAL\NORMAL2-IM-1400-0001.jpeg,normal:im-1400,NORMAL,3.130821704864502,0.9581463572890266,0.8668529006691846
d:\Pneum Det\archive\chest_xray\chest_xray\train\PNEUMONIA\person1006_bacteria_2937.jpeg,person1006,PNEUMONIA,1.2607078552246094,0.7791479370472121,0.6801322903759827
d:\Pneum Det\archive\chest_xray\chest_xray\train\PNEUMONIA\person1014_bacteria_2945.jpeg,person1014,PNEUMONIA,5.962905406951904,0.997434173246089,0.9725637714511551
d:\Pneum Det\archive\chest_xray\chest_xray\train\PNEUMONIA\person1016_bacteria_2947.jpeg,person1016,PNEUMONIA,8.25013542175293,0.9997388450401237,0.9928729080404319
d:\Pneum Det\archive\chest_xray\chest_xray\train\PNEUMONIA\person1016_virus_1704.jpeg,person1016,PNEUMONIA,9.524738311767578,0.9999269824936052,0.996663176869582
d:\Pneum Det\archive\chest_xray\chest_xray\train\PNEUMONIA\person1018_bacteria_2949.jpeg,person1018,PNEUMONIA,9.350714683532715,0.9999131042629793,0.9962983266862384
d:\Pneum Det\archive\chest_xray\chest_xray\train\PNEUMONIA\person1018_virus_1706.jpeg,person1018,PNEUMONIA,9.513504028320312,0.9999261576301149,0.9966407456253492
d:\Pneum Det\archive\chest_xray\chest_xray\train\PNEUMONIA\person101_virus_187.jpeg,person101,PNEUMONIA,10.36862564086914,0.9999685985674284,0.9979834675368531
d:\Pneum Det\archive\chest_xray\chest_xray\train\PNEUMONIA\person101_virus_188.jpeg,person101,PNEUMONIA,3.8663837909698486,0.979495309642899,0.9099937751923161
d:\Pneum Det\archive\chest_xray\chest_xray\train\PNEUMONIA\person1033_bacteria_2966.jpeg,person1033,PNEUMONIA,4.491402626037598,0.9889192424876173,0.9362883723279932
d:\Pneum Det\archive\chest_xray\chest_xray\train\PNEUMONIA\person1037_bacteria_2971.jpeg,person1037,PNEUMONIA,8.075212478637695,0.9996889396419814,0.9920926935042338
d:\Pneum Det\archive\chest_xray\chest_xray\train\PNEUMONIA\person103_virus_190.jpeg,person103,PNEUMONIA,9.855224609375,0.9999475304250085,0.9972602617768185
d:\Pneum Det\archive\chest_xray\chest_xray\train\PNEUMONIA\person1041_bacteria_2975.jpeg,person1041,PNEUMONIA,8.981205940246582,0.999874264703649,0.9953865530924445
d:\Pneum Det\archive\chest_xray\chest_xray\train\PNEUMONIA\person1041_virus_1736.jpeg,person1041,PNEUMONIA,6.205200672149658,0.9979851641290683,0.9761784657011399
d:\Pneum Det\archive\chest_xray\chest_xray\train\PNEUMONIA\person1045_bacteria_2979.jpeg,person1045,PNEUMONIA,9.147392272949219,0.9998935141839629,0.9958214268707885
d:\Pneum Det\archive\chest_xray\chest_xray\train\PNEUMONIA\person1045_virus_1741.jpeg,person1045,PNEUMONIA,4.919068336486816,0.9927470551891564,0.9499535816176113
d:\Pneum Det\archive\chest_xray\chest_xray\train\PNEUMONIA\person1048_bacteria_2982.jpeg,person1048,PNEUMONIA,8.581657409667969,0.9998125212225741,0.9941478384304063
d:\Pneum Det\archive\chest_xray\chest_xray\train\PNEUMONIA\person1048_virus_1744.jpeg,person1048,PNEUMONIA,4.917139053344727,0.9927331504811661,0.9498986689473797
d:\Pneum Det\archive\chest_xray\chest_xray\train\PNEUMONIA\person1055_bacteria_2989.jpeg,person1055,PNEUMONIA,8.578102111816406,0.9998118536190257,0.9941354483106021
d:\Pneum Det\archive\chest_xray\chest_xray\train\PNEUMONIA\person1065_bacteria_2999.jpeg,person1065,PNEUMONIA,6.443071365356445,0.9984110178282762,0.9792733810499604
d:\Pneum Det\archive\chest_xray\chest_xray\train\PNEUMONIA\person1065_virus_1768.jpeg,person1065,PNEUMONIA,0.8227069973945618,0.6948106581943785,0.6206456908712956
d:\Pneum Det\archive\chest_xray\chest_xray\train\PNEUMONIA\person1069_bacteria_3003.jpeg,person1069,PNEUMONIA,5.712627410888672,0.9967069001197141,0.9682719074828514
d:\Pneum Det\archive\chest_xray\chest_xray\train\PNEUMONIA\person1069_virus_1772.jpeg,person1069,PNEUMONIA,8.718500137329102,0.9998364944553946,0.9946054584143177
d:\Pneum Det\archive\chest_xray\chest_xray\train\PNEUMONIA\person1071_bacteria_3005.jpeg,person1071,PNEUMONIA,7.119967460632324,0.999191860549275,0.9860802871704296
d:\Pneum Det\archive\chest_xray\chest_xray\train\PNEUMONIA\person1071_virus_1774.jpeg,person1071,PNEUMONIA,9.420948028564453,0.9999189973780829,0.9964501291163748
d:\Pneum Det\archive\chest_xray\chest_xray\train\PNEUMONIA\person1073_bacteria_3008.jpeg,person1073,PNEUMONIA,9.869165420532227,0.9999482567808379,0.997282959430203
d:\Pneum Det\archive\chest_xray\chest_xray\train\PNEUMONIA\person1073_bacteria_3011.jpeg,person1073,PNEUMONIA,8.401019096374512,0.9997754121715903,0.9934841785294428
d:\Pneum Det\archive\chest_xray\chest_xray\train\PNEUMONIA\person1073_virus_1776.jpeg,person1073,PNEUMONIA,7.71962308883667,0.9995561691418466,0.9902361095634462
d:\Pneum Det\archive\chest_xray\chest_xray\train\PNEUMONIA\person1081_bacteria_3021.jpeg,person1081,PNEUMONIA,10.453261375427246,0.9999711468166312,0.9980828592917138
d:\Pneum Det\archive\chest_xray\chest_xray\train\PNEUMONIA\person1081_virus_1793.jpeg,person1081,PNEUMONIA,7.3229169845581055,0.999340202112042,0.9876524387609305
d:\Pneum Det\archive\chest_xray\chest_xray\train\PNEUMONIA\person1089_bacteria_3029.jpeg,person1089,PNEUMONIA,8.267319679260254,0.9997432933125737,0.9929453037988387
d:\Pneum Det\archive\chest_xray\chest_xray\train\PNEUMONIA\person1089_virus_1808.jpeg,person1089,PNEUMONIA,9.47026252746582,0.9999228947846454,0.9965529949633244
d:\Pneum Det\archive\chest_xray\chest_xray\train\PNEUMONIA\person1091_bacteria_3031.jpeg,person1091,PNEUMONIA,7.773897171020508,0.9995796057740179,0.9905451620143693
d:\Pneum Det\archive\chest_xray\chest_xray\train\PNEUMONIA\person1091_virus_1810.jpeg,person1091,PNEUMONIA,10.823715209960938,0.9999800789805752,0.9984634422529592
d:\Pneum Det\archive\chest_xray\chest_xray\train\PNEUMONIA\person1094_virus_1814.jpeg,person1094,PNEUMONIA,10.567838668823242,0.999974270295049,0.9982096674659453
d:\Pneum Det\archive\chest_xray\chest_xray\train\PNEUMONIA\person1100_bacteria_3041.jpeg,person1100,PNEUMONIA,8.272378921508789,0.9997445884432263,0.9929664784746657
d:\Pneum Det\archive\chest_xray\chest_xray\train\PNEUMONIA\person1100_virus_1820.jpeg,person1100,PNEUMONIA,10.657482147216797,0.9999764763831969,0.9983030132115265
d:\Pneum Det\archive\chest_xray\chest_xray\train\PNEUMONIA\person1105_bacteria_3046.jpeg,person1105,PNEUMONIA,7.339312553405762,0.9993509247104493,0.9877715111708124
d:\Pneum Det\archive\chest_xray\chest_xray\train\PNEUMONIA\person1112_bacteria_3053.jpeg,person1112,PNEUMONIA,9.286837577819824,0.9999073730302834,0.996154654708146
d:\Pneum Det\archive\chest_xray\chest_xray\train\PNEUMONIA\person1112_virus_1837.jpeg,person1112,PNEUMONIA,0.31328168511390686,0.5776860804669502,0.546728453016452
d:\Pneum Det\archive\chest_xray\chest_xray\train\PNEUMONIA\person1118_bacteria_3059.jpeg,person1118,PNEUMONIA,4.158031463623047,0.9846024790146192,0.9233015559569964
d:\Pneum Det\archive\chest_xray\chest_xray\train\PNEUMONIA\person1119_virus_1844.jpeg,person1119,PNEUMONIA,5.410603046417236,0.9955509381922638,0.9622244520114478
d:\Pneum Det\archive\chest_xray\chest_xray\train\PNEUMONIA\person1127_bacteria_3068.jpeg,person1127,PNEUMONIA,8.702631950378418,0.9998338796586758,0.9945542726223127
d:\Pneum Det\archive\chest_xray\chest_xray\train\PNEUMONIA\person1127_virus_1854.jpeg,person1127,PNEUMONIA,8.71088981628418,0.9998352455845899,0.9945809698962925
d:\Pneum Det\archive\chest_xray\chest_xray\train\PNEUMONIA\person1132_virus_1863.jpeg,person1132,PNEUMONIA,9.998048782348633,0.9999545134677313,0.9974841166329991
d:\Pneum Det\archive\chest_xray\chest_xray\train\PNEUMONIA\person1135_bacteria_3077.jpeg,person1135,PNEUMONIA,8.871198654174805,0.9998596454755194,0.9950741967178346
d:\Pneum Det\archive\chest_xray\chest_xray\train\PNEUMONIA\person114_virus_217.jpeg,person114,PNEUMONIA,9.870146751403809,0.9999483075305264,0.9972845500953875
d:\Pneum Det\archive\chest_xray\chest_xray\train\PNEUMONIA\person1152_virus_1930.jpeg,person1152,PNEUMONIA,8.159372329711914,0.9997140399181076,0.9924781191081463
d:\Pneum Det\archive\chest_xray\chest_xray\train\PNEUMONIA\person1153_virus_1932.jpeg,person1153,PNEUMONIA,7.717604637145996,0.9995552727847875,0.9902244249919125
d:\Pneum Det\archive\chest_xray\chest_xray\train\PNEUMONIA\person1154_bacteria_3099.jpeg,person1154,PNEUMONIA,5.63908576965332,0.9964564831326642,0.966891772679976
d:\Pneum Det\archive\chest_xray\chest_xray\train\PNEUMONIA\person1154_virus_1933.jpeg,person1154,PNEUMONIA,6.087233543395996,0.9977334641078414,0.9744806212282716
d:\Pneum Det\archive\chest_xray\chest_xray\train\PNEUMONIA\person116_virus_221.jpeg,person116,PNEUMONIA,9.146171569824219,0.9998933841308912,0.9958183863188157
d:\Pneum Det\archive\chest_xray\chest_xray\train\PNEUMONIA\person1171_bacteria_3118.jpeg,person1171,PNEUMONIA,7.492504596710205,0.9994430648137648,0.9888306512098933
d:\Pneum Det\archive\chest_xray\chest_xray\train\PNEUMONIA\person1173_virus_1978.jpeg,person1173,PNEUMONIA,-4.316350936889648,0.013172668885595701,0.07025300884003982
d:\Pneum Det\archive\chest_xray\chest_xray\train\PNEUMONIA\person117_virus_223.jpeg,person117,PNEUMONIA,8.55813217163086,0.9998080593082413,0.994065367433165
d:\Pneum Det\archive\chest_xray\chest_xray\train\PNEUMONIA\person1187_bacteria_3136.jpeg,person1187,PNEUMONIA,6.349313735961914,0.9982551037075579,0.9781035181624247
d:\Pneum Det\archive\chest_xray\chest_xray\train\PNEUMONIA\person1187_virus_2023.jpeg,person1187,PNEUMONIA,3.0471200942993164,0.954658029798448,0.8609651695802065
d:\Pneum Det\archive\chest_xray\chest_xray\train\PNEUMONIA\person118_virus_224.jpeg,person118,PNEUMONIA,4.685404300689697,0.9908553930353937,0.9428723551485685
d:\Pneum Det\archive\chest_xray\chest_xray\train\PNEUMONIA\person1190_virus_2031.jpeg,person1190,PNEUMONIA,2.3237435817718506,0.9108244745525015,0.8006683814161024
d:\Pneum Det\archive\chest_xray\chest_xray\train\PNEUMONIA\person1194_bacteria_3143.jpeg,person1194,PNEUMONIA,7.88313102722168,0.9996230914627849,0.9911380941829073
d:\Pneum Det\archive\chest_xray\chest_xray\train\PNEUMONIA\person11_bacteria_45.jpeg,person11,PNEUMONIA,6.319352626800537,0.998202129043105,0.9777162431208242
d:\Pneum Det\archive\chest_xray\chest_xray\train\PNEUMONIA\person1200_virus_2042.jpeg,person1200,PNEUMONIA,7.602350234985352,0.9995009725167241,0.9895337593865483
d:\Pneum Det\archive\chest_xray\chest_xray\train\PNEUMONIA\person1208_bacteria_3160.jpeg,person1208,PNEUMONIA,1.7911354303359985,0.857066427185756,0.7449345156474383
d:\Pneum Det\archive\chest_xray\chest_xray\train\PNEUMONIA\person1216_bacteria_3168.jpeg,person1216,PNEUMONIA,5.598456859588623,0.9963100914066549,0.9661046168427504
d:\Pneum Det\archive\chest_xray\chest_xray\train\PNEUMONIA\person1216_virus_2062.jpeg,person1216,PNEUMONIA,7.741945743560791,0.9995659626098574,0.9903644141198452
d:\Pneum Det\archive\chest_xray\chest_xray\train\PNEUMONIA\person1218_bacteria_3171.jpeg,person1218,PNEUMONIA,8.5279541015625,0.9998021797843157,0.9939578804173389
d:\Pneum Det\archive\chest_xray\chest_xray\train\PNEUMONIA\person1218_virus_2066.jpeg,person1218,PNEUMONIA,11.009881973266602,0.9999834628056444,0.9986251995593126
d:\Pneum Det\archive\chest_xray\chest_xray\train\PNEUMONIA\person1229_virus_2080.jpeg,person1229,PNEUMONIA,5.266992092132568,0.9948673743848603,0.95897376957201
d:\Pneum Det\archive\chest_xray\chest_xray\train\PNEUMONIA\person1232_virus_2089.jpeg,person1232,PNEUMONIA,8.158439636230469,0.9997137731569598,0.9924739515534244
d:\Pneum Det\archive\chest_xray\chest_xray\train\PNEUMONIA\person1233_bacteria_3188.jpeg,person1233,PNEUMONIA,7.5950541496276855,0.9994973200918418,0.9894884471683587
d:\Pneum Det\archive\chest_xray\chest_xray\train\PNEUMONIA\person1233_virus_2090.jpeg,person1233,PNEUMONIA,8.094426155090332,0.9996948573983586,0.9921823768909352
d:\Pneum Det\archive\chest_xray\chest_xray\train\PNEUMONIA\person123_virus_230.jpeg,person123,PNEUMONIA,9.546313285827637,0.9999285408605271,0.9967058373481169
d:\Pneum Det\archive\chest_xray\chest_xray\train\PNEUMONIA\person1244_bacteria_3200.jpeg,person1244,PNEUMONIA,6.519875526428223,0.9985283164978499,0.9801859293600292
d:\Pneum Det\archive\chest_xray\chest_xray\train\PNEUMONIA\person1244_virus_2111.jpeg,person1244,PNEUMONIA,4.820313453674316,0.9920002530597476,0.9470683311965774
d:\Pneum Det\archive\chest_xray\chest_xray\train\PNEUMONIA\person1247_bacteria_3203.jpeg,person1247,PNEUMONIA,8.931363105773926,0.9998678397391922,0.9952475490402137
d:\Pneum Det\archive\chest_xray\chest_xray\train\PNEUMONIA\person1247_virus_2115.jpeg,person1247,PNEUMONIA,5.799393653869629,0.9969797584445899,0.9698287336210386
d:\Pneum Det\archive\chest_xray\chest_xray\train\PNEUMONIA\person1252_bacteria_3209.jpeg,person1252,PNEUMONIA,8.754484176635742,0.999842272534555,0.9947197656105858
d:\Pneum Det\archive\chest_xray\chest_xray\train\PNEUMONIA\person1252_virus_2124.jpeg,person1252,PNEUMONIA,-5.620395660400391,0.0036101270272144528,0.033468117785057296
d:\Pneum Det\archive\chest_xray\chest_xray\train\PNEUMONIA\person1260_bacteria_3218.jpeg,person1260,PNEUMONIA,8.551298141479492,0.9998067433417112,0.9940411939628083
d:\Pneum Det\archive\chest_xray\chest_xray\train\PNEUMONIA\person1260_virus_2140.jpeg,person1260,PNEUMONIA,6.793951034545898,0.9988807214353987,0.9831324252768027
d:\Pneum Det\archive\chest_xray\chest_xray\train\PNEUMONIA\person1268_bacteria_3227.jpeg,person1268,PNEUMONIA,5.831107139587402,0.9970737620799833,0.9703790853547637
d:\Pneum Det\archive\chest_xray\chest_xray\train\PNEUMONIA\person1268_bacteria_3228.jpeg,person1268,PNEUMONIA,8.21339225769043,0.9997290735621106,0.9927156284428323
d:\Pneum Det\archive\chest_xray\chest_xray\train\PNEUMONIA\person1268_virus_2161.jpeg,person1268,PNEUMONIA,1.6106804609298706,0.8335058380426178,0.7238811279634135
d:\Pneum Det\archive\chest_xray\chest_xray\train\PNEUMONIA\person1269_bacteria_3229.jpeg,person1269,PNEUMONIA,6.987363338470459,0.9990773738012111,0.9849480947601209
d:\Pneum Det\archive\chest_xray\chest_xray\train\PNEUMONIA\person1269_virus_2162.jpeg,person1269,PNEUMONIA,-0.9981338381767273,0.2693084892242608,0.3549705123430085
d:\Pneum Det\archive\chest_xray\chest_xray\train\PNEUMONIA\person1272_bacteria_3232.jpeg,person1272,PNEUMONIA,0.5258743762969971,0.6285203628045559,0.5780251458071212
d:\Pneum Det\archive\chest_xray\chest_xray\train\PNEUMONIA\person1272_virus_2190.jpeg,person1272,PNEUMONIA,7.071086883544922,0.9991514112077226,0.9856730551465984
d:\Pneum Det\archive\chest_xray\chest_xray\train\PNEUMONIA\person1276_bacteria_3239.jpeg,person1276,PNEUMONIA,11.444680213928223,0.9999892938361343,0.9989398081468897
d:\Pneum Det\archive\chest_xray\chest_xray\train\PNEUMONIA\person1276_virus_2198.jpeg,person1276,PNEUMONIA,4.133345603942871,0.9842237187762921,0.9222489396065526
d:\Pneum Det\archive\chest_xray\chest_xray\train\PNEUMONIA\person1285_virus_2208.jpeg,person1285,PNEUMONIA,4.609389305114746,0.9901402843511468,0.9403723805482865
d:\Pneum Det\archive\chest_xray\chest_xray\train\PNEUMONIA\person128_virus_261.jpeg,person128,PNEUMONIA,8.047070503234863,0.9996800642904895,0.9919594903578247
d:\Pneum Det\archive\chest_xray\chest_xray\train\PNEUMONIA\person1290_bacteria_3253.jpeg,person1290,PNEUMONIA,8.972606658935547,0.9998731789459108,0.9953628632290069
d:\Pneum Det\archive\chest_xray\chest_xray\train\PNEUMONIA\person1290_virus_2215.jpeg,person1290,PNEUMONIA,3.5769898891448975,0.9728007501681573,0.894767525220367
d:\Pneum Det\archive\chest_xray\chest_xray\train\PNEUMONIA\person1290_virus_2216.jpeg,person1290,PNEUMONIA,6.48145866394043,0.9984707671388663,0.9797345092416383
d:\Pneum Det\archive\chest_xray\chest_xray\train\PNEUMONIA\person1292_bacteria_3255.jpeg,person1292,PNEUMONIA,12.308334350585938,0.9999954860540999,0.9993673979839941
d:\Pneum Det\archive\chest_xray\chest_xray\train\PNEUMONIA\person1292_virus_2218.jpeg,person1292,PNEUMONIA,1.4678277969360352,0.812726997326156,0.7064730989066224
d:\Pneum Det\archive\chest_xray\chest_xray\train\PNEUMONIA\person1293_virus_2219.jpeg,person1293,PNEUMONIA,10.326169967651367,0.9999672367380054,0.9979316895009641
d:\Pneum Det\archive\chest_xray\chest_xray\train\PNEUMONIA\person1294_bacteria_3257.jpeg,person1294,PNEUMONIA,8.704453468322754,0.9998341819243085,0.9945601727221217
d:\Pneum Det\archive\chest_xray\chest_xray\train\PNEUMONIA\person1294_virus_2221.jpeg,person1294,PNEUMONIA,9.911460876464844,0.9999503995413923,0.9973506813419947
d:\Pneum Det\archive\chest_xray\chest_xray\train\PNEUMONIA\person1294_virus_2222.jpeg,person1294,PNEUMONIA,6.6361212730407715,0.9986896126778042,0.9814926913120987
d:\Pneum Det\archive\chest_xray\chest_xray\train\PNEUMONIA\person1300_bacteria_3264.jpeg,person1300,PNEUMONIA,5.855898857116699,0.9971452120952853,0.9708025276399423
d:\Pneum Det\archive\chest_xray\chest_xray\train\PNEUMONIA\person1300_virus_2240.jpeg,person1300,PNEUMONIA,-4.930237770080566,0.007172962128458399,0.04972962475085911
d:\Pneum Det\archive\chest_xray\chest_xray\train\PNEUMONIA\person1301_virus_2241.jpeg,person1301,PNEUMONIA,9.237789154052734,0.9999027170136552,0.9960405767384264
d:\Pneum Det\archive\chest_xray\chest_xray\train\PNEUMONIA\person1311_bacteria_3312.jpeg,person1311,PNEUMONIA,9.128475189208984,0.9998914808295339,0.9957740595372819
d:\Pneum Det\archive\chest_xray\chest_xray\train\PNEUMONIA\person1311_virus_2257.jpeg,person1311,PNEUMONIA,12.627995491027832,0.9999967210875803,0.9994774746757074
d:\Pneum Det\archive\chest_xray\chest_xray\train\PNEUMONIA\person1311_virus_2259.jpeg,person1311,PNEUMONIA,8.257966995239258,0.9997408817785771,0.9929059927951261
d:\Pneum Det\archive\chest_xray\chest_xray\train\PNEUMONIA\person1312_bacteria_3313.jpeg,person1312,PNEUMONIA,8.129711151123047,0.9997054334962026,0.9923444556581471
d:\Pneum Det\archive\chest_xray\chest_xray\train\PNEUMONIA\person1312_bacteria_3314.jpeg,person1312,PNEUMONIA,6.723935127258301,0.9987996429266639,0.9824234141834066
d:\Pneum Det\archive\chest_xray\chest_xray\train\PNEUMONIA\person1312_bacteria_3316.jpeg,person1312,PNEUMONIA,7.472120761871338,0.999431602364178,0.9886951313221884
d:\Pneum Det\archive\chest_xray\chest_xray\train\PNEUMONIA\person1312_bacteria_3317.jpeg,person1312,PNEUMONIA,8.292013168334961,0.9997495531026652,0.9930480585754898
d:\Pneum Det\archive\chest_xray\chest_xray\train\PNEUMONIA\person1312_bacteria_3318.jpeg,person1312,PNEUMONIA,8.292013168334961,0.9997495531026652,0.9930480585754898
d:\Pneum Det\archive\chest_xray\chest_xray\train\PNEUMONIA\person1312_bacteria_3319.jpeg,person1312,PNEUMONIA,8.296936988830566,0.9997507829207216,0.9930683692078007
d:\Pneum Det\archive\chest_xray\chest_xray\train\PNEUMONIA\person1312_virus_2261.jpeg,person1312,PNEUMONIA,4.006898403167725,0.9821352302209662,0.9166471475118274
d:\Pneum Det\archive\chest_xray\chest_xray\train\PNEUMONIA\person1319_virus_2276.jpeg,person1319,PNEUMONIA,10.954212188720703,0.999982516092522,0.9985786976590423
d:\Pneum Det\archive\chest_xray\chest_xray\train\PNEUMONIA\person1324_virus_2284.jpeg,person1324,PNEUMONIA,2.3831441402435303,0.915532896099561,0.8062805810139424
d:\Pneum Det\archive\chest_xray\chest_xray\train\PNEUMONIA\person1324_virus_2285.jpeg,person1324,PNEUMONIA,8.464327812194824,0.9997891869102231,0.9937248775516846
d:\Pneum Det\archive\chest_xray\chest_xray\train\PNEUMONIA\person1325_bacteria_3366.jpeg,person1325,PNEUMONIA,13.13730525970459,0.9999980296654949,0.9996146889324578
d:\Pneum Det\archive\chest_xray\chest_xray\train\PNEUMONIA\person1325_virus_2287.jpeg,person1325,PNEUMONIA,10.587716102600098,0.9999747766732329,0.9982307984806083
d:\Pneum Det\archive\chest_xray\chest_xray\train\PNEUMONIA\person1336_virus_2306.jpeg,person1336,PNEUMONIA,7.691536903381348,0.9995435326919776,0.9900722723020912
d:\Pneum Det\archive\chest_xray\chest_xray\train\PNEUMONIA\person1342_bacteria_3407.jpeg,person1342,PNEUMONIA,10.915555953979492,0.9999818270099092,0.9985454866552904
d:\Pneum Det\archive\chest_xray\chest_xray\train\PNEUMONIA\person1342_virus_2315.jpeg,person1342,PNEUMONIA,10.295414924621582,0.9999662134820312,0.9978933546190546
d:\Pneum Det\archive\chest_xray\chest_xray\train\PNEUMONIA\person1344_bacteria_3421.jpeg,person1344,PNEUMONIA,10.039859771728516,0.999956376012927,0.9975461275435007
d:\Pneum Det\archive\chest_xray\chest_xray\train\PNEUMONIA\person1344_virus_2319.jpeg,person1344,PNEUMONIA,9.428789138793945,0.9999196299940759,0.9964666871995425
d:\Pneum Det\archive\chest_xray\chest_xray\train\PNEUMONIA\person1344_virus_2320.jpeg,person1344,PNEUMONIA,12.70980453491211,0.999996978652265,0.9995024253064753
d:\Pneum Det\archive\chest_xray\chest_xray\train\PNEUMONIA\person1356_virus_2337.jpeg,person1356,PNEUMONIA,5.598448753356934,0.9963100616056509,0.9661044580025948
d:\Pneum Det\archive\chest_xray\chest_xray\train\PNEUMONIA\person1357_virus_2338.jpeg,person1357,PNEUMONIA,7.042995452880859,0.9991272562538513,0.9854337314623403
d:\Pneum Det\archive\chest_xray\chest_xray\train\PNEUMONIA\person1359_virus_2340.jpeg,person1359,PNEUMONIA,6.566154956817627,0.9985947796635589,0.9807166688221776
d:\Pneum Det\archive\chest_xray\chest_xray\train\PNEUMONIA\person1363_bacteria_3483.jpeg,person1363,PNEUMONIA,9.124967575073242,0.9998910995593264,0.995765218085399
d:\Pneum Det\archive\chest_xray\chest_xray\train\PNEUMONIA\person1363_bacteria_3484.jpeg,person1363,PNEUMONIA,10.594781875610352,0.9999749542629275,0.9982382497286437
d:\Pneum Det\archive\chest_xray\chest_xray\train\PNEUMONIA\person1363_virus_2346.jpeg,person1363,PNEUMONIA,0.7467988729476929,0.6784807899098122,0.6098943157931666
d:\Pneum Det\archive\chest_xray\chest_xray\train\PNEUMONIA\person1377_bacteria_3512.jpeg,person1377,PNEUMONIA,6.619321823120117,0.9986674425244585,0.9813092046539837
d:\Pneum Det\archive\chest_xray\chest_xray\train\PNEUMONIA\person1377_virus_2369.jpeg,person1377,PNEUMONIA,11.999776840209961,0.9999938544541205,0.9992392176983453
d:\Pneum Det\archive\chest_xray\chest_xray\train\PNEUMONIA\person1378_bacteria_3513.jpeg,person1378,PNEUMONIA,11.522239685058594,0.9999900928079245,0.9989878385580747
d:\Pneum Det\archive\chest_xray\chest_xray\train\PNEUMONIA\person138_virus_282.jpeg,person138,PNEUMONIA,10.994434356689453,0.9999832053664052,0.9986124503728157
d:\Pneum Det\archive\chest_xray\chest_xray\train\PNEUMONIA\person1393_virus_2396.jpeg,person1393,PNEUMONIA,9.258182525634766,0.999904680661879,0.9960884119075079
d:\Pneum Det\archive\chest_xray\chest_xray\train\PNEUMONIA\person1394_virus_2397.jpeg,person1394,PNEUMONIA,6.709560394287109,0.99878228466442,0.9822742681141161
d:\Pneum Det\archive\chest_xray\chest_xray\train\PNEUMONIA\person1398_bacteria_3548.jpeg,person1398,PNEUMONIA,4.62175178527832,0.9902602446748854,0.9407858220830663
d:\Pneum Det\archive\chest_xray\chest_xray\train\PNEUMONIA\person1398_virus_2401.jpeg,person1398,PNEUMONIA,7.73670768737793,0.9995636841273919,0.9903344579307276
d:\Pneum Det\archive\chest_xray\chest_xray\train\PNEUMONIA\person140_virus_284.jpeg,person140,PNEUMONIA,7.2422590255737305,0.9992848186869634,0.9870497881311954
d:\Pneum Det\archive\chest_xray\chest_xray\train\PNEUMONIA\person140_virus_285.jpeg,person140,PNEUMONIA,6.052398204803467,0.9976533057817645,0.9739570933723118
d:\Pneum Det\archive\chest_xray\chest_xray\train\PNEUMONIA\person1411_bacteria_3591.jpeg,person1411,PNEUMONIA,3.0110480785369873,0.9530707538833609,0.8583612042552077
d:\Pneum Det\archive\chest_xray\chest_xray\train\PNEUMONIA\person1411_bacteria_3593.jpeg,person1411,PNEUMONIA,5.137405872344971,0.9941613845988602,0.95581210860549
d:\Pneum Det\archive\chest_xray\chest_xray\train\PNEUMONIA\person1411_bacteria_3598.jpeg,person1411,PNEUMONIA,6.796975135803223,0.998884097362847,0.9831624070254531
d:\Pneum Det\archive\chest_xray\chest_xray\train\PNEUMONIA\person1411_bacteria_3599.jpeg,person1411,PNEUMONIA,5.6481828689575195,0.9964884599915984,0.9670655883360849
d:\Pneum Det\archive\chest_xray\chest_xray\train\PNEUMONIA\person1411_bacteria_3601.jpeg,person1411,PNEUMONIA,7.745326042175293,0.9995674266753015,0.9903836970546023
d:\Pneum Det\archive\chest_xray\chest_xray\train\PNEUMONIA\person1411_bacteria_3602.jpeg,person1411,PNEUMONIA,6.878321647644043,0.9989711884612147,0.9839495260148898
d:\Pneum Det\archive\chest_xray\chest_xray\train\PNEUMONIA\person1411_bacteria_3603.jpeg,person1411,PNEUMONIA,7.655614852905273,0.9995268452801103,0.9898587536887151
d:\Pneum Det\archive\chest_xray\chest_xray\train\PNEUMONIA\person1411_bacteria_3604.jpeg,person1411,PNEUMONIA,6.611898422241211,0.9986575269378599,0.98122755751671
d:\Pneum Det\archive\chest_xray\chest_xray\train\PNEUMONIA\person1411_bacteria_3607.jpeg,person1411,PNEUMONIA,3.9086101055145264,0.9803264417275642,0.9120419686805671
d:\Pneum Det\archive\chest_xray\chest_xray\train\PNEUMONIA\person1411_bacteria_3609.jpeg,person1411,PNEUMONIA,6.61215877532959,0.9986578759403387,0.9812304269510943
d:\Pneum Det\archive\chest_xray\chest_xray\train\PNEUMONIA\person1411_bacteria_3610.jpeg,person1411,PNEUMONIA,7.356311321258545,0.9993618579605282,0.9878937668947122
d:\Pneum Det\archive\chest_xray\chest_xray\train\PNEUMONIA\person1411_virus_2415.jpeg,person1411,PNEUMONIA,8.084672927856445,0.9996918676340414,0.992136978733605
d:\Pneum Det\archive\chest_xray\chest_xray\train\PNEUMONIA\person1412_bacteria_3612.jpeg,person1412,PNEUMONIA,6.8926615715026855,0.9989858214096544,0.984084478458101
d:\Pneum Det\archive\chest_xray\chest_xray\train\PNEUMONIA\person1417_bacteria_3635.jpeg,person1417,PNEUMONIA,8.102774620056152,0.9996973934987936,0.9922210297011173
d:\Pneum Det\archive\chest_xray\chest_xray\train\PNEUMONIA\person1424_bacteria_3651.jpeg,person1424,PNEUMONIA,8.70260238647461,0.9998338747482532,0.9945541768090637
d:\Pneum Det\archive\chest_xray\chest_xray\train\PNEUMONIA\person1424_virus_2437.jpeg,person1424,PNEUMONIA,4.647571086883545,0.9905061427810544,0.9416406534669888
d:\Pneum Det\archive\chest_xray\chest_xray\train\PNEUMONIA\person1427_virus_2441.jpeg,person1427,PNEUMONIA,7.989857196807861,0.999661232329019,0.9916817852622624
d:\Pneum Det\archive\chest_xray\chest_xray\train\PNEUMONIA\person1431_bacteria_3698.jpeg,person1431,PNEUMONIA,1.2182787656784058,0.7717605023203526,0.6745838567254913
d:\Pneum Det\archive\chest_xray\chest_xray\train\PNEUMONIA\person1442_bacteria_3726.jpeg,person1442,PNEUMONIA,8.704652786254883,0.9998342149660523,0.9945608179491248
d:\Pneum Det\archive\chest_xray\chest_xray\train\PNEUMONIA\person1448_virus_2468.jpeg,person1448,PNEUMONIA,2.5929067134857178,0.9304036702469737,0.825135796817069
d:\Pneum Det\archive\chest_xray\chest_xray\train\PNEUMONIA\person1452_virus_2484.jpeg,person1452,PNEUMONIA,6.609346389770508,0.9986541011446023,0.9811994079636924
d:\Pneum Det\archive\chest_xray\chest_xray\train\PNEUMONIA\person1455_bacteria_3784.jpeg,person1455,PNEUMONIA,9.972851753234863,0.9999533528348725,0.9974459939942102
d:\Pneum Det\archive\chest_xray\chest_xray\train\PNEUMONIA\person1455_virus_2487.jpeg,person1455,PNEUMONIA,8.377388954162598,0.9997700431642815,0.9933920050879113
d:\Pneum Det\archive\chest_xray\chest_xray\train\PNEUMONIA\person1455_virus_2488.jpeg,person1455,PNEUMONIA,6.1430439949035645,0.997856231601001,0.9752980821406866
d:\Pneum Det\archive\chest_xray\chest_xray\train\PNEUMONIA\person1455_virus_2489.jpeg,person1455,PNEUMONIA,10.22343635559082,0.9999636920075864,0.997800842144349
d:\Pneum Det\archive\chest_xray\chest_xray\train\PNEUMONIA\person1455_virus_2490.jpeg,person1455,PNEUMONIA,7.835583686828613,0.9996047448373099,0.9908846718766506
d:\Pneum Det\archive\chest_xray\chest_xray\train\PNEUMONIA\person1455_virus_2492.jpeg,person1455,PNEUMONIA,8.096321105957031,0.9996954349051411,0.9921911670643714
d:\Pneum Det\archive\chest_xray\chest_xray\train\PNEUMONIA\person1455_virus_2496.jpeg,person1455,PNEUMONIA,9.752054214477539,0.9999418283472377,0.9970863027212166
d:\Pneum Det\archive\chest_xray\chest_xray\train\PNEUMONIA\person1458_virus_2501.jpeg,person1458,PNEUMONIA,4.731616973876953,0.9912647663178158,0.9443437263655943
d:\Pneum Det\archive\chest_xray\chest_xray\train\PNEUMONIA\person1458_virus_2502.jpeg,person1458,PNEUMONIA,5.54630184173584,0.9961133050491261,0.965067650993673
d:\Pneum Det\archive\chest_xray\chest_xray\train\PNEUMONIA\person1458_virus_2503.jpeg,person1458,PNEUMONIA,8.56129264831543,0.9998086648588357,0.9940765137465196
d:\Pneum Det\archive\chest_xray\chest_xray\train\PNEUMONIA\person1463_bacteria_3808.jpeg,person1463,PNEUMONIA,9.872051239013672,0.9999484058794329,0.9972876344801348
d:\Pneum Det\archive\chest_xray\chest_xray\train\PNEUMONIA\person1463_bacteria_3809.jpeg,person1463,PNEUMONIA,11.052827835083008,0.9999841579645189,0.9986600321670578
d:\Pneum Det\archive\chest_xray\chest_xray\train\PNEUMONIA\person1463_bacteria_3811.jpeg,person1463,PNEUMONIA,7.905000686645508,0.999631241836709,0.9912523005724747
d:\Pneum Det\archive\chest_xray\chest_xray\train\PNEUMONIA\person1463_virus_2516.jpeg,person1463,PNEUMONIA,8.302809715270996,0.9997522418536875,0.9930925170123063
d:\Pneum Det\archive\chest_xray\chest_xray\train\PNEUMONIA\person1466_virus_2541.jpeg,person1466,PNEUMONIA,7.349329471588135,0.9993573898320828,0.9878436999748289
d:\Pneum Det\archive\chest_xray\chest_xray\train\PNEUMONIA\person1466_virus_2542.jpeg,person1466,PNEUMONIA,8.688392639160156,0.9998314976995357,0.9945079300381409
d:\Pneum Det\archive\chest_xray\chest_xray\train\PNEUMONIA\person1466_virus_2543.jpeg,person1466,PNEUMONIA,10.213502883911133,0.9999633295591925,0.9977877604922633
d:\Pneum Det\archive\chest_xray\chest_xray\train\PNEUMONIA\person1474_bacteria_3837.jpeg,person1474,PNEUMONIA,5.11769962310791,0.9940458780911304,0.9553113932843333
d:\Pneum Det\archive\chest_xray\chest_xray\train\PNEUMONIA\person1474_virus_2556.jpeg,person1474,PNEUMONIA,5.2049360275268555,0.9945405674176628,0.9574876870613199
d:\Pneum Det\archive\chest_xray\chest_xray\train\PNEUMONIA\person1474_virus_2557.jpeg,person1474,PNEUMONIA,7.009588718414307,0.9990976350246638,0.9851439933491589
d:\Pneum Det\archive\chest_xray\chest_xray\train\PNEUMONIA\person1475_virus_2558.jpeg,person1475,PNEUMONIA,-2.898632287979126,0.05222121539307202,0.15001572388635434
d:\Pneum Det\archive\chest_xray\chest_xray\train\PNEUMONIA\person1483_bacteria_3876.jpeg,person1483,PNEUMONIA,9.922431945800781,0.999950940710735,0.9973679711201503
d:\Pneum Det\archive\chest_xray\chest_xray\train\PNEUMONIA\person1483_virus_2574.jpeg,person1483,PNEUMONIA,7.990096569061279,0.9996613133834338,0.9916829667284334
d:\Pneum Det\archive\chest_xray\chest_xray\train\PNEUMONIA\person1486_bacteria_3881.jpeg,person1486,PNEUMONIA,9.684921264648438,0.999937789295645,0.9969672364247487
d:\Pneum Det\archive\chest_xray\chest_xray\train\PNEUMONIA\person1486_bacteria_3883.jpeg,person1486,PNEUMONIA,7.488124847412109,0.9994406215952935,0.9888016690257454
d:\Pneum Det\archive\chest_xray\chest_xray\train\PNEUMONIA\person1486_bacteria_3884.jpeg,person1486,PNEUMONIA,9.492939949035645,0.9999246235245528,0.9965992957625075
d:\Pneum Det\archive\chest_xray\chest_xray\train\PNEUMONIA\person1486_bacteria_3885.jpeg,person1486,PNEUMONIA,8.94074821472168,0.9998690741138155,0.9952740374781454
d:\Pneum Det\archive\chest_xray\chest_xray\train\PNEUMONIA\person1486_virus_2580.jpeg,person1486,PNEUMONIA,9.945945739746094,0.9999520807693958,0.9974046493731417
d:\Pneum Det\archive\chest_xray\chest_xray\train\PNEUMONIA\person1488_bacteria_3887.jpeg,person1488,PNEUMONIA,9.168228149414062,0.999895709725435,0.9958729870973679
d:\Pneum Det\archive\chest_xray\chest_xray\train\PNEUMONIA\person1488_virus_2585.jpeg,person1488,PNEUMONIA,6.34116792678833,0.9982408571730714,0.9779988820970675
d:\Pneum Det\archive\chest_xray\chest_xray\train\PNEUMONIA\person1488_virus_2587.jpeg,person1488,PNEUMONIA,-0.16794773936271667,0.45811147941793023,0.47489706638664875
d:\Pneum Det\archive\chest_xray\chest_xray\train\PNEUMONIA\person1488_virus_2589.jpeg,person1488,PNEUMONIA,9.936866760253906,0.999951643751887,0.9973905482356394
d:\Pneum Det\archive\chest_xray\chest_xray\train\PNEUMONIA\person1488_virus_2592.jpeg,person1488,PNEUMONIA,6.9528961181640625,0.9990450499518632,0.9846392525021814
d:\Pneum Det\archive\chest_xray\chest_xray\train\PNEUMONIA\person1488_virus_2593.jpeg,person1488,PNEUMONIA,-8.071976661682129,0.00031206820802167967,0.007922510368869748
d:\Pneum Det\archive\chest_xray\chest_xray\train\PNEUMONIA\person1494_bacteria_3901.jpeg,person1494,PNEUMONIA,11.3220853805542,0.9999878974875103,0.9988592028869279
d:\Pneum Det\archive\chest_xray\chest_xray\train\PNEUMONIA\person1494_virus_2601.jpeg,person1494,PNEUMONIA,8.707296371459961,0.9998346525817569,0.9945693685008624
d:\Pneum Det\archive\chest_xray\chest_xray\train\PNEUMONIA\person1502_bacteria_3922.jpeg,person1502,PNEUMONIA,7.112495422363281,0.9991858044192098,0.9860187834475347
d:\Pneum Det\archive\chest_xray\chest_xray\train\PNEUMONIA\person1502_bacteria_3923.jpeg,person1502,PNEUMONIA,11.07682991027832,0.9999845336734311,0.998679114423696
d:\Pneum Det\archive\chest_xray\chest_xray\train\PNEUMONIA\person1502_bacteria_3924.jpeg,person1502,PNEUMONIA,10.244102478027344,0.9999644346263612,0.997827811098305
d:\Pneum Det\archive\chest_xray\chest_xray\train\PNEUMONIA\person1502_bacteria_3925.jpeg,person1502,PNEUMONIA,8.795178413391113,0.9998485613345532,0.994846134656865
d:\Pneum Det\archive\chest_xray\chest_xray\train\PNEUMONIA\person1502_bacteria_3927.jpeg,person1502,PNEUMONIA,10.574485778808594,0.9999744407517066,0.9982167616690378
d:\Pneum Det\archive\chest_xray\chest_xray\train\PNEUMONIA\person1502_bacteria_3928.jpeg,person1502,PNEUMONIA,10.521409034729004,0.9999730475400788,0.9981593230518918
d:\Pneum Det\archive\chest_xray\chest_xray\train\PNEUMONIA\person1502_bacteria_3929.jpeg,person1502,PNEUMONIA,11.474847793579102,0.9999896119887548,0.9989587548709582
d:\Pneum Det\archive\chest_xray\chest_xray\train\PNEUMONIA\person1502_virus_2612.jpeg,person1502,PNEUMONIA,9.193763732910156,0.9998983388566515,0.9959353138613296
d:\Pneum Det\archive\chest_xray\chest_xray\train\PNEUMONIA\person1509_bacteria_3951.jpeg,person1509,PNEUMONIA,-1.5557104349136353,0.1742630336225912,0.28274157785650605
d:\Pneum Det\archive\chest_xray\chest_xray\train\PNEUMONIA\person1509_virus_2621.jpeg,person1509,PNEUMONIA,5.233841896057129,0.994695292913551,0.9581862021164749
d:\Pneum Det\archive\chest_xray\chest_xray\train\PNEUMONIA\person1519_bacteria_3970.jpeg,person1519,PNEUMONIA,2.660633087158203,0.9346633384435512,0.8309063310808779
d:\Pneum Det\archive\chest_xray\chest_xray\train\PNEUMONIA\person1519_virus_2646.jpeg,person1519,PNEUMONIA,9.582562446594238,0.999931084632511,0.9967762928215835
d:\Pneum Det\archive\chest_xray\chest_xray\train\PNEUMONIA\person1524_bacteria_3983.jpeg,person1524,PNEUMONIA,9.71033763885498,0.9999393504468477,0.9970128748028768
d:\Pneum Det\archive\chest_xray\chest_xray\train\PNEUMONIA\person1524_bacteria_3984.jpeg,person1524,PNEUMONIA,9.480184555053711,0.999923655983749,0.9965733297031755
d:\Pneum Det\archive\chest_xray\chest_xray\train\PNEUMONIA\person1524_virus_2658.jpeg,person1524,PNEUMONIA,-4.526651859283447,0.01070108000434472,0.062464935018197644
d:\Pneum Det\archive\chest_xray\chest_xray\train\PNEUMONIA\person1525_bacteria_3985.jpeg,person1525,PNEUMONIA,7.389932632446289,0.9993829434465192,0.9881320278943764
d:\Pneum Det\archive\chest_xray\chest_xray\train\PNEUMONIA\person1525_virus_2659.jpeg,person1525,PNEUMONIA,3.832275629043579,0.9787989516387747,0.9083080799384914
d:\Pneum Det\archive\chest_xray\chest_xray\train\PNEUMONIA\person1532_virus_2667.jpeg,person1532,PNEUMONIA,7.701493263244629,0.9995480528512679,0.9901306605585182
d:\Pneum Det\archive\chest_xray\chest_xray\train\PNEUMONIA\person1536_bacteria_4018.jpeg,person1536,PNEUMONIA,4.44339656829834,0.9883806555502785,0.9345531823871326
d:\Pneum Det\archive\chest_xray\chest_xray\train\PNEUMONIA\person1536_virus_2673.jpeg,person1536,PNEUMONIA,9.88471794128418,0.9999490552521155,0.9973080599420995
d:\Pneum Det\archive\chest_xray\chest_xray\train\PNEUMONIA\person1545_bacteria_4041.jpeg,person1545,PNEUMONIA,7.667491436004639,0.9995324288912195,0.9899298456640765
d:\Pneum Det\archive\chest_xray\chest_xray\train\PNEUMONIA\person1545_bacteria_4042.jpeg,person1545,PNEUMONIA,5.891212463378906,0.9972439926955788,0.971395560299266
d:\Pneum Det\archive\chest_xray\chest_xray\train\PNEUMONIA\person1546_bacteria_4044.jpeg,person1546,PNEUMONIA,8.989598274230957,0.9998753153697439,0.9954095566859654
d:\Pneum Det\archive\chest_xray\chest_xray\train\PNEUMONIA\person1546_bacteria_4045.jpeg,person1546,PNEUMONIA,9.755460739135742,0.9999420261617976,0.9970922186691207
d:\Pneum Det\archive\chest_xray\chest_xray\train\PNEUMONIA\person1546_virus_2687.jpeg,person1546,PNEUMONIA,11.533188819885254,0.9999902006903558,0.9989944416350041
d:\Pneum Det\archive\chest_xray\chest_xray\train\PNEUMONIA\person154_virus_305.jpeg,person154,PNEUMONIA,7.53482723236084,0.9994661316277441,0.9891069199640539
d:\Pneum Det\archive\chest_xray\chest_xray\train\PNEUMONIA\person154_virus_306.jpeg,person154,PNEUMONIA,2.549199342727661,0.9275197073531748,0.8213300450881341
d:\Pneum Det\archive\chest_xray\chest_xray\train\PNEUMONIA\person1550_bacteria_4051.jpeg,person1550,PNEUMONIA,7.1816558837890625,0.999240170128079,0.9865779670263269
d:\Pneum Det\archive\chest_xray\chest_xray\train\PNEUMONIA\person1550_virus_2691.jpeg,person1550,PNEUMONIA,8.280248641967773,0.9997465900649894,0.9929992906111605
d:\Pneum Det\archive\chest_xray\chest_xray\train\PNEUMONIA\person1556_bacteria_4061.jpeg,person1556,PNEUMONIA,11.013755798339844,0.9999835267428665,0.9986283783060197
d:\Pneum Det\archive\chest_xray\chest_xray\train\PNEUMONIA\person1556_bacteria_4062.jpeg,person1556,PNEUMONIA,14.110292434692383,0.9999992553065497,0.9997847054819733
d:\Pneum Det\archive\chest_xray\chest_xray\train\PNEUMONIA\person1556_virus_2699.jpeg,person1556,PNEUMONIA,5.321692943572998,0.9951392645764142,0.9602423673291511
d:\Pneum Det\archive\chest_xray\chest_xray\train\PNEUMONIA\person1566_bacteria_4099.jpeg,person1566,PNEUMONIA,10.575849533081055,0.9999744755835948,0.9982182136784113
d:\Pneum Det\archive\chest_xray\chest_xray\train\PNEUMONIA\person1576_bacteria_4120.jpeg,person1576,PNEUMONIA,11.458478927612305,0.999989440551296,0.9989485167812899
d:\Pneum Det\archive\chest_xray\chest_xray\train\PNEUMONIA\person1576_bacteria_4121.jpeg,person1576,PNEUMONIA,10.718050003051758,0.9999778588379246,0.9983633161806112
d:\Pneum Det\archive\chest_xray\chest_xray\train\PNEUMONIA\person1576_bacteria_4122.jpeg,person1576,PNEUMONIA,9.077180862426758,0.9998857698287581,0.9956429138681551
d:\Pneum Det\archive\chest_xray\chest_xray\train\PNEUMONIA\person1576_bacteria_4124.jpeg,person1576,PNEUMONIA,9.38427448272705,0.9999159718347245,0.99637165320651
d:\Pneum Det\archive\chest_xray\chest_xray\train\PNEUMONIA\person1576_bacteria_4126.jpeg,person1576,PNEUMONIA,8.388042449951172,0.9997724794505471,0.993433720141043
d:\Pneum Det\archive\chest_xray\chest_xray\train\PNEUMONIA\person1576_bacteria_4127.jpeg,person1576,PNEUMONIA,11.6566801071167,0.9999913390727474,0.9990660009557569
d:\Pneum Det\archive\chest_xray\chest_xray\train\PNEUMONIA\person1576_bacteria_4128.jpeg,person1576,PNEUMONIA,7.981925964355469,0.999658535721761,0.9916425449438531
d:\Pneum Det\archive\chest_xray\chest_xray\train\PNEUMONIA\person1576_bacteria_4129.jpeg,person1576,PNEUMONIA,8.396552085876465,0.9997744069181589,0.9934668526339602
d:\Pneum Det\archive\chest_xray\chest_xray\train\PNEUMONIA\person1576_virus_2734.jpeg,person1576,PNEUMONIA,11.214574813842773,0.9999865238390644,0.9987834932925349
d:\Pneum Det\archive\chest_xray\chest_xray\train\PNEUMONIA\person1581_bacteria_4135.jpeg,person1581,PNEUMONIA,7.959961891174316,0.9996509554511082,0.9915329156228895
d:\Pneum Det\archive\chest_xray\chest_xray\train\PNEUMONIA\person1581_virus_2741.jpeg,person1581,PNEUMONIA,7.888930320739746,0.9996252701234835,0.9911685220846772
d:\Pneum Det\archive\chest_xray\chest_xray\train\PNEUMONIA\person1582_bacteria_4136.jpeg,person1582,PNEUMONIA,7.174807548522949,0.9992349526943715,0.9865235948713917
d:\Pneum Det\archive\chest_xray\chest_xray\train\PNEUMONIA\person1582_bacteria_4137.jpeg,person1582,PNEUMONIA,8.676416397094727,0.999829467888844,0.9944686492310281
d:\Pneum Det\archive\chest_xray\chest_xray\train\PNEUMONIA\person1582_bacteria_4140.jpeg,person1582,PNEUMONIA,9.944893836975098,0.9999520303389231,0.9974030194969806
d:\Pneum Det\archive\chest_xray\chest_xray\train\PNEUMONIA\person1582_bacteria_4142.jpeg,person1582,PNEUMONIA,9.858351707458496,0.999947694237671,0.9972653695388424
d:\Pneum Det\archive\chest_xray\chest_xray\train\PNEUMONIA\person1582_bacteria_4143.jpeg,person1582,PNEUMONIA,7.123782157897949,0.9991949350069768,0.9861115837189957
d:\Pneum Det\archive\chest_xray\chest_xray\train\PNEUMONIA\person1583_bacteria_4144.jpeg,person1583,PNEUMONIA,7.383664131164551,0.9993790656873377,0.988087959603585
d:\Pneum Det\archive\chest_xray\chest_xray\train\PNEUMONIA\person1597_bacteria_4187.jpeg,person1597,PNEUMONIA,11.746681213378906,0.9999920845113466,0.9991149273733604
d:\Pneum Det\archive\chest_xray\chest_xray\train\PNEUMONIA\person1597_bacteria_4188.jpeg,person1597,PNEUMONIA,9.15711784362793,0.9998945446908236,0.995845573005125
d:\Pneum Det\archive\chest_xray\chest_xray\train\PNEUMONIA\person1597_bacteria_4189.jpeg,person1597,PNEUMONIA,0.18116126954555511,0.5451668557895768,0.5270742210033026
d:\Pneum Det\archive\chest_xray\chest_xray\train\PNEUMONIA\person1597_bacteria_4190.jpeg,person1597,PNEUMONIA,8.791695594787598,0.9998480330618994,0.994835438114959
d:\Pneum Det\archive\chest_xray\chest_xray\train\PNEUMONIA\person1597_bacteria_4191.jpeg,person1597,PNEUMONIA,6.984192848205566,0.9990744466935061,0.9849199429411445
d:\Pneum Det\archive\chest_xray\chest_xray\train\PNEUMONIA\person1597_bacteria_4192.jpeg,person1597,PNEUMONIA,11.215633392333984,0.9999865380968984,0.9987842626839354
d:\Pneum Det\archive\chest_xray\chest_xray\train\PNEUMONIA\person1597_bacteria_4193.jpeg,person1597,PNEUMONIA,9.194141387939453,0.9998983772383442,0.995936228564857
d:\Pneum Det\archive\chest_xray\chest_xray\train\PNEUMONIA\person1597_bacteria_4194.jpeg,person1597,PNEUMONIA,6.465736389160156,0.9984465717639615,0.9795468725240569
d:\Pneum Det\archive\chest_xray\chest_xray\train\PNEUMONIA\person1599_bacteria_4200.jpeg,person1599,PNEUMONIA,7.507251739501953,0.9994512132782254,0.9889276935149524
d:\Pneum Det\archive\chest_xray\chest_xray\train\PNEUMONIA\person1599_bacteria_4201.jpeg,person1599,PNEUMONIA,7.9225311279296875,0.9996376476749778,0.9913427925984962
d:\Pneum Det\archive\chest_xray\chest_xray\train\PNEUMONIA\person1599_virus_2775.jpeg,person1599,PNEUMONIA,3.4726812839508057,0.969900393599817,0.8887440630295435
d:\Pneum Det\archive\chest_xray\chest_xray\train\PNEUMONIA\person1599_virus_2776.jpeg,person1599,PNEUMONIA,4.20290994644165,0.9852682650357667,0.925181777862137
d:\Pneum Det\archive\chest_xray\chest_xray\train\PNEUMONIA\person1602_bacteria_4218.jpeg,person1602,PNEUMONIA,8.769898414611816,0.9998446847665123,0.9947679905110809
d:\Pneum Det\archive\chest_xray\chest_xray\train\PNEUMONIA\person1602_virus_2780.jpeg,person1602,PNEUMONIA,4.833948135375977,0.9921077318371678,0.9474758370997843
d:\Pneum Det\archive\chest_xray\chest_xray\train\PNEUMONIA\person160_virus_316.jpeg,person160,PNEUMONIA,3.1550710201263428,0.9591080697786675,0.8685187623794649
d:\Pneum Det\archive\chest_xray\chest_xray\train\PNEUMONIA\person1613_bacteria_4247.jpeg,person1613,PNEUMONIA,7.8187079429626465,0.9995980207160203,0.9907930100761392
d:\Pneum Det\archive\chest_xray\chest_xray\train\PNEUMONIA\person1618_bacteria_4258.jpeg,person1618,PNEUMONIA,7.664290428161621,0.9995309304975833,0.9899107334722744
d:\Pneum Det\archive\chest_xray\chest_xray\train\PNEUMONIA\person1628_bacteria_4293.jpeg,person1628,PNEUMONIA,5.309627532958984,0.9950805528389534,0.9599658243256001
d:\Pneum Det\archive\chest_xray\chest_xray\train\PNEUMONIA\person1628_bacteria_4294.jpeg,person1628,PNEUMONIA,6.5011138916015625,0.9985004864605954,0.9799667137840351
d:\Pneum Det\archive\chest_xray\chest_xray\train\PNEUMONIA\person1628_bacteria_4295.jpeg,person1628,PNEUMONIA,5.838639736175537,0.9970956576629225,0.9705083678344472
d:\Pneum Det\archive\chest_xray\chest_xray\train\PNEUMONIA\person1628_bacteria_4296.jpeg,person1628,PNEUMONIA,7.895015716552734,0.9996275427318869,0.991200339785364
d:\Pneum Det\archive\chest_xray\chest_xray\train\PNEUMONIA\person1628_bacteria_4297.jpeg,person1628,PNEUMONIA,9.610294342041016,0.9999329694032486,0.996829177892851
d:\Pneum Det\archive\chest_xray\chest_xray\train\PNEUMONIA\person1628_bacteria_4298.jpeg,person1628,PNEUMONIA,9.610294342041016,0.9999329694032486,0.996829177892851
d:\Pneum Det\archive\chest_xray\chest_xray\train\PNEUMONIA\person1629_bacteria_4299.jpeg,person1629,PNEUMONIA,6.527610778808594,0.998539639865638,0.9802756241674125
d:\Pneum Det\archive\chest_xray\chest_xray\train\PNEUMONIA\person1642_bacteria_4352.jpeg,person1642,PNEUMONIA,7.981815338134766,0.9996584979576699,0.9916419963170576
d:\Pneum Det\archive\chest_xray\chest_xray\train\PNEUMONIA\person1642_bacteria_4353.jpeg,person1642,PNEUMONIA,11.544839859008789,0.99999031419886,0.9990014207546278
d:\Pneum Det\archive\chest_xray\chest_xray\train\PNEUMONIA\person1644_bacteria_4356.jpeg,person1644,PNEUMONIA,7.789635181427002,0.9995861674355515,0.99063295280549
d:\Pneum Det\archive\chest_xray\chest_xray\train\PNEUMONIA\person1644_bacteria_4357.jpeg,person1644,PNEUMONIA,6.8078227043151855,0.9988961234858958,0.9832695224126322
d:\Pneum Det\archive\chest_xray\chest_xray\train\PNEUMONIA\person1644_bacteria_4358.jpeg,person1644,PNEUMONIA,10.26305103302002,0.9999651021708068,0.997852248540968
d:\Pneum Det\archive\chest_xray\chest_xray\train\PNEUMONIA\person1644_bacteria_4360.jpeg,person1644,PNEUMONIA,9.052899360656738,0.9998829625284728,0.9955794272678856
d:\Pneum Det\archive\chest_xray\chest_xray\train\PNEUMONIA\person1644_bacteria_4361.jpeg,person1644,PNEUMONIA,7.213411331176758,0.9992639022973886,0.9868272735476351
d:\Pneum Det\archive\chest_xray\chest_xray\train\PNEUMONIA\person1644_bacteria_4362.jpeg,person1644,PNEUMONIA,7.176058292388916,0.9992359082437551,0.9865335413051078
d:\Pneum Det\archive\chest_xray\chest_xray\train\PNEUMONIA\person1649_bacteria_4377.jpeg,person1649,PNEUMONIA,11.06510066986084,0.9999843511999615,0.998669823528509
d:\Pneum Det\archive\chest_xray\chest_xray\train\PNEUMONIA\person1649_bacteria_4378.jpeg,person1649,PNEUMONIA,6.9952216148376465,0.9990845890291474,0.9850176480562005
d:\Pneum Det\archive\chest_xray\chest_xray\train\PNEUMONIA\person1649_bacteria_4379.jpeg,person1649,PNEUMONIA,9.691904067993164,0.9999382221608577,0.9969798437612978
d:\Pneum Det\archive\chest_xray\chest_xray\train\PNEUMONIA\person1651_bacteria_4381.jpeg,person1651,PNEUMONIA,8.999271392822266,0.9998765154961851,0.9954359293362532
d:\Pneum Det\archive\chest_xray\chest_xray\train\PNEUMONIA\person1668_bacteria_4420.jpeg,person1668,PNEUMONIA,8.172432899475098,0.9997177493889258,0.9925362376375635
d:\Pneum Det\archive\chest_xray\chest_xray\train\PNEUMONIA\person1668_bacteria_4421.jpeg,person1668,PNEUMONIA,9.269638061523438,0.9999057662631368,0.9961150293291813
d:\Pneum Det\archive\chest_xray\chest_xray\train\PNEUMONIA\person1669_bacteria_4422.jpeg,person1669,PNEUMONIA,11.985706329345703,0.9999937673724845,0.999232790198152
d:\Pneum Det\archive\chest_xray\chest_xray\train\PNEUMONIA\person1669_bacteria_4423.jpeg,person1669,PNEUMONIA,9.461160659790039,0.9999221898344706,0.9965342353682084
d:\Pneum Det\archive\chest_xray\chest_xray\train\PNEUMONIA\person1669_bacteria_4424.jpeg,person1669,PNEUMONIA,6.835234642028809,0.9989259398505554,0.9835372280702572
d:\Pneum Det\archive\chest_xray\chest_xray\train\PNEUMONIA\person1673_bacteria_4434.jpeg,person1673,PNEUMONIA,7.073830604553223,0.9991537343397962,0.9856962213984739
d:\Pneum Det\archive\chest_xray\chest_xray\train\PNEUMONIA\person1676_bacteria_4441.jpeg,person1676,PNEUMONIA,7.894843578338623,0.9996274786361253,0.9911994413181879
d:\Pneum Det\archive\chest_xray\chest_xray\train\PNEUMONIA\person1679_bacteria_4448.jpeg,person1679,PNEUMONIA,8.740474700927734,0.999840047660633,0.9946755522282091
d:\Pneum Det\archive\chest_xray\chest_xray\train\PNEUMONIA\person1679_bacteria_4449.jpeg,person1679,PNEUMONIA,8.514524459838867,0.9997995057468444,0.9939094272333217
d:\Pneum Det\archive\chest_xray\chest_xray\train\PNEUMONIA\person1679_bacteria_4450.jpeg,person1679,PNEUMONIA,9.493546485900879,0.9999246692258585,0.9966005255893622
d:\Pneum Det\archive\chest_xray\chest_xray\train\PNEUMONIA\person1679_bacteria_4452.jpeg,person1679,PNEUMONIA,11.000091552734375,0.9999833001071172,0.9986171329991615
d:\Pneum Det\archive\chest_xray\chest_xray\train\PNEUMONIA\person1679_bacteria_4453.jpeg,person1679,PNEUMONIA,11.115865707397461,0.9999851257731109,0.9987095709787477
d:\Pneum Det\archive\chest_xray\chest_xray\train\PNEUMONIA\person1696_bacteria_4495.jpeg,person1696,PNEUMONIA,7.877622604370117,0.9996210103514749,0.9911090962255272
d:\Pneum Det\archive\chest_xray\chest_xray\train\PNEUMONIA\person1701_bacteria_4504.jpeg,person1701,PNEUMONIA,9.354528427124023,0.9999134350012757,0.996306733333006
d:\Pneum Det\archive\chest_xray\chest_xray\train\PNEUMONIA\person1709_bacteria_4522.jpeg,person1709,PNEUMONIA,10.125003814697266,0.9999599364605952,0.9976677325534105
d:\Pneum Det\archive\chest_xray\chest_xray\train\PNEUMONIA\person1709_bacteria_4523.jpeg,person1709,PNEUMONIA,8.679795265197754,0.9998300430242244,0.9944797597674805
d:\Pneum Det\archive\chest_xray\chest_xray\train\PNEUMONIA\person1709_bacteria_4524.jpeg,person1709,PNEUMONIA,5.707242012023926,0.9966891764981243,0.9681727580473205
d:\Pneum Det\archive\chest_xray\chest_xray\train\PNEUMONIA\person1715_bacteria_4532.jpeg,person1715,PNEUMONIA,8.707080841064453,0.9998346169464162,0.9945686718787677
d:\Pneum Det\archive\chest_xray\chest_xray\train\PNEUMONIA\person1717_bacteria_4534.jpeg,person1717,PNEUMONIA,5.533467769622803,0.9960632990932086,0.9648078281299655
d:\Pneum Det\archive\chest_xray\chest_xray\train\PNEUMONIA\person1717_bacteria_4536.jpeg,person1717,PNEUMONIA,6.371570587158203,0.9982934450673876,0.9783869414658529
d:\Pneum Det\archive\chest_xray\chest_xray\train\PNEUMONIA\person1718_bacteria_4538.jpeg,person1718,PNEUMONIA,10.637662887573242,0.9999760055230777,0.9982828029066432
d:\Pneum Det\archive\chest_xray\chest_xray\train\PNEUMONIA\person1718_bacteria_4540.jpeg,person1718,PNEUMONIA,7.932401180267334,0.9996412052426136,0.9913933328071383
d:\Pneum Det\archive\chest_xray\chest_xray\train\PNEUMONIA\person1729_bacteria_4557.jpeg,person1729,PNEUMONIA,11.180990219116211,0.9999860635682252,0.9987588293774923
d:\Pneum Det\archive\chest_xray\chest_xray\train\PNEUMONIA\person1730_bacteria_4558.jpeg,person1730,PNEUMONIA,10.412715911865234,0.9999699529466303,0.9980358702070006
d:\Pneum Det\archive\chest_xray\chest_xray\train\PNEUMONIA\person1730_bacteria_4559.jpeg,person1730,PNEUMONIA,9.875093460083008,0.9999485625935794,0.9972925542176342
d:\Pneum Det\archive\chest_xray\chest_xray\train\PNEUMONIA\person1733_bacteria_4566.jpeg,person1733,PNEUMONIA,7.247364044189453,0.9992884578062406,0.9870887772001486
d:\Pneum Det\archive\chest_xray\chest_xray\train\PNEUMONIA\person1749_bacteria_4590.jpeg,person1749,PNEUMONIA,7.271548271179199,0.9993054476806789,0.9872719130451435
d:\Pneum Det\archive\chest_xray\chest_xray\train\PNEUMONIA\person1761_bacteria_4603.jpeg,person1761,PNEUMONIA,8.70504093170166,0.9998342792916098,0.994562074225394
d:\Pneum Det\archive\chest_xray\chest_xray\train\PNEUMONIA\person1779_bacteria_4626.jpeg,person1779,PNEUMONIA,8.981103897094727,0.999874251874182,0.9953862726847662
d:\Pneum Det\archive\chest_xray\chest_xray\train\PNEUMONIA\person1810_bacteria_4664.jpeg,person1810,PNEUMONIA,6.305155277252197,0.9981764688640725,0.9775303995175032
d:\Pneum Det\archive\chest_xray\chest_xray\train\PNEUMONIA\person1817_bacteria_4675.jpeg,person1817,PNEUMONIA,10.887008666992188,0.9999813007541989,0.9985204642110969
d:\Pneum Det\archive\chest_xray\chest_xray\train\PNEUMONIA\person1819_bacteria_4677.jpeg,person1819,PNEUMONIA,6.264925003051758,0.998101754143854,0.9769955219639012
d:\Pneum Det\archive\chest_xray\chest_xray\train\PNEUMONIA\person1823_bacteria_4682.jpeg,person1823,PNEUMONIA,5.330911636352539,0.9951836534661459,0.9604524276531046
d:\Pneum Det\archive\chest_xray\chest_xray\train\PNEUMONIA\person1841_bacteria_4708.jpeg,person1841,PNEUMONIA,4.225510120391846,0.9855927277869891,0.9261125111602011
d:\Pneum Det\archive\chest_xray\chest_xray\train\PNEUMONIA\person1858_bacteria_4730.jpeg,person1858,PNEUMONIA,11.652429580688477,0.9999913021812189,0.9990636246062411
d:\Pneum Det\archive\chest_xray\chest_xray\train\PNEUMONIA\person1860_bacteria_4732.jpeg,person1860,PNEUMONIA,7.297098159790039,0.9993229567703181,0.9874626051808914
d:\Pneum Det\archive\chest_xray\chest_xray\train\PNEUMONIA\person1867_bacteria_4741.jpeg,person1867,PNEUMONIA,4.378509998321533,0.9876113680991857,0.9321379577134266
d:\Pneum Det\archive\chest_xray\chest_xray\train\PNEUMONIA\person1872_bacteria_4750.jpeg,person1872,PNEUMONIA,4.14698600769043,0.984434125646204,0.9228321976184043
d:\Pneum Det\archive\chest_xray\chest_xray\train\PNEUMONIA\person1872_bacteria_4751.jpeg,person1872,PNEUMONIA,4.360335350036621,0.9873870164179047,0.9314467791287571
d:\Pneum Det\archive\chest_xray\chest_xray\train\PNEUMONIA\person1883_bacteria_4769.jpeg,person1883,PNEUMONIA,6.940890312194824,0.9990335270550106,0.984530216669081
d:\Pneum Det\archive\chest_xray\chest_xray\train\PNEUMONIA\person1888_bacteria_4775.jpeg,person1888,PNEUMONIA,8.352886199951172,0.9997643403340973,0.9932950599202275
d:\Pneum Det\archive\chest_xray\chest_xray\train\PNEUMONIA\person1905_bacteria_4801.jpeg,person1905,PNEUMONIA,1.9284157752990723,0.8730739664610667,0.7602264727791168
d:\Pneum Det\archive\chest_xray\chest_xray\train\PNEUMONIA\person1916_bacteria_4821.jpeg,person1916,PNEUMONIA,10.110305786132812,0.9999593432808823,0.9976471783228003
d:\Pneum Det\archive\chest_xray\chest_xray\train\PNEUMONIA\person1922_bacteria_4830.jpeg,person1922,PNEUMONIA,5.531497955322266,0.9960555674984396,0.9647677852109643
d:\Pneum Det\archive\chest_xray\chest_xray\train\PNEUMONIA\person1924_bacteria_4832.jpeg,person1924,PNEUMONIA,-2.647732973098755,0.06612887402520304,0.17018098835543327
d:\Pneum Det\archive\chest_xray\chest_xray\train\PNEUMONIA\person1924_bacteria_4833.jpeg,person1924,PNEUMONIA,6.01347541809082,0.9975603922396227,0.9733597697793729
d:\Pneum Det\archive\chest_xray\chest_xray\train\PNEUMONIA\person1926_bacteria_4835.jpeg,person1926,PNEUMONIA,11.447175979614258,0.9999893205226099,0.9989413885927878
d:\Pneum Det\archive\chest_xray\chest_xray\train\PNEUMONIA\person1938_bacteria_4854.jpeg,person1938,PNEUMONIA,7.512271881103516,0.9994539598610584,0.988960537549321
d:\Pneum Det\archive\chest_xray\chest_xray\train\PNEUMONIA\person1944_bacteria_4869.jpeg,person1944,PNEUMONIA,8.992742538452148,0.9998757067468188,0.9954181457596913
d:\Pneum Det\archive\chest_xray\chest_xray\train\PNEUMONIA\person1_bacteria_1.jpeg,person1,PNEUMONIA,5.7574052810668945,0.9968506512685267,0.96908481195989
d:\Pneum Det\archive\chest_xray\chest_xray\train\PNEUMONIA\person1_bacteria_2.jpeg,person1,PNEUMONIA,6.393251419067383,0.9983299852659876,0.9786595788144375
d:\Pneum Det\archive\chest_xray\chest_xray\train\PNEUMONIA\person23_bacteria_100.jpeg,person23,PNEUMONIA,8.554051399230957,0.999807274592886,0.9940509445925986
d:\Pneum Det\archive\chest_xray\chest_xray\train\PNEUMONIA\person23_bacteria_101.jpeg,person23,PNEUMONIA,6.843438148498535,0.9989347055197961,0.9836165217203009
d:\Pneum Det\archive\chest_xray\chest_xray\train\PNEUMONIA\person23_bacteria_102.jpeg,person23,PNEUMONIA,8.657635688781738,0.9998262354730046,0.9944064871853191
d:\Pneum Det\archive\chest_xray\chest_xray\train\PNEUMONIA\person23_bacteria_103.jpeg,person23,PNEUMONIA,5.328319072723389,0.995171210954832,0.9603934603911245
d:\Pneum Det\archive\chest_xray\chest_xray\train\PNEUMONIA\person23_bacteria_104.jpeg,person23,PNEUMONIA,10.057748794555664,0.9999571494315106,0.9975721912505361
d:\Pneum Det\archive\chest_xray\chest_xray\train\PNEUMONIA\person23_bacteria_105.jpeg,person23,PNEUMONIA,6.748042106628418,0.9988282004013034,0.982670775826801
d:\Pneum Det\archive\chest_xray\chest_xray\train\PNEUMONIA\person23_bacteria_106.jpeg,person23,PNEUMONIA,7.5866217613220215,0.9994930655356276,0.9894358361331559
d:\Pneum Det\archive\chest_xray\chest_xray\train\PNEUMONIA\person23_bacteria_107.jpeg,person23,PNEUMONIA,8.278778076171875,0.9997462172295081,0.992993170779592
d:\Pneum Det\archive\chest_xray\chest_xray\train\PNEUMONIA\person23_bacteria_78.jpeg,person23,PNEUMONIA,9.009620666503906,0.9998777867254288,0.9954639784623284
d:\Pneum Det\archive\chest_xray\chest_xray\train\PNEUMONIA\person23_bacteria_79.jpeg,person23,PNEUMONIA,7.349424362182617,0.9993574507676715,0.9878443818052692
d:\Pneum Det\archive\chest_xray\chest_xray\train\PNEUMONIA\person23_bacteria_80.jpeg,person23,PNEUMONIA,4.612212181091309,0.9901678045871256,0.9404670242467936
d:\Pneum Det\archive\chest_xray\chest_xray\train\PNEUMONIA\person23_bacteria_81.jpeg,person23,PNEUMONIA,7.856529235839844,0.9996129344023653,0.9909971824499397
d:\Pneum Det\archive\chest_xray\chest_xray\train\PNEUMONIA\person23_bacteria_82.jpeg,person23,PNEUMONIA,6.829352378845215,0.9989196101737196,0.9834801389758314
d:\Pneum Det\archive\chest_xray\chest_xray\train\PNEUMONIA\person23_bacteria_83.jpeg,person23,PNEUMONIA,1.8620816469192505,0.8655393964904734,0.7529166228980264
d:\Pneum Det\archive\chest_xray\chest_xray\train\PNEUMONIA\person23_bacteria_84.jpeg,person23,PNEUMONIA,5.234933853149414,0.994701051587167,0.9582123731389633
d:\Pneum Det\archive\chest_xray\chest_xray\train\PNEUMONIA\person23_bacteria_85.jpeg,person23,PNEUMONIA,6.635859489440918,0.9986892700446778,0.9814898456643816
d:\Pneum Det\archive\chest_xray\chest_xray\train\PNEUMONIA\person23_bacteria_86.jpeg,person23,PNEUMONIA,5.43218469619751,0.9956455139552702,0.9626910649109222
d:\Pneum Det\archive\chest_xray\chest_xray\train\PNEUMONIA\person23_bacteria_87.jpeg,person23,PNEUMONIA,6.187388896942139,0.997949029070874,0.9759293578754812
d:\Pneum Det\archive\chest_xray\chest_xray\train\PNEUMONIA\person23_bacteria_88.jpeg,person23,PNEUMONIA,6.724410057067871,0.9988002121928472,0.9824283207615156
d:\Pneum Det\archive\chest_xray\chest_xray\train\PNEUMONIA\person23_bacteria_89.jpeg,person23,PNEUMONIA,6.2106099128723145,0.9979960116554878,0.9762536178898188
d:\Pneum Det\archive\chest_xray\chest_xray\train\PNEUMONIA\person23_bacteria_90.jpeg,person23,PNEUMONIA,7.591782093048096,0.9994956734317424,0.9894680631268451
d:\Pneum Det\archive\chest_xray\chest_xray\train\PNEUMONIA\person23_bacteria_91.jpeg,person23,PNEUMONIA,9.5115966796875,0.9999260166629977,0.9966369223690975
d:\Pneum Det\archive\chest_xray\chest_xray\train\PNEUMONIA\person23_bacteria_92.jpeg,person23,PNEUMONIA,5.919101715087891,0.9973195905686836,0.9718556355663658
d:\Pneum Det\archive\chest_xray\chest_xray\train\PNEUMONIA\person23_bacteria_93.jpeg,person23,PNEUMONIA,6.425538539886475,0.9983829582680134,0.9790593655922857
d:\Pneum Det\archive\chest_xray\chest_xray\train\PNEUMONIA\person23_bacteria_94.jpeg,person23,PNEUMONIA,7.762110710144043,0.999574623618329,0.9904788807596098
d:\Pneum Det\archive\chest_xray\chest_xray\train\PNEUMONIA\person23_bacteria_95.jpeg,person23,PNEUMONIA,7.958598613739014,0.9996504794484801,0.9915260642907123
d:\Pneum Det\archive\chest_xray\chest_xray\train\PNEUMONIA\person23_bacteria_96.jpeg,person23,PNEUMONIA,7.411747932434082,0.9993962509121777,0.9882841399460656
d:\Pneum Det\archive\chest_xray\chest_xray\train\PNEUMONIA\person23_bacteria_97.jpeg,person23,PNEUMONIA,-2.310133457183838,0.09028718254339503,0.2006345720530625
d:\Pneum Det\archive\chest_xray\chest_xray\train\PNEUMONIA\person23_bacteria_98.jpeg,person23,PNEUMONIA,7.686216354370117,0.9995410986804099,0.9900409303116835
d:\Pneum Det\archive\chest_xray\chest_xray\train\PNEUMONIA\person23_bacteria_99.jpeg,person23,PNEUMONIA,6.695571422576904,0.9987651515562873,0.9821279316438883
d:\Pneum Det\archive\chest_xray\chest_xray\train\PNEUMONIA\person253_bacteria_1152.jpeg,person253,PNEUMONIA,10.624237060546875,0.9999756812130214,0.9982689758405571
d:\Pneum Det\archive\chest_xray\chest_xray\train\PNEUMONIA\person253_bacteria_1153.jpeg,person253,PNEUMONIA,6.866243839263916,0.9989587003488518,0.9838349894500089
d:\Pneum Det\archive\chest_xray\chest_xray\train\PNEUMONIA\person253_bacteria_1154.jpeg,person253,PNEUMONIA,8.25409984588623,0.9997398780508381,0.9928896749897722
d:\Pneum Det\archive\chest_xray\chest_xray\train\PNEUMONIA\person253_bacteria_1155.jpeg,person253,PNEUMONIA,6.864138603210449,0.9989565081480669,0.9838149429118506
d:\Pneum Det\archive\chest_xray\chest_xray\train\PNEUMONIA\person253_bacteria_1156.jpeg,person253,PNEUMONIA,7.912820816040039,0.9996341132759935,0.9912927832863261
d:\Pneum Det\archive\chest_xray\chest_xray\train\PNEUMONIA\person253_bacteria_1157.jpeg,person253,PNEUMONIA,6.572442054748535,0.998603574408665,0.980787686461013
d:\Pneum Det\archive\chest_xray\chest_xray\train\PNEUMONIA\person260_bacteria_1222.jpeg,person260,PNEUMONIA,7.914255142211914,0.9996346375091045,0.9913001882291913
d:\Pneum Det\archive\chest_xray\chest_xray\train\PNEUMONIA\person260_bacteria_1223.jpeg,person260,PNEUMONIA,8.514174461364746,0.9997994355759567,0.9939081593139844
d:\Pneum Det\archive\chest_xray\chest_xray\train\PNEUMONIA\person260_bacteria_1224.jpeg,person260,PNEUMONIA,8.862419128417969,0.9998584079794673,0.9950483795142835
d:\Pneum Det\archive\chest_xray\chest_xray\train\PNEUMONIA\person260_virus_541.jpeg,person260,PNEUMONIA,9.933158874511719,0.9999514641283406,0.9973847673306873
d:\Pneum Det\archive\chest_xray\chest_xray\train\PNEUMONIA\person264_bacteria_1228.jpeg,person264,PNEUMONIA,8.355001449584961,0.9997648381691877,0.9933034843259441
d:\Pneum Det\archive\chest_xray\chest_xray\train\PNEUMONIA\person264_bacteria_1229.jpeg,person264,PNEUMONIA,11.240689277648926,0.9999868712018242,0.9988023324718232
d:\Pneum Det\archive\chest_xray\chest_xray\train\PNEUMONIA\person264_bacteria_1230.jpeg,person264,PNEUMONIA,10.603616714477539,0.9999751745579173,0.9982475224960486
d:\Pneum Det\archive\chest_xray\chest_xray\train\PNEUMONIA\person264_bacteria_1231.jpeg,person264,PNEUMONIA,10.603616714477539,0.9999751745579173,0.9982475224960486
d:\Pneum Det\archive\chest_xray\chest_xray\train\PNEUMONIA\person264_bacteria_1232.jpeg,person264,PNEUMONIA,8.0062894821167,0.9996667517285707,0.9917625046735038
d:\Pneum Det\archive\chest_xray\chest_xray\train\PNEUMONIA\person264_bacteria_1233.jpeg,person264,PNEUMONIA,8.973644256591797,0.9998733104502324,0.9953657280821249
d:\Pneum Det\archive\chest_xray\chest_xray\train\PNEUMONIA\person264_bacteria_1234.jpeg,person264,PNEUMONIA,7.378866195678711,0.9993760811893563,0.988054120373485
d:\Pneum Det\archive\chest_xray\chest_xray\train\PNEUMONIA\person264_virus_547.jpeg,person264,PNEUMONIA,9.610107421875,0.9999329568735474,0.996828824344745
d:\Pneum Det\archive\chest_xray\chest_xray\train\PNEUMONIA\person266_bacteria_1237.jpeg,person266,PNEUMONIA,8.577081680297852,0.999811661566716,0.9941318873194971
d:\Pneum Det\archive\chest_xray\chest_xray\train\PNEUMONIA\person266_bacteria_1238.jpeg,person266,PNEUMONIA,8.577081680297852,0.999811661566716,0.9941318873194971
d:\Pneum Det\archive\chest_xray\chest_xray\train\PNEUMONIA\person266_bacteria_1239.jpeg,person266,PNEUMONIA,8.974832534790039,0.9998734608842164,0.9953690068069456
d:\Pneum Det\archive\chest_xray\chest_xray\train\PNEUMONIA\person266_bacteria_1240.jpeg,person266,PNEUMONIA,9.246244430541992,0.9999035360215073,0.9960604799369329
d:\Pneum Det\archive\chest_xray\chest_xray\train\PNEUMONIA\person266_bacteria_1241.jpeg,person266,PNEUMONIA,11.568397521972656,0.9999905397049135,0.9990153846029916
d:\Pneum Det\archive\chest_xray\chest_xray\train\PNEUMONIA\person266_bacteria_1242.jpeg,person266,PNEUMONIA,7.314010143280029,0.9993343030772043,0.9875872738470883
d:\Pneum Det\archive\chest_xray\chest_xray\train\PNEUMONIA\person266_bacteria_1244.jpeg,person266,PNEUMONIA,10.473388671875,0.9999717217316334,0.9981057668585837
d:\Pneum Det\archive\chest_xray\chest_xray\train\PNEUMONIA\person266_bacteria_1245.jpeg,person266,PNEUMONIA,11.824174880981445,0.9999926747421788,0.9991549977362598
d:\Pneum Det\archive\chest_xray\chest_xray\train\PNEUMONIA\person266_bacteria_1247.jpeg,person266,PNEUMONIA,10.01307487487793,0.9999551918127476,0.9975065801093508
d:\Pneum Det\archive\chest_xray\chest_xray\train\PNEUMONIA\person266_bacteria_1248.jpeg,person266,PNEUMONIA,9.64177131652832,0.9999350463274583,0.9968881576967088
d:\Pneum Det\archive\chest_xray\chest_xray\train\PNEUMONIA\person266_bacteria_1249.jpeg,person266,PNEUMONIA,7.699403762817383,0.9995471079483494,0.9901184351091565
d:\Pneum Det\archive\chest_xray\chest_xray\train\PNEUMONIA\person266_virus_549.jpeg,person266,PNEUMONIA,8.306901931762695,0.9997532534123182,0.993109294211364
d:\Pneum Det\archive\chest_xray\chest_xray\train\PNEUMONIA\person268_virus_553.jpeg,person268,PNEUMONIA,7.980147838592529,0.9996579282230809,0.9916337223867319
d:\Pneum Det\archive\chest_xray\chest_xray\train\PNEUMONIA\person274_bacteria_1288.jpeg,person274,PNEUMONIA,5.423709869384766,0.9956086163681845,0.9625084965516529
d:\Pneum Det\archive\chest_xray\chest_xray\train\PNEUMONIA\person274_bacteria_1289.jpeg,person274,PNEUMONIA,4.494894504547119,0.988957441149323,0.9364129003745596
d:\Pneum Det\archive\chest_xray\chest_xray\train\PNEUMONIA\person274_bacteria_1290.jpeg,person274,PNEUMONIA,1.4062014818191528,0.8031661262159622,0.6987684106923358
d:\Pneum Det\archive\chest_xray\chest_xray\train\PNEUMONIA\person274_virus_563.jpeg,person274,PNEUMONIA,8.184325218200684,0.9997210851924104,0.9925887697638368
d:\Pneum Det\archive\chest_xray\chest_xray\train\PNEUMONIA\person279_bacteria_1315.jpeg,person279,PNEUMONIA,0.17770671844482422,0.5443101326300704,0.526558925751737
d:\Pneum Det\archive\chest_xray\chest_xray\train\PNEUMONIA\person279_bacteria_1316.jpeg,person279,PNEUMONIA,-3.965587615966797,0.018604215818791167,0.08526110353436313
d:\Pneum Det\archive\chest_xray\chest_xray\train\PNEUMONIA\person279_virus_576.jpeg,person279,PNEUMONIA,-8.75553035736084,0.00015756256628257577,0.005276947373756586
d:\Pneum Det\archive\chest_xray\chest_xray\train\PNEUMONIA\person280_bacteria_1318.jpeg,person280,PNEUMONIA,-2.7760133743286133,0.05863421551096094,0.15961368229597805
d:\Pneum Det\archive\chest_xray\chest_xray\train\PNEUMONIA\person280_bacteria_1320.jpeg,person280,PNEUMONIA,6.11536169052124,0.9977961907348465,0.9748958575314038
d:\Pneum Det\archive\chest_xray\chest_xray\train\PNEUMONIA\person280_bacteria_1321.jpeg,person280,PNEUMONIA,9.777656555175781,0.9999432986908308,0.9971304729116587
d:\Pneum Det\archive\chest_xray\chest_xray\train\PNEUMONIA\person280_bacteria_1322.jpeg,person280,PNEUMONIA,7.402148246765137,0.9993904307524981,0.988217442800083
d:\Pneum Det\archive\chest_xray\chest_xray\train\PNEUMONIA\person280_virus_577.jpeg,person280,PNEUMONIA,-0.4970202147960663,0.3782411844842305,0.4261917417506196
d:\Pneum Det\archive\chest_xray\chest_xray\train\PNEUMONIA\person291_bacteria_1374.jpeg,person291,PNEUMONIA,8.888754844665527,0.9998620877254277,0.9951254216729879
d:\Pneum Det\archive\chest_xray\chest_xray\train\PNEUMONIA\person291_bacteria_1376.jpeg,person291,PNEUMONIA,8.201835632324219,0.999725925268105,0.9926654515084087
d:\Pneum Det\archive\chest_xray\chest_xray\train\PNEUMONIA\person291_bacteria_1377.jpeg,person291,PNEUMONIA,8.463706016540527,0.9997890558144579,0.9937225569989849
d:\Pneum Det\archive\chest_xray\chest_xray\train\PNEUMONIA\person291_virus_596.jpeg,person291,PNEUMONIA,8.22282600402832,0.9997316167128738,0.9927563354663265
d:\Pneum Det\archive\chest_xray\chest_xray\train\PNEUMONIA\person296_bacteria_1391.jpeg,person296,PNEUMONIA,9.136361122131348,0.9998923331472175,0.9957938701195664
d:\Pneum Det\archive\chest_xray\chest_xray\train\PNEUMONIA\person296_bacteria_1392.jpeg,person296,PNEUMONIA,9.606101989746094,0.9999326878164453,0.9968212388638825
d:\Pneum Det\archive\chest_xray\chest_xray\train\PNEUMONIA\person296_bacteria_1393.jpeg,person296,PNEUMONIA,9.000364303588867,0.9998766503633694,0.9954388995333918
d:\Pneum Det\archive\chest_xray\chest_xray\train\PNEUMONIA\person296_bacteria_1394.jpeg,person296,PNEUMONIA,7.908174991607666,0.9996324101020975,0.9912687555438152
d:\Pneum Det\archive\chest_xray\chest_xray\train\PNEUMONIA\person296_bacteria_1395.jpeg,person296,PNEUMONIA,7.545393943786621,0.9994717401964872,0.989174835155757
d:\Pneum Det\archive\chest_xray\chest_xray\train\PNEUMONIA\person296_bacteria_1396.jpeg,person296,PNEUMONIA,7.630666732788086,0.9995148982776482,0.989707795232026
d:\Pneum Det\archive\chest_xray\chest_xray\train\PNEUMONIA\person296_bacteria_1397.jpeg,person296,PNEUMONIA,3.6121227741241455,0.9737150654024131,0.8967306331357932
d:\Pneum Det\archive\chest_xray\chest_xray\train\PNEUMONIA\person296_virus_613.jpeg,person296,PNEUMONIA,6.498730659484863,0.998496913887887,0.9799386980016137
d:\Pneum Det\archive\chest_xray\chest_xray\train\PNEUMONIA\person29_bacteria_144.jpeg,person29,PNEUMONIA,8.83322525024414,0.9998542140410945,0.9949615594885766
d:\Pneum Det\archive\chest_xray\chest_xray\train\PNEUMONIA\person305_bacteria_1435.jpeg,person305,PNEUMONIA,10.202164649963379,0.9999629114306359,0.9977727339563789
d:\Pneum Det\archive\chest_xray\chest_xray\train\PNEUMONIA\person305_bacteria_1436.jpeg,person305,PNEUMONIA,9.0283203125,0.9998800505638179,0.9955142247607107
d:\Pneum Det\archive\chest_xray\chest_xray\train\PNEUMONIA\person305_bacteria_1437.jpeg,person305,PNEUMONIA,8.029594421386719,0.9996744257620156,0.9918756538393556
d:\Pneum Det\archive\chest_xray\chest_xray\train\PNEUMONIA\person305_virus_627.jpeg,person305,PNEUMONIA,9.117019653320312,0.9998902306738108,0.995745115979666
d:\Pneum Det\archive\chest_xray\chest_xray\train\PNEUMONIA\person307_bacteria_1441.jpeg,person307,PNEUMONIA,9.852924346923828,0.9999474095986498,0.9972564984853187
d:\Pneum Det\archive\chest_xray\chest_xray\train\PNEUMONIA\person307_bacteria_1442.jpeg,person307,PNEUMONIA,3.444101095199585,0.9690547349271657,0.8870417992087283
d:\Pneum Det\archive\chest_xray\chest_xray\train\PNEUMONIA\person307_virus_629.jpeg,person307,PNEUMONIA,9.349626541137695,0.9999130096648107,0.9962959245967997
d:\Pneum Det\archive\chest_xray\chest_xray\train\PNEUMONIA\person313_bacteria_1457.jpeg,person313,PNEUMONIA,8.881016731262207,0.9998610165538494,0.9951029092836104
d:\Pneum Det\archive\chest_xray\chest_xray\train\PNEUMONIA\person313_bacteria_1458.jpeg,person313,PNEUMONIA,7.960132598876953,0.9996510150098233,0.99153377315016
d:\Pneum Det\archive\chest_xray\chest_xray\train\PNEUMONIA\person313_bacteria_1459.jpeg,person313,PNEUMONIA,9.456472396850586,0.999921824212076,0.9965245328617082
d:\Pneum Det\archive\chest_xray\chest_xray\train\PNEUMONIA\person313_bacteria_1460.jpeg,person313,PNEUMONIA,9.465095520019531,0.9999224953813303,0.9965423578465632
d:\Pneum Det\archive\chest_xray\chest_xray\train\PNEUMONIA\person313_virus_637.jpeg,person313,PNEUMONIA,8.486871719360352,0.9997938853221101,0.9938084385656364
d:\Pneum Det\archive\chest_xray\chest_xray\train\PNEUMONIA\person315_bacteria_1464.jpeg,person315,PNEUMONIA,8.174522399902344,0.9997183383700321,0.9925454943084022
d:\Pneum Det\archive\chest_xray\chest_xray\train\PNEUMONIA\person315_bacteria_1465.jpeg,person315,PNEUMONIA,7.744923114776611,0.9995672524199793,0.9903814005603003
d:\Pneum Det\archive\chest_xray\chest_xray\train\PNEUMONIA\person315_bacteria_1466.jpeg,person315,PNEUMONIA,8.037362098693848,0.9996769441071333,0.9919130235625018
d:\Pneum Det\archive\chest_xray\chest_xray\train\PNEUMONIA\person315_bacteria_1467.jpeg,person315,PNEUMONIA,9.656281471252441,0.9999359819505271,0.996914976495324
d:\Pneum Det\archive\chest_xray\chest_xray\train\PNEUMONIA\person315_bacteria_1468.jpeg,person315,PNEUMONIA,9.266647338867188,0.9999054840409883,0.9961080977111817
d:\Pneum Det\archive\chest_xray\chest_xray\train\PNEUMONIA\person319_bacteria_1475.jpeg,person319,PNEUMONIA,9.266952514648438,0.9999055128778443,0.9961088055831652
d:\Pneum Det\archive\chest_xray\chest_xray\train\PNEUMONIA\person319_bacteria_1476.jpeg,person319,PNEUMONIA,9.978682518005371,0.9999536240195306,0.9974548667573134
d:\Pneum Det\archive\chest_xray\chest_xray\train\PNEUMONIA\person319_bacteria_1477.jpeg,person319,PNEUMONIA,8.96697998046875,0.9998724634445642,0.9953472969947015
d:\Pneum Det\archive\chest_xray\chest_xray\train\PNEUMONIA\person319_bacteria_1478.jpeg,person319,PNEUMONIA,8.146785736083984,0.999710418957062,0.9924216848277239
d:\Pneum Det\archive\chest_xray\chest_xray\train\PNEUMONIA\person319_bacteria_1479.jpeg,person319,PNEUMONIA,7.397041320800781,0.9993873116771304,0.9881818079184707
d:\Pneum Det\archive\chest_xray\chest_xray\train\PNEUMONIA\person319_bacteria_1480.jpeg,person319,PNEUMONIA,6.393427848815918,0.9983302793883536,0.9786617835682945
d:\Pneum Det\archive\chest_xray\chest_xray\train\PNEUMONIA\person319_virus_645.jpeg,person319,PNEUMONIA,7.258073806762695,0.9992960322569643,0.9871701958723531
d:\Pneum Det\archive\chest_xray\chest_xray\train\PNEUMONIA\person319_virus_646.jpeg,person319,PNEUMONIA,5.025733947753906,0.9934760760127773,0.9529023143690696
d:\Pneum Det\archive\chest_xray\chest_xray\train\PNEUMONIA\person323_virus_656.jpeg,person323,PNEUMONIA,3.5951874256134033,0.9732781265573601,0.8957884201776105
d:\Pneum Det\archive\chest_xray\chest_xray\train\PNEUMONIA\person331_bacteria_1526.jpeg,person331,PNEUMONIA,8.519620895385742,0.9998005247502101,0.9939278601091658
d:\Pneum Det\archive\chest_xray\chest_xray\train\PNEUMONIA\person331_bacteria_1527.jpeg,person331,PNEUMONIA,5.900972366333008,0.9972706871657424,0.971557388967807
d:\Pneum Det\archive\chest_xray\chest_xray\train\PNEUMONIA\person331_bacteria_1528.jpeg,person331,PNEUMONIA,8.49515151977539,0.9997955845174461,0.9938388499526033
d:\Pneum Det\archive\chest_xray\chest_xray\train\PNEUMONIA\person331_bacteria_1529.jpeg,person331,PNEUMONIA,8.780715942382812,0.999846355581883,0.9948015722962765
d:\Pneum Det\archive\chest_xray\chest_xray\train\PNEUMONIA\person331_bacteria_1530.jpeg,person331,PNEUMONIA,7.509514808654785,0.9994524531370329,0.988942511479543
d:\Pneum Det\archive\chest_xray\chest_xray\train\PNEUMONIA\person331_virus_684.jpeg,person331,PNEUMONIA,8.828326225280762,0.9998534981846078,0.9949468425327715
d:\Pneum Det\archive\chest_xray\chest_xray\train\PNEUMONIA\person338_bacteria_1567.jpeg,person338,PNEUMONIA,6.8095245361328125,0.9988979984319627,0.9832862664214596
d:\Pneum Det\archive\chest_xray\chest_xray\train\PNEUMONIA\person338_bacteria_1568.jpeg,person338,PNEUMONIA,7.818977355957031,0.9995981289563597,0.9907944805604099
d:\Pneum Det\archive\chest_xray\chest_xray\train\PNEUMONIA\person338_virus_694.jpeg,person338,PNEUMONIA,8.850465774536133,0.9998567055679717,0.9950130127285809
d:\Pneum Det\archive\chest_xray\chest_xray\train\PNEUMONIA\person344_bacteria_1585.jpeg,person344,PNEUMONIA,1.7972378730773926,0.857812370477915,0.7456277185439406
d:\Pneum Det\archive\chest_xray\chest_xray\train\PNEUMONIA\person344_virus_705.jpeg,person344,PNEUMONIA,7.7341084480285645,0.9995625490595981,0.9903195587898063
d:\Pneum Det\archive\chest_xray\chest_xray\train\PNEUMONIA\person350_virus_725.jpeg,person350,PNEUMONIA,8.8173828125,0.9998518863890424,0.9949138132306011
d:\Pneum Det\archive\chest_xray\chest_xray\train\PNEUMONIA\person353_bacteria_1626.jpeg,person353,PNEUMONIA,7.386081695556641,0.9993805640941791,0.988104974480297
d:\Pneum Det\archive\chest_xray\chest_xray\train\PNEUMONIA\person353_bacteria_1628.jpeg,person353,PNEUMONIA,6.906691074371338,0.998999936357404,0.9842154289897507
d:\Pneum Det\archive\chest_xray\chest_xray\train\PNEUMONIA\person353_virus_728.jpeg,person353,PNEUMONIA,-4.518538475036621,0.010787314757110244,0.06274985578548421
d:\Pneum Det\archive\chest_xray\chest_xray\train\PNEUMONIA\person354_bacteria_1632.jpeg,person354,PNEUMONIA,9.935592651367188,0.9999515821044801,0.997388563231716
d:\Pneum Det\archive\chest_xray\chest_xray\train\PNEUMONIA\person354_bacteria_1633.jpeg,person354,PNEUMONIA,10.530900955200195,0.9999733021535577,0.9981697289340571
d:\Pneum Det\archive\chest_xray\chest_xray\train\PNEUMONIA\person354_bacteria_1634.jpeg,person354,PNEUMONIA,11.224246978759766,0.9999866535526588,0.9987905051334213
d:\Pneum Det\archive\chest_xray\chest_xray\train\PNEUMONIA\person354_bacteria_1635.jpeg,person354,PNEUMONIA,12.129890441894531,0.9999946042331995,0.9992961627709562
d:\Pneum Det\archive\chest_xray\chest_xray\train\PNEUMONIA\person354_virus_729.jpeg,person354,PNEUMONIA,6.556057929992676,0.9985805394854615,0.98060207621204
d:\Pneum Det\archive\chest_xray\chest_xray\train\PNEUMONIA\person361_bacteria_1651.jpeg,person361,PNEUMONIA,10.494492530822754,0.9999723122427487,0.9981294925310409
d:\Pneum Det\archive\chest_xray\chest_xray\train\PNEUMONIA\person361_virus_740.jpeg,person361,PNEUMONIA,8.871585845947266,0.999859699801494,0.9950753322107768
d:\Pneum Det\archive\chest_xray\chest_xray\train\PNEUMONIA\person365_virus_745.jpeg,person365,PNEUMONIA,8.342608451843262,0.9997619063736962,0.9932539766579233
d:\Pneum Det\archive\chest_xray\chest_xray\train\PNEUMONIA\person369_bacteria_1680.jpeg,person369,PNEUMONIA,11.42007827758789,0.9999890271799834,0.9989241022605214
d:\Pneum Det\archive\chest_xray\chest_xray\train\PNEUMONIA\person369_virus_750.jpeg,person369,PNEUMONIA,11.951753616333008,0.9999935521258086,0.9992170560505068
d:\Pneum Det\archive\chest_xray\chest_xray\train\PNEUMONIA\person376_bacteria_1715.jpeg,person376,PNEUMONIA,5.95422887802124,0.9974118717844241,0.9724248945599859
d:\Pneum Det\archive\chest_xray\chest_xray\train\PNEUMONIA\person376_bacteria_1716.jpeg,person376,PNEUMONIA,10.141426086425781,0.9999605889962715,0.9976904861953874
d:\Pneum Det\archive\chest_xray\chest_xray\train\PNEUMONIA\person376_virus_759.jpeg,person376,PNEUMONIA,5.505939483642578,0.9959538676269559,0.9642442297671237
d:\Pneum Det\archive\chest_xray\chest_xray\train\PNEUMONIA\person384_bacteria_1755.jpeg,person384,PNEUMONIA,4.717278480529785,0.9911397317154441,0.9438910586294952
d:\Pneum Det\archive\chest_xray\chest_xray\train\PNEUMONIA\person384_virus_769.jpeg,person384,PNEUMONIA,7.5267462730407715,0.9994618023120687,0.9890546971872352
d:\Pneum Det\archive\chest_xray\chest_xray\train\PNEUMONIA\person387_bacteria_1769.jpeg,person387,PNEUMONIA,7.587886333465576,0.999493705861313,0.989443742576206
d:\Pneum Det\archive\chest_xray\chest_xray\train\PNEUMONIA\person387_bacteria_1770.jpeg,person387,PNEUMONIA,9.443052291870117,0.9999207680971834,0.9964966096446345
d:\Pneum Det\archive\chest_xray\chest_xray\train\PNEUMONIA\person387_bacteria_1772.jpeg,person387,PNEUMONIA,10.345865249633789,0.9999678756861736,0.9979558723946375
d:\Pneum Det\archive\chest_xray\chest_xray\train\PNEUMONIA\person387_virus_772.jpeg,person387,PNEUMONIA,7.407397270202637,0.9993936200778211,0.9882539585627853
d:\Pneum Det\archive\chest_xray\chest_xray\train\PNEUMONIA\person38_bacteria_190.jpeg,person38,PNEUMONIA,6.842978477478027,0.9989342162442493,0.983612088570309
d:\Pneum Det\archive\chest_xray\chest_xray\train\PNEUMONIA\person38_bacteria_191.jpeg,person38,PNEUMONIA,5.662594795227051,0.9965385311912062,0.9673391498673233
d:\Pneum Det\archive\chest_xray\chest_xray\train\PNEUMONIA\person38_bacteria_192.jpeg,person38,PNEUMONIA,7.895340919494629,0.999627663791302,0.9912020369184632
d:\Pneum Det\archive\chest_xray\chest_xray\train\PNEUMONIA\person38_bacteria_193.jpeg,person38,PNEUMONIA,7.382433891296387,0.9993783017943153,0.988079291916616
d:\Pneum Det\archive\chest_xray\chest_xray\train\PNEUMONIA\person38_bacteria_194.jpeg,person38,PNEUMONIA,8.184381484985352,0.9997211008812315,0.9925890174376908
d:\Pneum Det\archive\chest_xray\chest_xray\train\PNEUMONIA\person38_bacteria_195.jpeg,person38,PNEUMONIA,8.941947937011719,0.999869231073806,0.9952774129529867
d:\Pneum Det\archive\chest_xray\chest_xray\train\PNEUMONIA\person38_bacteria_196.jpeg,person38,PNEUMONIA,8.756563186645508,0.9998426000593389,0.9947262956961794
d:\Pneum Det\archive\chest_xray\chest_xray\train\PNEUMONIA\person392_bacteria_1783.jpeg,person392,PNEUMONIA,5.660933017730713,0.9965327941787666,0.9673077189860151
d:\Pneum Det\archive\chest_xray\chest_xray\train\PNEUMONIA\person392_bacteria_1784.jpeg,person392,PNEUMONIA,9.423539161682129,0.9999192069780335,0.996455609351656
d:\Pneum Det\archive\chest_xray\chest_xray\train\PNEUMONIA\person392_bacteria_1785.jpeg,person392,PNEUMONIA,9.207096099853516,0.9998996851100397,0.995967481844527
d:\Pneum Det\archive\chest_xray\chest_xray\train\PNEUMONIA\person392_bacteria_1786.jpeg,person392,PNEUMONIA,9.025131225585938,0.9998796674701365,0.9955056949840247
d:\Pneum Det\archive\chest_xray\chest_xray\train\PNEUMONIA\person392_bacteria_1787.jpeg,person392,PNEUMONIA,9.763906478881836,0.9999425137038752,0.9971068343748696
d:\Pneum Det\archive\chest_xray\chest_xray\train\PNEUMONIA\person392_virus_782.jpeg,person392,PNEUMONIA,9.737937927246094,0.9999410014049811,0.9970616594678475
d:\Pneum Det\archive\chest_xray\chest_xray\train\PNEUMONIA\person397_bacteria_1797.jpeg,person397,PNEUMONIA,7.755341529846191,0.9995717356384721,0.9904406063953879
d:\Pneum Det\archive\chest_xray\chest_xray\train\PNEUMONIA\person397_virus_790.jpeg,person397,PNEUMONIA,6.7856292724609375,0.9988713787580202,0.983049649981017
d:\Pneum Det\archive\chest_xray\chest_xray\train\PNEUMONIA\person399_bacteria_1804.jpeg,person399,PNEUMONIA,10.390893936157227,0.9999692900744115,0.9980101062038907
d:\Pneum Det\archive\chest_xray\chest_xray\train\PNEUMONIA\person399_bacteria_1805.jpeg,person399,PNEUMONIA,8.965351104736328,0.9998722555606391,0.9953427810020526
d:\Pneum Det\archive\chest_xray\chest_xray\train\PNEUMONIA\person399_bacteria_1806.jpeg,person399,PNEUMONIA,8.96794319152832,0.9998725862143966,0.9953499654077248
d:\Pneum Det\archive\chest_xray\chest_xray\train\PNEUMONIA\person399_virus_793.jpeg,person399,PNEUMONIA,9.682840347290039,0.9999376597136028,0.9969634692249695
d:\Pneum Det\archive\chest_xray\chest_xray\train\PNEUMONIA\person400_bacteria_1807.jpeg,person400,PNEUMONIA,10.427078247070312,0.9999703813955724,0.9980526450879319
d:\Pneum Det\archive\chest_xray\chest_xray\train\PNEUMONIA\person400_virus_794.jpeg,person400,PNEUMONIA,2.050114870071411,0.8859592251871707,0.773248119388872
d:\Pneum Det\archive\chest_xray\chest_xray\train\PNEUMONIA\person405_bacteria_1817.jpeg,person405,PNEUMONIA,8.092462539672852,0.9996942578103496,0.9921732578439516
d:\Pneum Det\archive\chest_xray\chest_xray\train\PNEUMONIA\person405_virus_805.jpeg,person405,PNEUMONIA,9.511066436767578,0.9999259774263595,0.9966358587336973
d:\Pneum Det\archive\chest_xray\chest_xray\train\PNEUMONIA\person415_bacteria_1837.jpeg,person415,PNEUMONIA,7.589598178863525,0.9994945713795227,0.9894544361656031
d:\Pneum Det\archive\chest_xray\chest_xray\train\PNEUMONIA\person415_bacteria_1838.jpeg,person415,PNEUMONIA,8.236104965209961,0.9997351560687682,0.9928132523778412
d:\Pneum Det\archive\chest_xray\chest_xray\train\PNEUMONIA\person415_bacteria_1839.jpeg,person415,PNEUMONIA,9.177507400512695,0.9998966728854735,0.9958957450444105
d:\Pneum Det\archive\chest_xray\chest_xray\train\PNEUMONIA\person415_virus_847.jpeg,person415,PNEUMONIA,1.6721410751342773,0.8418610733241838,0.7311711045071814
d:\Pneum Det\archive\chest_xray\chest_xray\train\PNEUMONIA\person421_bacteria_1852.jpeg,person421,PNEUMONIA,9.97697925567627,0.9999535449654338,0.9974522780608557
d:\Pneum Det\archive\chest_xray\chest_xray\train\PNEUMONIA\person421_virus_866.jpeg,person421,PNEUMONIA,8.536284446716309,0.9998038205282346,0.9939877429736961
d:\Pneum Det\archive\chest_xray\chest_xray\train\PNEUMONIA\person425_bacteria_1860.jpeg,person425,PNEUMONIA,7.164264678955078,0.9992268505013452,0.9864394651298212
d:\Pneum Det\archive\chest_xray\chest_xray\train\PNEUMONIA\person425_virus_871.jpeg,person425,PNEUMONIA,7.138149261474609,0.9992064096539952,0.9862288328894745
d:\Pneum Det\archive\chest_xray\chest_xray\train\PNEUMONIA\person428_bacteria_1869.jpeg,person428,PNEUMONIA,7.854334831237793,0.9996120844210635,0.9909854598699637
d:\Pneum Det\archive\chest_xray\chest_xray\train\PNEUMONIA\person428_virus_876.jpeg,person428,PNEUMONIA,-1.951211929321289,0.1244212697517581,0.2372959008072106
d:\Pneum Det\archive\chest_xray\chest_xray\train\PNEUMONIA\person436_bacteria_1883.jpeg,person436,PNEUMONIA,7.423023223876953,0.9994030160838513,0.9883620026268871
d:\Pneum Det\archive\chest_xray\chest_xray\train\PNEUMONIA\person436_virus_886.jpeg,person436,PNEUMONIA,10.146275520324707,0.999960779647185,0.9976971628050008
d:\Pneum Det\archive\chest_xray\chest_xray\train\PNEUMONIA\person438_bacteria_1889.jpeg,person438,PNEUMONIA,6.770320892333984,0.9988539884257909,0.9828963359654858
d:\Pneum Det\archive\chest_xray\chest_xray\train\PNEUMONIA\person438_bacteria_1890.jpeg,person438,PNEUMONIA,8.928316116333008,0.9998674364876154,0.9952389175154325
d:\Pneum Det\archive\chest_xray\chest_xray\train\PNEUMONIA\person438_bacteria_1891.jpeg,person438,PNEUMONIA,8.706711769104004,0.9998345559070035,0.9945674787840931
d:\Pneum Det\archive\chest_xray\chest_xray\train\PNEUMONIA\person438_bacteria_1892.jpeg,person438,PNEUMONIA,6.71657657623291,0.9987907881796263,0.9823472196276286
d:\Pneum Det\archive\chest_xray\chest_xray\train\PNEUMONIA\person438_bacteria_1893.jpeg,person438,PNEUMONIA,7.180232048034668,0.9992390883083658,0.9865666803709522
d:\Pneum Det\archive\chest_xray\chest_xray\train\PNEUMONIA\person438_virus_889.jpeg,person438,PNEUMONIA,10.579741477966309,0.9999745747276341,0.9982223510029585
d:\Pneum Det\archive\chest_xray\chest_xray\train\PNEUMONIA\person439_bacteria_1895.jpeg,person439,PNEUMONIA,7.773421287536621,0.9995794057519027,0.99054249475484
d:\Pneum Det\archive\chest_xray\chest_xray\train\PNEUMONIA\person439_virus_890.jpeg,person439,PNEUMONIA,6.0230913162231445,0.9975836824174374,0.9735085668412458
d:\Pneum Det\archive\chest_xray\chest_xray\train\PNEUMONIA\person439_virus_891.jpeg,person439,PNEUMONIA,1.8735631704330444,0.8668700278901103,0.7541925029653286
d:\Pneum Det\archive\chest_xray\chest_xray\train\PNEUMONIA\person451_bacteria_1942.jpeg,person451,PNEUMONIA,11.476981163024902,0.9999896341263685,0.9989600818547544
d:\Pneum Det\archive\chest_xray\chest_xray\train\PNEUMONIA\person451_virus_932.jpeg,person451,PNEUMONIA,-9.172618865966797,0.00010383341677697343,0.004116228772997404
d:\Pneum Det\archive\chest_xray\chest_xray\train\PNEUMONIA\person453_virus_935.jpeg,person453,PNEUMONIA,7.711302757263184,0.9995524625760743,0.9901878550111447
d:\Pneum Det\archive\chest_xray\chest_xray\train\PNEUMONIA\person453_virus_936.jpeg,person453,PNEUMONIA,10.736574172973633,0.9999782652002759,0.998381328550795
d:\Pneum Det\archive\chest_xray\chest_xray\train\PNEUMONIA\person460_bacteria_1958.jpeg,person460,PNEUMONIA,8.259750366210938,0.9997413433512653,0.9929135053669436
d:\Pneum Det\archive\chest_xray\chest_xray\train\PNEUMONIA\person460_virus_948.jpeg,person460,PNEUMONIA,3.8071115016937256,0.978270416445232,0.9070462761635192
d:\Pneum Det\archive\chest_xray\chest_xray\train\PNEUMONIA\person461_bacteria_1960.jpeg,person461,PNEUMONIA,6.738162040710449,0.998816579331091,0.9825698127927055
d:\Pneum Det\archive\chest_xray\chest_xray\train\PNEUMONIA\person461_virus_949.jpeg,person461,PNEUMONIA,7.404350280761719,0.9993917707523788,0.9882327752777763
d:\Pneum Det\archive\chest_xray\chest_xray\train\PNEUMONIA\person461_virus_950.jpeg,person461,PNEUMONIA,9.565691947937012,0.9999299122155607,0.9967436914000697
d:\Pneum Det\archive\chest_xray\chest_xray\train\PNEUMONIA\person466_bacteria_1983.jpeg,person466,PNEUMONIA,7.967852592468262,0.9996536978695624,0.9915724636359574
d:\Pneum Det\archive\chest_xray\chest_xray\train\PNEUMONIA\person466_bacteria_1984.jpeg,person466,PNEUMONIA,9.590524673461914,0.9999316311362059,0.9967915662285112
d:\Pneum Det\archive\chest_xray\chest_xray\train\PNEUMONIA\person466_bacteria_1986.jpeg,person466,PNEUMONIA,8.502124786376953,0.9997970047142846,0.9938643473003103
d:\Pneum Det\archive\chest_xray\chest_xray\train\PNEUMONIA\person466_bacteria_1987.jpeg,person466,PNEUMONIA,8.643104553222656,0.9998236924908204,0.9943579145107129
d:\Pneum Det\archive\chest_xray\chest_xray\train\PNEUMONIA\person466_virus_960.jpeg,person466,PNEUMONIA,6.28754997253418,0.9981441408859701,0.9772978416620062
d:\Pneum Det\archive\chest_xray\chest_xray\train\PNEUMONIA\person467_bacteria_1988.jpeg,person467,PNEUMONIA,8.977716445922852,0.9998738252400989,0.9953769545630523
d:\Pneum Det\archive\chest_xray\chest_xray\train\PNEUMONIA\person467_bacteria_1989.jpeg,person467,PNEUMONIA,9.785616874694824,0.9999437482343503,0.9971440698278726
d:\Pneum Det\archive\chest_xray\chest_xray\train\PNEUMONIA\person467_virus_961.jpeg,person467,PNEUMONIA,2.616713285446167,0.9319295031852415,0.8271816979170026
d:\Pneum Det\archive\chest_xray\chest_xray\train\PNEUMONIA\person468_bacteria_1990.jpeg,person468,PNEUMONIA,10.425688743591309,0.9999703402130341,0.998051028446672
d:\Pneum Det\archive\chest_xray\chest_xray\train\PNEUMONIA\person468_bacteria_1991.jpeg,person468,PNEUMONIA,-1.9957062005996704,0.11965448105132512,0.23251099364929548
d:\Pneum Det\archive\chest_xray\chest_xray\train\PNEUMONIA\person468_virus_963.jpeg,person468,PNEUMONIA,6.288237571716309,0.9981454141687616,0.9773069684877427
d:\Pneum Det\archive\chest_xray\chest_xray\train\PNEUMONIA\person474_virus_971.jpeg,person474,PNEUMONIA,1.1347144842147827,0.756707890714126,0.6635128282586635
d:\Pneum Det\archive\chest_xray\chest_xray\train\PNEUMONIA\person479_virus_978.jpeg,person479,PNEUMONIA,6.01146936416626,0.997555505318145,0.9733286256380164
d:\Pneum Det\archive\chest_xray\chest_xray\train\PNEUMONIA\person481_bacteria_2041.jpeg,person481,PNEUMONIA,5.033387184143066,0.9935254925393142,0.9531074155186205
d:\Pneum Det\archive\chest_xray\chest_xray\train\PNEUMONIA\person481_bacteria_2042.jpeg,person481,PNEUMONIA,8.555953979492188,0.9998076408493813,0.9940576732899732
d:\Pneum Det\archive\chest_xray\chest_xray\train\PNEUMONIA\person481_virus_983.jpeg,person481,PNEUMONIA,4.173682689666748,0.9848379675474062,0.9239621469201617
d:\Pneum Det\archive\chest_xray\chest_xray\train\PNEUMONIA\person489_bacteria_2063.jpeg,person489,PNEUMONIA,6.925106048583984,0.9990181660571158,0.984385705298726
d:\Pneum Det\archive\chest_xray\chest_xray\train\PNEUMONIA\person489_bacteria_2064.jpeg,person489,PNEUMONIA,7.8471360206604,0.9996092829097039,0.9909468972946002
d:\Pneum Det\archive\chest_xray\chest_xray\train\PNEUMONIA\person489_bacteria_2065.jpeg,person489,PNEUMONIA,8.954994201660156,0.9998709258205234,0.9953139646696797
d:\Pneum Det\archive\chest_xray\chest_xray\train\PNEUMONIA\person489_bacteria_2066.jpeg,person489,PNEUMONIA,9.071416854858398,0.9998851095798211,0.9956279259080224
d:\Pneum Det\archive\chest_xray\chest_xray\train\PNEUMONIA\person489_bacteria_2067.jpeg,person489,PNEUMONIA,4.15269660949707,0.9845213908493823,0.9230751878919945
d:\Pneum Det\archive\chest_xray\chest_xray\train\PNEUMONIA\person489_virus_994.jpeg,person489,PNEUMONIA,10.969215393066406,0.9999827764446984,0.9985913825259236
d:\Pneum Det\archive\chest_xray\chest_xray\train\PNEUMONIA\person489_virus_995.jpeg,person489,PNEUMONIA,8.590188980102539,0.9998141136111989,0.9941774646828752
d:\Pneum Det\archive\chest_xray\chest_xray\train\PNEUMONIA\person492_bacteria_2083.jpeg,person492,PNEUMONIA,11.107316017150879,0.9999849980598098,0.9987029608817721
d:\Pneum Det\archive\chest_xray\chest_xray\train\PNEUMONIA\person492_bacteria_2084.jpeg,person492,PNEUMONIA,11.729917526245117,0.9999919507011972,0.9991060124900695
d:\Pneum Det\archive\chest_xray\chest_xray\train\PNEUMONIA\person492_bacteria_2085.jpeg,person492,PNEUMONIA,10.946134567260742,0.9999823742947013,0.9985718210414101
d:\Pneum Det\archive\chest_xray\chest_xray\train\PNEUMONIA\person492_virus_998.jpeg,person492,PNEUMONIA,9.139107704162598,0.9998926284256203,0.9958007481877145
d:\Pneum Det\archive\chest_xray\chest_xray\train\PNEUMONIA\person498_bacteria_2100.jpeg,person498,PNEUMONIA,1.583154320716858,0.8296507829313574,0.7205768326327724
d:\Pneum Det\archive\chest_xray\chest_xray\train\PNEUMONIA\person498_bacteria_2101.jpeg,person498,PNEUMONIA,5.047519683837891,0.9936157699256163,0.9534839260307536
d:\Pneum Det\archive\chest_xray\chest_xray\train\PNEUMONIA\person498_bacteria_2102.jpeg,person498,PNEUMONIA,-0.2286541610956192,0.44308421992203223,0.46584785735125195
d:\Pneum Det\archive\chest_xray\chest_xray\train\PNEUMONIA\person498_virus_1007.jpeg,person498,PNEUMONIA,11.166696548461914,0.999985862937819,0.9987481814409962
d:\Pneum Det\archive\chest_xray\chest_xray\train\PNEUMONIA\person502_bacteria_2117.jpeg,person502,PNEUMONIA,8.558293342590332,0.9998080902350778,0.9940659363522214
d:\Pneum Det\archive\chest_xray\chest_xray\train\PNEUMONIA\person502_bacteria_2118.jpeg,person502,PNEUMONIA,9.034680366516113,0.9998808109372126,0.9955311877601962
d:\Pneum Det\archive\chest_xray\chest_xray\train\PNEUMONIA\person502_bacteria_2119.jpeg,person502,PNEUMONIA,9.154621124267578,0.999894281097424,0.9958393875705365
d:\Pneum Det\archive\chest_xray\chest_xray\train\PNEUMONIA\person502_bacteria_2120.jpeg,person502,PNEUMONIA,9.658891677856445,0.9999361488223133,0.9969197763717982
d:\Pneum Det\archive\chest_xray\chest_xray\train\PNEUMONIA\person502_bacteria_2121.jpeg,person502,PNEUMONIA,8.70772647857666,0.999834723671815,0.9945707583970639
d:\Pneum Det\archive\chest_xray\chest_xray\train\PNEUMONIA\person502_bacteria_2122.jpeg,person502,PNEUMONIA,6.6615824699401855,0.9987225134612967,0.9817674188377115
d:\Pneum Det\archive\chest_xray\chest_xray\train\PNEUMONIA\person502_bacteria_2123.jpeg,person502,PNEUMONIA,9.507644653320312,0.9999257237221426,0.9966289867748034
d:\Pneum Det\archive\chest_xray\chest_xray\train\PNEUMONIA\person502_virus_1011.jpeg,person502,PNEUMONIA,9.938405990600586,0.9999517181224464,0.9973929442796994
d:\Pneum Det\archive\chest_xray\chest_xray\train\PNEUMONIA\person502_virus_1012.jpeg,person502,PNEUMONIA,9.24144172668457,0.9999030716642988,0.9960491869270481
d:\Pneum Det\archive\chest_xray\chest_xray\train\PNEUMONIA\person507_bacteria_2139.jpeg,person507,PNEUMONIA,8.523221969604492,0.9998012416410528,0.9939408510965092
d:\Pneum Det\archive\chest_xray\chest_xray\train\PNEUMONIA\person507_bacteria_2140.jpeg,person507,PNEUMONIA,5.353137493133545,0.9952890213134126,0.9609545066237539
d:\Pneum Det\archive\chest_xray\chest_xray\train\PNEUMONIA\person507_bacteria_2141.jpeg,person507,PNEUMONIA,9.546567916870117,0.999928559052626,0.9967063375739609
d:\Pneum Det\archive\chest_xray\chest_xray\train\PNEUMONIA\person507_virus_1019.jpeg,person507,PNEUMONIA,8.807554244995117,0.9998504236857997,0.9948839657089342
d:\Pneum Det\archive\chest_xray\chest_xray\train\PNEUMONIA\person510_bacteria_2147.jpeg,person510,PNEUMONIA,6.535394191741943,0.9985509459238595,0.9803654758056131
d:\Pneum Det\archive\chest_xray\chest_xray\train\PNEUMONIA\person510_bacteria_2148.jpeg,person510,PNEUMONIA,8.995885848999023,0.9998760967773895,0.9954267162385894
d:\Pneum Det\archive\chest_xray\chest_xray\train\PNEUMONIA\person510_bacteria_2149.jpeg,person510,PNEUMONIA,9.963872909545898,0.9999529321310917,0.9974322703786748
d:\Pneum Det\archive\chest_xray\chest_xray\train\PNEUMONIA\person510_bacteria_2150.jpeg,person510,PNEUMONIA,3.1542749404907227,0.9590768362965164,0.8684643558098604
d:\Pneum Det\archive\chest_xray\chest_xray\train\PNEUMONIA\person510_virus_1026.jpeg,person510,PNEUMONIA,10.459172248840332,0.9999713168562177,0.9980896151880801
d:\Pneum Det\archive\chest_xray\chest_xray\train\PNEUMONIA\person517_bacteria_2196.jpeg,person517,PNEUMONIA,2.5660579204559326,0.9286449207852505,0.8228056041877964
d:\Pneum Det\archive\chest_xray\chest_xray\train\PNEUMONIA\person517_virus_1034.jpeg,person517,PNEUMONIA,6.015690803527832,0.9975657777872211,0.9733941227079984
d:\Pneum Det\archive\chest_xray\chest_xray\train\PNEUMONIA\person517_virus_1035.jpeg,person517,PNEUMONIA,6.5367631912231445,0.9985529254522018,0.9803812379895082
d:\Pneum Det\archive\chest_xray\chest_xray\train\PNEUMONIA\person525_bacteria_2216.jpeg,person525,PNEUMONIA,6.18603515625,0.9979462564139467,0.9759103214857927
d:\Pneum Det\archive\chest_xray\chest_xray\train\PNEUMONIA\person525_bacteria_2217.jpeg,person525,PNEUMONIA,9.185501098632812,0.9998974954744253,0.9959152498580367
d:\Pneum Det\archive\chest_xray\chest_xray\train\PNEUMONIA\person525_bacteria_2218.jpeg,person525,PNEUMONIA,7.20103645324707,0.9992547434136518,0.9867306685123357
d:\Pneum Det\archive\chest_xray\chest_xray\train\PNEUMONIA\person525_bacteria_2220.jpeg,person525,PNEUMONIA,7.799783706665039,0.9995903442750789,0.9906891352531573
d:\Pneum Det\archive\chest_xray\chest_xray\train\PNEUMONIA\person525_virus_1046.jpeg,person525,PNEUMONIA,8.4572172164917,0.9997876828809024,0.993698289740368
d:\Pneum Det\archive\chest_xray\chest_xray\train\PNEUMONIA\person529_bacteria_2228.jpeg,person529,PNEUMONIA,8.179862976074219,0.999719838175515,0.9925691017851799
d:\Pneum Det\archive\chest_xray\chest_xray\train\PNEUMONIA\person529_bacteria_2229.jpeg,person529,PNEUMONIA,4.780732154846191,0.991679949959544,0.9458683757298697
d:\Pneum Det\archive\chest_xray\chest_xray\train\PNEUMONIA\person529_bacteria_2230.jpeg,person529,PNEUMONIA,9.080429077148438,0.99988614022874,0.9956513375463828
d:\Pneum Det\archive\chest_xray\chest_xray\train\PNEUMONIA\person529_virus_1050.jpeg,person529,PNEUMONIA,10.988056182861328,0.9999830979067895,0.9986071519797799
d:\Pneum Det\archive\chest_xray\chest_xray\train\PNEUMONIA\person52_bacteria_249.jpeg,person52,PNEUMONIA,7.423763275146484,0.9994034574556656,0.9883670952060584
d:\Pneum Det\archive\chest_xray\chest_xray\train\PNEUMONIA\person52_bacteria_251.jpeg,person52,PNEUMONIA,-7.996042251586914,0.0003366795440684662,0.008287740591320812
d:\Pneum Det\archive\chest_xray\chest_xray\train\PNEUMONIA\person533_bacteria_2245.jpeg,person533,PNEUMONIA,5.9780988693237305,0.9974727646065455,0.9728053231103699
d:\Pneum Det\archive\chest_xray\chest_xray\train\PNEUMONIA\person533_bacteria_2250.jpeg,person533,PNEUMONIA,7.646297931671143,0.9995224184500069,0.9898026360831471
d:\Pneum Det\archive\chest_xray\chest_xray\train\PNEUMONIA\person533_virus_1055.jpeg,person533,PNEUMONIA,8.143627166748047,0.9997095031153527,0.9924074569810041
d:\Pneum Det\archive\chest_xray\chest_xray\train\PNEUMONIA\person538_bacteria_2268.jpeg,person538,PNEUMONIA,1.4546287059783936,0.8107097743625277,0.7048326235895849
d:\Pneum Det\archive\chest_xray\chest_xray\train\PNEUMONIA\person538_virus_1068.jpeg,person538,PNEUMONIA,11.560998916625977,0.9999904694530284,0.9990110202077996
d:\Pneum Det\archive\chest_xray\chest_xray\train\PNEUMONIA\person539_bacteria_2269.jpeg,person539,PNEUMONIA,8.151596069335938,0.9997118081929136,0.9924433022671504
d:\Pneum Det\archive\chest_xray\chest_xray\train\PNEUMONIA\person539_bacteria_2270.jpeg,person539,PNEUMONIA,7.296631813049316,0.9993226411736988,0.9874591499936481
d:\Pneum Det\archive\chest_xray\chest_xray\train\PNEUMONIA\person539_virus_1069.jpeg,person539,PNEUMONIA,10.84628677368164,0.9999805235838061,0.9984840247327734
d:\Pneum Det\archive\chest_xray\chest_xray\train\PNEUMONIA\person543_bacteria_2279.jpeg,person543,PNEUMONIA,5.92710018157959,0.9973408874398563,0.9719862511592481
d:\Pneum Det\archive\chest_xray\chest_xray\train\PNEUMONIA\person543_bacteria_2280.jpeg,person543,PNEUMONIA,9.290692329406738,0.9999077293640661,0.9961634801647589
d:\Pneum Det\archive\chest_xray\chest_xray\train\PNEUMONIA\person543_bacteria_2281.jpeg,person543,PNEUMONIA,12.172982215881348,0.9999948318066749,0.9993140670594114
d:\Pneum Det\archive\chest_xray\chest_xray\train\PNEUMONIA\person543_bacteria_2282.jpeg,person543,PNEUMONIA,9.790597915649414,0.9999440277143871,0.9971525451818735
d:\Pneum Det\archive\chest_xray\chest_xray\train\PNEUMONIA\person543_bacteria_2283.jpeg,person543,PNEUMONIA,8.390558242797852,0.999773050995967,0.9934435327887293
d:\Pneum Det\archive\chest_xray\chest_xray\train\PNEUMONIA\person543_bacteria_2284.jpeg,person543,PNEUMONIA,9.573016166687012,0.9999304236429203,0.9967578852697664
d:\Pneum Det\archive\chest_xray\chest_xray\train\PNEUMONIA\person543_virus_1073.jpeg,person543,PNEUMONIA,6.29054069519043,0.9981496726997031,0.9773375128235653
d:\Pneum Det\archive\chest_xray\chest_xray\train\PNEUMONIA\person549_bacteria_2303.jpeg,person549,PNEUMONIA,8.164772987365723,0.9997155796897294,0.9925022058819174
d:\Pneum Det\archive\chest_xray\chest_xray\train\PNEUMONIA\person549_bacteria_2304.jpeg,person549,PNEUMONIA,9.437417984008789,0.9999203204559307,0.996484819810359
d:\Pneum Det\archive\chest_xray\chest_xray\train\PNEUMONIA\person549_bacteria_2305.jpeg,person549,PNEUMONIA,8.337841033935547,0.9997607688440427,0.9932348350587841
d:\Pneum Det\archive\chest_xray\chest_xray\train\PNEUMONIA\person549_bacteria_2306.jpeg,person549,PNEUMONIA,7.525050163269043,0.9994608891876736,0.989043704769373
d:\Pneum Det\archive\chest_xray\chest_xray\train\PNEUMONIA\person549_bacteria_2307.jpeg,person549,PNEUMONIA,10.90703010559082,0.9999816714102235,0.9985380581090928
d:\Pneum Det\archive\chest_xray\chest_xray\train\PNEUMONIA\person549_virus_1089.jpeg,person549,PNEUMONIA,5.849352836608887,0.9971265171714059,0.9706912955239471
d:\Pneum Det\archive\chest_xray\chest_xray\train\PNEUMONIA\person557_bacteria_2327.jpeg,person557,PNEUMONIA,5.153202056884766,0.9942523619139725,0.9562096051011415
d:\Pneum Det\archive\chest_xray\chest_xray\train\PNEUMONIA\person557_virus_1097.jpeg,person557,PNEUMONIA,7.324042320251465,0.9993409436994646,0.9876606479531246
d:\Pneum Det\archive\chest_xray\chest_xray\train\PNEUMONIA\person563_bacteria_2333.jpeg,person563,PNEUMONIA,10.410918235778809,0.9999698988848086,0.9980337604323735
d:\Pneum Det\archive\chest_xray\chest_xray\train\PNEUMONIA\person563_bacteria_2334.jpeg,person563,PNEUMONIA,8.74875545501709,0.9998413665084436,0.994701730285372
d:\Pneum Det\archive\chest_xray\chest_xray\train\PNEUMONIA\person563_bacteria_2335.jpeg,person563,PNEUMONIA,9.104206085205078,0.9998888152444743,0.9957125072872586
d:\Pneum Det\archive\chest_xray\chest_xray\train\PNEUMONIA\person563_bacteria_2336.jpeg,person563,PNEUMONIA,9.873254776000977,0.9999484679343152,0.9972895818487628
d:\Pneum Det\archive\chest_xray\chest_xray\train\PNEUMONIA\person563_bacteria_2337.jpeg,person563,PNEUMONIA,8.601712226867676,0.9998162429403623,0.9942172430968371
d:\Pneum Det\archive\chest_xray\chest_xray\train\PNEUMONIA\person563_bacteria_2338.jpeg,person563,PNEUMONIA,9.640968322753906,0.999934994152509,0.9968866667727554
d:\Pneum Det\archive\chest_xray\chest_xray\train\PNEUMONIA\person563_bacteria_2339.jpeg,person563,PNEUMONIA,11.205857276916504,0.9999864058481831,0.9987771387291493
d:\Pneum Det\archive\chest_xray\chest_xray\train\PNEUMONIA\person563_bacteria_2340.jpeg,person563,PNEUMONIA,8.610258102416992,0.9998178063294358,0.9942465689908067
d:\Pneum Det\archive\chest_xray\chest_xray\train\PNEUMONIA\person563_virus_1103.jpeg,person563,PNEUMONIA,10.138692855834961,0.9999604811338283,0.99768671462843
d:\Pneum Det\archive\chest_xray\chest_xray\train\PNEUMONIA\person571_bacteria_2367.jpeg,person571,PNEUMONIA,8.342588424682617,0.9997619016064444,0.9932538963597428
d:\Pneum Det\archive\chest_xray\chest_xray\train\PNEUMONIA\person571_virus_1114.jpeg,person571,PNEUMONIA,6.564216613769531,0.9985920570616265,0.9806947218795609
d:\Pneum Det\archive\chest_xray\chest_xray\train\PNEUMONIA\person572_bacteria_2368.jpeg,person572,PNEUMONIA,7.9343438148498535,0.9996419013237854,0.9914032456831
d:\Pneum Det\archive\chest_xray\chest_xray\train\PNEUMONIA\person573_bacteria_2369.jpeg,person573,PNEUMONIA,5.186740875244141,0.9944408802655206,0.9570422939290921
d:\Pneum Det\archive\chest_xray\chest_xray\train\PNEUMONIA\person573_virus_1116.jpeg,person573,PNEUMONIA,7.001212120056152,0.9990900514357698,0.9850704570865776
d:\Pneum Det\archive\chest_xray\chest_xray\train\PNEUMONIA\person583_bacteria_2406.jpeg,person583,PNEUMONIA,8.432503700256348,0.9997823715598666,0.993605007818747
d:\Pneum Det\archive\chest_xray\chest_xray\train\PNEUMONIA\person583_bacteria_2408.jpeg,person583,PNEUMONIA,7.523489475250244,0.9994600476016393,0.9890335803699685
d:\Pneum Det\archive\chest_xray\chest_xray\train\PNEUMONIA\person583_bacteria_2409.jpeg,person583,PNEUMONIA,10.417171478271484,0.9999700865214703,0.998041089579818
d:\Pneum Det\archive\chest_xray\chest_xray\train\PNEUMONIA\person583_virus_1127.jpeg,person583,PNEUMONIA,9.295511245727539,0.999908172898174,0.996174484703657
d:\Pneum Det\archive\chest_xray\chest_xray\train\PNEUMONIA\person585_bacteria_2411.jpeg,person585,PNEUMONIA,8.542648315429688,0.9998050647819355,0.9940104572379218
d:\Pneum Det\archive\chest_xray\chest_xray\train\PNEUMONIA\person585_bacteria_2412.jpeg,person585,PNEUMONIA,8.56454849243164,0.9998092866845899,0.9940879746387724
d:\Pneum Det\archive\chest_xray\chest_xray\train\PNEUMONIA\person585_bacteria_2413.jpeg,person585,PNEUMONIA,7.784717082977295,0.999584128001712,0.9906056054392326
d:\Pneum Det\archive\chest_xray\chest_xray\train\PNEUMONIA\person585_bacteria_2414.jpeg,person585,PNEUMONIA,7.9234418869018555,0.9996379774209534,0.9913474684902768
d:\Pneum Det\archive\chest_xray\chest_xray\train\PNEUMONIA\person585_bacteria_2415.jpeg,person585,PNEUMONIA,8.533397674560547,0.9998032534961683,0.9939774111421861
d:\Pneum Det\archive\chest_xray\chest_xray\train\PNEUMONIA\person585_bacteria_2416.jpeg,person585,PNEUMONIA,8.612602233886719,0.9998182328376313,0.9942545872027315
d:\Pneum Det\archive\chest_xray\chest_xray\train\PNEUMONIA\person585_virus_1129.jpeg,person585,PNEUMONIA,7.883593559265137,0.9996232656890882,0.9911405248176135
d:\Pneum Det\archive\chest_xray\chest_xray\train\PNEUMONIA\person587_bacteria_2421.jpeg,person587,PNEUMONIA,8.08958625793457,0.9996933774137896,0.9921598813128637
d:\Pneum Det\archive\chest_xray\chest_xray\train\PNEUMONIA\person588_bacteria_2422.jpeg,person588,PNEUMONIA,8.709317207336426,0.9998349863292761,0.9945758957825954
d:\Pneum Det\archive\chest_xray\chest_xray\train\PNEUMONIA\person588_bacteria_2423.jpeg,person588,PNEUMONIA,8.824275970458984,0.99985290369911,0.9949346430415881
d:\Pneum Det\archive\chest_xray\chest_xray\train\PNEUMONIA\person588_virus_1134.jpeg,person588,PNEUMONIA,8.549736022949219,0.9998064412744665,0.9940356546767817
d:\Pneum Det\archive\chest_xray\chest_xray\train\PNEUMONIA\person588_virus_1135.jpeg,person588,PNEUMONIA,4.271559715270996,0.9862322057544822,0.9279760537715459
d:\Pneum Det\archive\chest_xray\chest_xray\train\PNEUMONIA\person591_bacteria_2429.jpeg,person591,PNEUMONIA,9.561409950256348,0.9999296114775348,0.9967353644883493
d:\Pneum Det\archive\chest_xray\chest_xray\train\PNEUMONIA\person591_virus_1139.jpeg,person591,PNEUMONIA,8.419687271118164,0.9997795650086616,0.9935560928889037
d:\Pneum Det\archive\chest_xray\chest_xray\train\PNEUMONIA\person596_bacteria_2440.jpeg,person596,PNEUMONIA,9.185226440429688,0.9998974673197369,0.9959145812194212
d:\Pneum Det\archive\chest_xray\chest_xray\train\PNEUMONIA\person596_bacteria_2441.jpeg,person596,PNEUMONIA,5.599920272827148,0.996315467437139,0.9661332803967244
d:\Pneum Det\archive\chest_xray\chest_xray\train\PNEUMONIA\person596_bacteria_2443.jpeg,person596,PNEUMONIA,8.270946502685547,0.9997442224183949,0.9929604897196348
d:\Pneum Det\archive\chest_xray\chest_xray\train\PNEUMONIA\person596_bacteria_2444.jpeg,person596,PNEUMONIA,5.800182819366455,0.9969821337846311,0.9698425481451441
d:\Pneum Det\archive\chest_xray\chest_xray\train\PNEUMONIA\person596_bacteria_2445.jpeg,person596,PNEUMONIA,6.364412307739258,0.9982812063151713,0.9782961800443115
d:\Pneum Det\archive\chest_xray\chest_xray\train\PNEUMONIA\person596_bacteria_2446.jpeg,person596,PNEUMONIA,6.40305233001709,0.9983462460481849,0.9787817188418529
d:\Pneum Det\archive\chest_xray\chest_xray\train\PNEUMONIA\person596_bacteria_2447.jpeg,person596,PNEUMONIA,7.77089786529541,0.9995783435228797,0.9905283388722608
d:\Pneum Det\archive\chest_xray\chest_xray\train\PNEUMONIA\person596_bacteria_2449.jpeg,person596,PNEUMONIA,7.616448879241943,0.9995079553261124,0.9896207719249127
d:\Pneum Det\archive\chest_xray\chest_xray\train\PNEUMONIA\person596_virus_1149.jpeg,person596,PNEUMONIA,0.4114771783351898,0.6014420255550984,0.5612456214318401
d:\Pneum Det\archive\chest_xray\chest_xray\train\PNEUMONIA\person597_bacteria_2450.jpeg,person597,PNEUMONIA,9.705188751220703,0.9999390373828768,0.9970036849532465
d:\Pneum Det\archive\chest_xray\chest_xray\train\PNEUMONIA\person597_bacteria_2451.jpeg,person597,PNEUMONIA,8.307585716247559,0.9997534220345464,0.9931120936308352
d:\Pneum Det\archive\chest_xray\chest_xray\train\PNEUMONIA\person597_virus_1150.jpeg,person597,PNEUMONIA,-2.301609992980957,0.09098970983990266,0.2014538014703181
d:\Pneum Det\archive\chest_xray\chest_xray\train\PNEUMONIA\person600_bacteria_2456.jpeg,person600,PNEUMONIA,8.162911415100098,0.9997150498786522,0.9924939119823047
d:\Pneum Det\archive\chest_xray\chest_xray\train\PNEUMONIA\person600_bacteria_2457.jpeg,person600,PNEUMONIA,6.313305377960205,0.9981912436550053,0.9776372688549188
d:\Pneum Det\archive\chest_xray\chest_xray\train\PNEUMONIA\person600_bacteria_2458.jpeg,person600,PNEUMONIA,7.763409614562988,0.9995751755483357,0.9904862076631044
d:\Pneum Det\archive\chest_xray\chest_xray\train\PNEUMONIA\person600_virus_1156.jpeg,person600,PNEUMONIA,6.302395820617676,0.9981714391738027,0.9774941028062568
d:\Pneum Det\archive\chest_xray\chest_xray\train\PNEUMONIA\person613_bacteria_2479.jpeg,person613,PNEUMONIA,2.0776262283325195,0.8887094720707829,0.7761215350383094
d:\Pneum Det\archive\chest_xray\chest_xray\train\PNEUMONIA\person613_virus_1181.jpeg,person613,PNEUMONIA,3.9664483070373535,0.9814114922546162,0.9147790550350243
d:\Pneum Det\archive\chest_xray\chest_xray\train\PNEUMONIA\person622_bacteria_2494.jpeg,person622,PNEUMONIA,1.7157893180847168,0.8475856785386477,0.7362737866584945
d:\Pneum Det\archive\chest_xray\chest_xray\train\PNEUMONIA\person622_virus_1196.jpeg,person622,PNEUMONIA,4.154130935668945,0.9845432333937206,0.9231361092187338
d:\Pneum Det\archive\chest_xray\chest_xray\train\PNEUMONIA\person62_bacteria_298.jpeg,person62,PNEUMONIA,9.022172927856445,0.9998793110066467,0.9954977680587392
d:\Pneum Det\archive\chest_xray\chest_xray\train\PNEUMONIA\person62_bacteria_299.jpeg,person62,PNEUMONIA,7.732553005218506,0.9995618683985685,0.9903106319370955
d:\Pneum Det\archive\chest_xray\chest_xray\train\PNEUMONIA\person62_bacteria_300.jpeg,person62,PNEUMONIA,8.029939651489258,0.9996745381040687,0.9918773183469571
d:\Pneum Det\archive\chest_xray\chest_xray\train\PNEUMONIA\person62_bacteria_301.jpeg,person62,PNEUMONIA,8.874004364013672,0.9998600386626313,0.9950824189543283
d:\Pneum Det\archive\chest_xray\chest_xray\train\PNEUMONIA\person62_bacteria_302.jpeg,person62,PNEUMONIA,9.309326171875,0.9999094326462131,0.9962058586669811
d:\Pneum Det\archive\chest_xray\chest_xray\train\PNEUMONIA\person62_bacteria_303.jpeg,person62,PNEUMONIA,8.691783905029297,0.9998320680719849,0.9945190025464867
d:\Pneum Det\archive\chest_xray\chest_xray\train\PNEUMONIA\person630_bacteria_2512.jpeg,person630,PNEUMONIA,8.646435737609863,0.9998242787234721,0.9943690864555765
d:\Pneum Det\archive\chest_xray\chest_xray\train\PNEUMONIA\person630_bacteria_2513.jpeg,person630,PNEUMONIA,7.68892765045166,0.9995423406439057,0.990056914082182
d:\Pneum Det\archive\chest_xray\chest_xray\train\PNEUMONIA\person630_bacteria_2514.jpeg,person630,PNEUMONIA,4.86857271194458,0.9923742733533781,0.9484973977189596
d:\Pneum Det\archive\chest_xray\chest_xray\train\PNEUMONIA\person630_bacteria_2515.jpeg,person630,PNEUMONIA,5.144497394561768,0.9942024036066173,0.9559909841740666
d:\Pneum Det\archive\chest_xray\chest_xray\train\PNEUMONIA\person630_bacteria_2516.jpeg,person630,PNEUMONIA,7.450777530670166,0.9994193476538138,0.9885514908584822
d:\Pneum Det\archive\chest_xray\chest_xray\train\PNEUMONIA\person630_virus_1209.jpeg,person630,PNEUMONIA,6.457080364227295,0.9984330880464148,0.979442842633721
d:\Pneum Det\archive\chest_xray\chest_xray\train\PNEUMONIA\person636_bacteria_2527.jpeg,person636,PNEUMONIA,10.215181350708008,0.9999633910554324,0.997789976348418
d:\Pneum Det\archive\chest_xray\chest_xray\train\PNEUMONIA\person636_virus_1217.jpeg,person636,PNEUMONIA,5.725399971008301,0.9967485580703163,0.9685058672707155
d:\Pneum Det\archive\chest_xray\chest_xray\train\PNEUMONIA\person642_virus_1223.jpeg,person642,PNEUMONIA,7.188508987426758,0.999245355602767,0.9866321604154129
d:\Pneum Det\archive\chest_xray\chest_xray\train\PNEUMONIA\person648_bacteria_2540.jpeg,person648,PNEUMONIA,8.278534889221191,0.9997461555210132,0.9929921582334538
d:\Pneum Det\archive\chest_xray\chest_xray\train\PNEUMONIA\person648_virus_1230.jpeg,person648,PNEUMONIA,-4.065967082977295,0.016857356300457583,0.08069174789330037
d:\Pneum Det\archive\chest_xray\chest_xray\train\PNEUMONIA\person64_bacteria_310.jpeg,person64,PNEUMONIA,7.636110305786133,0.9995175305193347,0.9897409222600949
d:\Pneum Det\archive\chest_xray\chest_xray\train\PNEUMONIA\person64_bacteria_312.jpeg,person64,PNEUMONIA,9.14877986907959,0.9998936618251001,0.995824880449652
d:\Pneum Det\archive\chest_xray\chest_xray\train\PNEUMONIA\person64_bacteria_316.jpeg,person64,PNEUMONIA,9.640737533569336,0.9999349791491066,0.9968862381331937
d:\Pneum Det\archive\chest_xray\chest_xray\train\PNEUMONIA\person64_bacteria_317.jpeg,person64,PNEUMONIA,10.780706405639648,0.999979203528027,0.9984234480529666
d:\Pneum Det\archive\chest_xray\chest_xray\train\PNEUMONIA\person64_bacteria_318.jpeg,person64,PNEUMONIA,8.317541122436523,0.9997558640432854,0.9931527234543963
d:\Pneum Det\archive\chest_xray\chest_xray\train\PNEUMONIA\person64_bacteria_319.jpeg,person64,PNEUMONIA,10.651095390319824,0.9999763256663482,0.998296526506556
d:\Pneum Det\archive\chest_xray\chest_xray\train\PNEUMONIA\person64_bacteria_320.jpeg,person64,PNEUMONIA,11.40005874633789,0.9999888052981546,0.9989111504279504
d:\Pneum Det\archive\chest_xray\chest_xray\train\PNEUMONIA\person655_bacteria_2547.jpeg,person655,PNEUMONIA,8.715038299560547,0.9998359275378726,0.994594332576195
d:\Pneum Det\archive\chest_xray\chest_xray\train\PNEUMONIA\person657_bacteria_2549.jpeg,person657,PNEUMONIA,11.954510688781738,0.9999935698784668,0.9992183456553628
d:\Pneum Det\archive\chest_xray\chest_xray\train\PNEUMONIA\person657_virus_1240.jpeg,person657,PNEUMONIA,10.02305793762207,0.9999556368905317,0.9975213937064428
d:\Pneum Det\archive\chest_xray\chest_xray\train\PNEUMONIA\person660_bacteria_2552.jpeg,person660,PNEUMONIA,7.986294746398926,0.9996600237448066,0.9916641824458398
d:\Pneum Det\archive\chest_xray\chest_xray\train\PNEUMONIA\person660_virus_1244.jpeg,person660,PNEUMONIA,4.449806213378906,0.9884540361056325,0.9347873777982197
d:\Pneum Det\archive\chest_xray\chest_xray\train\PNEUMONIA\person669_bacteria_2561.jpeg,person669,PNEUMONIA,8.408157348632812,0.9997770092716396,0.9935117704862727
d:\Pneum Det\archive\chest_xray\chest_xray\train\PNEUMONIA\person669_bacteria_2562.jpeg,person669,PNEUMONIA,6.890769958496094,0.9989839031117896,0.9840667406833226
d:\Pneum Det\archive\chest_xray\chest_xray\train\PNEUMONIA\person669_virus_1255.jpeg,person669,PNEUMONIA,11.04161262512207,0.9999839792955791,0.9986510216603985
d:\Pneum Det\archive\chest_xray\chest_xray\train\PNEUMONIA\person675_bacteria_2569.jpeg,person675,PNEUMONIA,4.700172424316406,0.9909882413209616,0.9433464890193659
d:\Pneum Det\archive\chest_xray\chest_xray\train\PNEUMONIA\person679_virus_1270.jpeg,person679,PNEUMONIA,6.861215591430664,0.9989534567437213,0.983787068778386
d:\Pneum Det\archive\chest_xray\chest_xray\train\PNEUMONIA\person68_bacteria_335.jpeg,person68,PNEUMONIA,5.882682800292969,0.9972204499598905,0.9712533987129417
d:\Pneum Det\archive\chest_xray\chest_xray\train\PNEUMONIA\person68_bacteria_336.jpeg,person68,PNEUMONIA,8.559017181396484,0.9998082290699205,0.9940684907699842
d:\Pneum Det\archive\chest_xray\chest_xray\train\PNEUMONIA\person68_bacteria_337.jpeg,person68,PNEUMONIA,4.319954872131348,0.9868740971067693,0.9298877189367234
d:\Pneum Det\archive\chest_xray\chest_xray\train\PNEUMONIA\person690_bacteria_2587.jpeg,person690,PNEUMONIA,7.885221481323242,0.9996238782537707,0.991149074395613
d:\Pneum Det\archive\chest_xray\chest_xray\train\PNEUMONIA\person693_bacteria_2590.jpeg,person693,PNEUMONIA,8.526365280151367,0.9998018652958286,0.993952168104929
d:\Pneum Det\archive\chest_xray\chest_xray\train\PNEUMONIA\person698_virus_1294.jpeg,person698,PNEUMONIA,9.24314022064209,0.9999032361408402,0.9960531844221807
d:\Pneum Det\archive\chest_xray\chest_xray\train\PNEUMONIA\person699_bacteria_2598.jpeg,person699,PNEUMONIA,3.353468179702759,0.9662182224243432,0.8814926331718158
d:\Pneum Det\archive\chest_xray\chest_xray\train\PNEUMONIA\person699_virus_1295.jpeg,person699,PNEUMONIA,9.944588661193848,0.9999520156982127,0.9974025464497712
d:\Pneum Det\archive\chest_xray\chest_xray\train\PNEUMONIA\person707_bacteria_2606.jpeg,person707,PNEUMONIA,9.185861587524414,0.9998975324157228,0.9959161272808309
d:\Pneum Det\archive\chest_xray\chest_xray\train\PNEUMONIA\person707_virus_1305.jpeg,person707,PNEUMONIA,0.7047402262687683,0.6692379021737817,0.6038902205564041
d:\Pneum Det\archive\chest_xray\chest_xray\train\PNEUMONIA\person709_bacteria_2608.jpeg,person709,PNEUMONIA,7.278846740722656,0.9993104949134681,0.9873266755644038
d:\Pneum Det\archive\chest_xray\chest_xray\train\PNEUMONIA\person712_bacteria_2613.jpeg,person712,PNEUMONIA,7.755478858947754,0.9995717944224116,0.9904413843951448
d:\Pneum Det\archive\chest_xray\chest_xray\train\PNEUMONIA\person712_virus_1310.jpeg,person712,PNEUMONIA,6.150856971740723,0.9978728800645433,0.9754104637978456
d:\Pneum Det\archive\chest_xray\chest_xray\train\PNEUMONIA\person717_bacteria_2618.jpeg,person717,PNEUMONIA,8.494636535644531,0.999795479241141,0.993836962772722
d:\Pneum Det\archive\chest_xray\chest_xray\train\PNEUMONIA\person722_virus_1341.jpeg,person722,PNEUMONIA,5.211983680725098,0.9945787004820817,0.9576590158490157
d:\Pneum Det\archive\chest_xray\chest_xray\train\PNEUMONIA\person723_bacteria_2625.jpeg,person723,PNEUMONIA,8.3975830078125,0.9997746393147916,0.9934708552600625
d:\Pneum Det\archive\chest_xray\chest_xray\train\PNEUMONIA\person723_virus_1342.jpeg,person723,PNEUMONIA,-0.7401667237281799,0.32296768694845285,0.3910503009356038
d:\Pneum Det\archive\chest_xray\chest_xray\train\PNEUMONIA\person736_bacteria_2639.jpeg,person736,PNEUMONIA,7.297935485839844,0.9993235230556368,0.9874688066145256
d:\Pneum Det\archive\chest_xray\chest_xray\train\PNEUMONIA\person736_virus_1358.jpeg,person736,PNEUMONIA,5.766591548919678,0.9968793596835558,0.9692490708609454
d:\Pneum Det\archive\chest_xray\chest_xray\train\PNEUMONIA\person739_bacteria_2642.jpeg,person739,PNEUMONIA,5.338803768157959,0.9952213341786349,0.9606314146487734
d:\Pneum Det\archive\chest_xray\chest_xray\train\PNEUMONIA\person739_virus_1361.jpeg,person739,PNEUMONIA,9.384183883666992,0.9999159642221466,0.9963714572132503
d:\Pneum Det\archive\chest_xray\chest_xray\train\PNEUMONIA\person743_bacteria_2646.jpeg,person743,PNEUMONIA,6.578455924987793,0.9986119355076309,0.980855377801681
d:\Pneum Det\archive\chest_xray\chest_xray\train\PNEUMONIA\person743_virus_1366.jpeg,person743,PNEUMONIA,5.077241897583008,0.993801572296444,0.9542664059105287
d:\Pneum Det\archive\chest_xray\chest_xray\train\PNEUMONIA\person747_bacteria_2650.jpeg,person747,PNEUMONIA,8.368453025817871,0.9997679795568566,0.993356812445768
d:\Pneum Det\archive\chest_xray\chest_xray\train\PNEUMONIA\person747_virus_1370.jpeg,person747,PNEUMONIA,8.20975399017334,0.9997280863324643,0.9926998685552404
d:\Pneum Det\archive\chest_xray\chest_xray\train\PNEUMONIA\person747_virus_1372.jpeg,person747,PNEUMONIA,7.9908342361450195,0.9996615630447533,0.9916866065747698
d:\Pneum Det\archive\chest_xray\chest_xray\train\PNEUMONIA\person753_bacteria_2656.jpeg,person753,PNEUMONIA,5.916816711425781,0.9973134752935447,0.971818212797054
d:\Pneum Det\archive\chest_xray\chest_xray\train\PNEUMONIA\person753_virus_1378.jpeg,person753,PNEUMONIA,9.402673721313477,0.9999175036263288,0.996411238541981
d:\Pneum Det\archive\chest_xray\chest_xray\train\PNEUMONIA\person766_bacteria_2670.jpeg,person766,PNEUMONIA,8.749238967895508,0.9998414431790812,0.9947032548590863
d:\Pneum Det\archive\chest_xray\chest_xray\train\PNEUMONIA\person76_bacteria_370.jpeg,person76,PNEUMONIA,10.576152801513672,0.9999744833229731,0.9982185364123638
d:\Pneum Det\archive\chest_xray\chest_xray\train\PNEUMONIA\person76_bacteria_371.jpeg,person76,PNEUMONIA,5.5888519287109375,0.996274612006496,0.9659159053551414
d:\Pneum Det\archive\chest_xray\chest_xray\train\PNEUMONIA\person76_bacteria_372.jpeg,person76,PNEUMONIA,2.2253174781799316,0.9025001025986139,0.7911020271128758
d:\Pneum Det\archive\chest_xray\chest_xray\train\PNEUMONIA\person774_bacteria_2678.jpeg,person774,PNEUMONIA,5.878890037536621,0.9972099172381254,0.9711899657666148
d:\Pneum Det\archive\chest_xray\chest_xray\train\PNEUMONIA\person774_virus_1403.jpeg,person774,PNEUMONIA,3.1595823764801025,0.9592846381756074,0.8688267218997404
d:\Pneum Det\archive\chest_xray\chest_xray\train\PNEUMONIA\person779_bacteria_2683.jpeg,person779,PNEUMONIA,4.1931843757629395,0.9851264329283362,0.9247779466683125
d:\Pneum Det\archive\chest_xray\chest_xray\train\PNEUMONIA\person779_virus_1409.jpeg,person779,PNEUMONIA,7.816392421722412,0.9995970892214445,0.9907803621204431
d:\Pneum Det\archive\chest_xray\chest_xray\train\PNEUMONIA\person779_virus_1410.jpeg,person779,PNEUMONIA,8.188615798950195,0.9997222790036608,0.9926076323925911
d:\Pneum Det\archive\chest_xray\chest_xray\train\PNEUMONIA\person782_bacteria_2686.jpeg,person782,PNEUMONIA,7.217423915863037,0.9992668478726424,0.9868584487353279
d:\Pneum Det\archive\chest_xray\chest_xray\train\PNEUMONIA\person785_bacteria_2689.jpeg,person785,PNEUMONIA,7.457695960998535,0.9994233486837082,0.9885982485761065
d:\Pneum Det\archive\chest_xray\chest_xray\train\PNEUMONIA\person793_virus_1424.jpeg,person793,PNEUMONIA,3.5595834255218506,0.9723363747159224,0.8937827624963297
d:\Pneum Det\archive\chest_xray\chest_xray\train\PNEUMONIA\person799_bacteria_2705.jpeg,person799,PNEUMONIA,5.679233551025391,0.99659545476028,0.9676522498659246
d:\Pneum Det\archive\chest_xray\chest_xray\train\PNEUMONIA\person799_virus_1431.jpeg,person799,PNEUMONIA,5.9494757652282715,0.9973995729028458,0.9723485267011718
d:\Pneum Det\archive\chest_xray\chest_xray\train\PNEUMONIA\person803_bacteria_2710.jpeg,person803,PNEUMONIA,6.912458419799805,0.9990056817511789,0.9842689530395764
d:\Pneum Det\archive\chest_xray\chest_xray\train\PNEUMONIA\person803_virus_1436.jpeg,person803,PNEUMONIA,4.792975425720215,0.9917803613591905,0.9462422594788068
d:\Pneum Det\archive\chest_xray\chest_xray\train\PNEUMONIA\person804_bacteria_2711.jpeg,person804,PNEUMONIA,6.901972770690918,0.9989952113564092,0.9841715073761519
d:\Pneum Det\archive\chest_xray\chest_xray\train\PNEUMONIA\person807_virus_1441.jpeg,person807,PNEUMONIA,6.303515911102295,0.9981734824418601,0.9775088428986368
d:\Pneum Det\archive\chest_xray\chest_xray\train\PNEUMONIA\person819_bacteria_2730.jpeg,person819,PNEUMONIA,9.162960052490234,0.9998951589221926,0.9958600108780631
d:\Pneum Det\archive\chest_xray\chest_xray\train\PNEUMONIA\person819_virus_1455.jpeg,person819,PNEUMONIA,9.943036079406738,0.9999519411443796,0.9974001384909401
d:\Pneum Det\archive\chest_xray\chest_xray\train\PNEUMONIA\person835_bacteria_2749.jpeg,person835,PNEUMONIA,11.264251708984375,0.999987176928289,0.9988190803887125
d:\Pneum Det\archive\chest_xray\chest_xray\train\PNEUMONIA\person835_bacteria_2750.jpeg,person835,PNEUMONIA,8.200782775878906,0.999725636634009,0.992660863165585
d:\Pneum Det\archive\chest_xray\chest_xray\train\PNEUMONIA\person835_virus_1472.jpeg,person835,PNEUMONIA,6.789656639099121,0.9988759098897613,0.9830897593121479
d:\Pneum Det\archive\chest_xray\chest_xray\train\PNEUMONIA\person838_virus_1476.jpeg,person838,PNEUMONIA,10.155960083007812,0.9999611576311378,0.9977104387548529
d:\Pneum Det\archive\chest_xray\chest_xray\train\PNEUMONIA\person83_virus_156.jpeg,person83,PNEUMONIA,10.395086288452148,0.9999694185478103,0.9980150819218234
d:\Pneum Det\archive\chest_xray\chest_xray\train\PNEUMONIA\person846_bacteria_2766.jpeg,person846,PNEUMONIA,7.439175605773926,0.9994125757184128,0.9884726543050358
d:\Pneum Det\archive\chest_xray\chest_xray\train\PNEUMONIA\person846_virus_1491.jpeg,person846,PNEUMONIA,6.124671459197998,0.9978165678914517,0.9750318358189012
d:\Pneum Det\archive\chest_xray\chest_xray\train\PNEUMONIA\person848_bacteria_2769.jpeg,person848,PNEUMONIA,9.602912902832031,0.9999324728239044,0.9968151864454738
d:\Pneum Det\archive\chest_xray\chest_xray\train\PNEUMONIA\person848_virus_1493.jpeg,person848,PNEUMONIA,10.647043228149414,0.9999762295417646,0.9982923981025125
d:\Pneum Det\archive\chest_xray\chest_xray\train\PNEUMONIA\person854_bacteria_2776.jpeg,person854,PNEUMONIA,6.744017601013184,0.9988234805444283,0.9826297194906636
d:\Pneum Det\archive\chest_xray\chest_xray\train\PNEUMONIA\person860_virus_1505.jpeg,person860,PNEUMONIA,8.472366333007812,0.999790874389737,0.9937548008259737
d:\Pneum Det\archive\chest_xray\chest_xray\train\PNEUMONIA\person864_virus_1509.jpeg,person864,PNEUMONIA,8.370431900024414,0.9997684381359228,0.9933646219217327
d:\Pneum Det\archive\chest_xray\chest_xray\train\PNEUMONIA\person868_virus_1513.jpeg,person868,PNEUMONIA,7.593103408813477,0.9994963390309309,0.9894762992757347
d:\Pneum Det\archive\chest_xray\chest_xray\train\PNEUMONIA\person868_virus_1514.jpeg,person868,PNEUMONIA,6.973293304443359,0.9990643128974988,0.9848227662735157
d:\Pneum Det\archive\chest_xray\chest_xray\train\PNEUMONIA\person871_bacteria_2793.jpeg,person871,PNEUMONIA,3.9703054428100586,0.9814817273820301,0.9149588126659173
d:\Pneum Det\archive\chest_xray\chest_xray\train\PNEUMONIA\person871_virus_1517.jpeg,person871,PNEUMONIA,9.462940216064453,0.999922328168161,0.9965379111439953
d:\Pneum Det\archive\chest_xray\chest_xray\train\PNEUMONIA\person875_bacteria_2798.jpeg,person875,PNEUMONIA,8.079608917236328,0.9996903037753567,0.9921133043271356
d:\Pneum Det\archive\chest_xray\chest_xray\train\PNEUMONIA\person882_bacteria_2806.jpeg,person882,PNEUMONIA,8.650398254394531,0.9998249735226233,0.9943823470872325
d:\Pneum Det\archive\chest_xray\chest_xray\train\PNEUMONIA\person885_bacteria_2809.jpeg,person885,PNEUMONIA,1.3504679203033447,0.7942061169136764,0.691702402658346
d:\Pneum Det\archive\chest_xray\chest_xray\train\PNEUMONIA\person886_bacteria_2810.jpeg,person886,PNEUMONIA,9.357686042785645,0.9999137078856256,0.9963136792790812
d:\Pneum Det\archive\chest_xray\chest_xray\train\PNEUMONIA\person886_virus_1536.jpeg,person886,PNEUMONIA,3.005967855453491,0.9528430075803325,0.85799121958647
d:\Pneum Det\archive\chest_xray\chest_xray\train\PNEUMONIA\person896_bacteria_2821.jpeg,person896,PNEUMONIA,8.129803657531738,0.999705460736206,0.9923448761660025
d:\Pneum Det\archive\chest_xray\chest_xray\train\PNEUMONIA\person896_virus_1548.jpeg,person896,PNEUMONIA,12.67326545715332,0.9999968662136592,0.9994914320352721
d:\Pneum Det\archive\chest_xray\chest_xray\train\PNEUMONIA\person900_virus_1554.jpeg,person900,PNEUMONIA,9.876895904541016,0.9999486552183865,0.9972954648471289
d:\Pneum Det\archive\chest_xray\chest_xray\train\PNEUMONIA\person903_bacteria_2828.jpeg,person903,PNEUMONIA,10.039928436279297,0.9999563790081151,0.9975462281171671
d:\Pneum Det\archive\chest_xray\chest_xray\train\PNEUMONIA\person909_bacteria_2834.jpeg,person909,PNEUMONIA,6.749765396118164,0.998830215652103,0.9826883269478728
d:\Pneum Det\archive\chest_xray\chest_xray\train\PNEUMONIA\person909_virus_1565.jpeg,person909,PNEUMONIA,12.517672538757324,0.9999963386411176,0.999441836116204
d:\Pneum Det\archive\chest_xray\chest_xray\train\PNEUMONIA\person916_bacteria_2841.jpeg,person916,PNEUMONIA,7.870527267456055,0.9996183127597675,0.9910716056733649
d:\Pneum Det\archive\chest_xray\chest_xray\train\PNEUMONIA\person917_bacteria_2842.jpeg,person917,PNEUMONIA,7.984104633331299,0.999659278596382,0.9916533423074388
d:\Pneum Det\archive\chest_xray\chest_xray\train\PNEUMONIA\person921_bacteria_2846.jpeg,person921,PNEUMONIA,8.358263969421387,0.9997656039596097,0.9933164573563323
d:\Pneum Det\archive\chest_xray\chest_xray\train\PNEUMONIA\person921_virus_1578.jpeg,person921,PNEUMONIA,9.288745880126953,0.9999075496056687,0.9961590262925041
d:\Pneum Det\archive\chest_xray\chest_xray\train\PNEUMONIA\person925_bacteria_2850.jpeg,person925,PNEUMONIA,7.921314239501953,0.9996372066242974,0.9913365411101004
d:\Pneum Det\archive\chest_xray\chest_xray\train\PNEUMONIA\person925_virus_1582.jpeg,person925,PNEUMONIA,10.089330673217773,0.999958481530957,0.997617532652602
d:\Pneum Det\archive\chest_xray\chest_xray\train\PNEUMONIA\person933_bacteria_2858.jpeg,person933,PNEUMONIA,9.22595500946045,0.9999015590276872,0.9960125515973639
d:\Pneum Det\archive\chest_xray\chest_xray\train\PNEUMONIA\person933_virus_1594.jpeg,person933,PNEUMONIA,3.1689000129699707,0.9596470095207319,0.8694608348577653
d:\Pneum Det\archive\chest_xray\chest_xray\train\PNEUMONIA\person934_bacteria_2859.jpeg,person934,PNEUMONIA,6.3081135749816895,0.9981818456469871,0.9775692481765866
d:\Pneum Det\archive\chest_xray\chest_xray\train\PNEUMONIA\person934_virus_1595.jpeg,person934,PNEUMONIA,6.892165660858154,0.9989853188534206,0.9840798301524448
d:\Pneum Det\archive\chest_xray\chest_xray\train\PNEUMONIA\person942_bacteria_2867.jpeg,person942,PNEUMONIA,11.04680347442627,0.9999840622398543,0.998655199581793
d:\Pneum Det\archive\chest_xray\chest_xray\train\PNEUMONIA\person942_virus_1611.jpeg,person942,PNEUMONIA,8.541505813598633,0.9998048419843073,0.9940063856500334
d:\Pneum Det\archive\chest_xray\chest_xray\train\PNEUMONIA\person946_bacteria_2871.jpeg,person946,PNEUMONIA,-6.932804107666016,0.0009743120802609632,0.015543650615650828
d:\Pneum Det\archive\chest_xray\chest_xray\train\PNEUMONIA\person951_bacteria_2876.jpeg,person951,PNEUMONIA,7.804751873016357,0.9995923736379699,0.9907165172912552
d:\Pneum Det\archive\chest_xray\chest_xray\train\PNEUMONIA\person951_virus_1622.jpeg,person951,PNEUMONIA,7.715771675109863,0.9995544572326681,0.9902138022029963
d:\Pneum Det\archive\chest_xray\chest_xray\train\PNEUMONIA\person960_bacteria_2885.jpeg,person960,PNEUMONIA,8.587227821350098,0.9998135624590924,0.9941671988621643
d:\Pneum Det\archive\chest_xray\chest_xray\train\PNEUMONIA\person960_virus_1633.jpeg,person960,PNEUMONIA,6.686008453369141,0.9987533008872068,0.9820272130002201
d:\Pneum Det\archive\chest_xray\chest_xray\train\PNEUMONIA\person968_bacteria_2893.jpeg,person968,PNEUMONIA,0.30886757373809814,0.5766088246881372,0.5460738132570112
d:\Pneum Det\archive\chest_xray\chest_xray\train\PNEUMONIA\person968_virus_1642.jpeg,person968,PNEUMONIA,7.463597774505615,0.9994267400039528,0.9886379863299055
d:\Pneum Det\archive\chest_xray\chest_xray\train\PNEUMONIA\person971_bacteria_2896.jpeg,person971,PNEUMONIA,6.087672233581543,0.9977344559446756,0.9744871483653862
d:\Pneum Det\archive\chest_xray\chest_xray\train\PNEUMONIA\person973_virus_1647.jpeg,person973,PNEUMONIA,7.313559055328369,0.9993340029216407,0.9875839645432024
d:\Pneum Det\archive\chest_xray\chest_xray\train\PNEUMONIA\person976_bacteria_2901.jpeg,person976,PNEUMONIA,8.615673065185547,0.9998187900567748,0.9942650743177985
d:\Pneum Det\archive\chest_xray\chest_xray\train\PNEUMONIA\person976_virus_1651.jpeg,person976,PNEUMONIA,10.834506034851074,0.9999802927849339,0.9984733167329786
d:\Pneum Det\archive\chest_xray\chest_xray\train\PNEUMONIA\person983_bacteria_2910.jpeg,person983,PNEUMONIA,7.787519454956055,0.9995852913156531,0.9906211978662802
d:\Pneum Det\archive\chest_xray\chest_xray\train\PNEUMONIA\person983_virus_1660.jpeg,person983,PNEUMONIA,1.7478969097137451,0.8516873444292278,0.7399873915660504
d:\Pneum Det\archive\chest_xray\chest_xray\train\PNEUMONIA\person984_bacteria_2911.jpeg,person984,PNEUMONIA,8.59608268737793,0.9998152057471814,0.9941978437140545
d:\Pneum Det\archive\chest_xray\chest_xray\train\PNEUMONIA\person991_bacteria_2918.jpeg,person991,PNEUMONIA,7.748942852020264,0.9995689877117392,0.9904042868513164
d:\Pneum Det\archive\chest_xray\chest_xray\train\PNEUMONIA\person991_virus_1669.jpeg,person991,PNEUMONIA,6.987016677856445,0.999077054202847,0.9849450191688873
d:\Pneum Det\archive\chest_xray\chest_xray\train\PNEUMONIA\person996_bacteria_2924.jpeg,person996,PNEUMONIA,5.0176825523376465,0.9934236841223187,0.9526856225452599
d:\Pneum Det\archive\chest_xray\chest_xray\train\PNEUMONIA\person996_virus_1677.jpeg,person996,PNEUMONIA,10.77713394165039,0.9999791291020675,0.9984200796089749
d:\Pneum Det\archive\chest_xray\chest_xray\train\PNEUMONIA\person998_bacteria_2927.jpeg,person998,PNEUMONIA,6.336367607116699,0.9982324073868861,0.9779369914147784
d:\Pneum Det\archive\chest_xray\chest_xray\train\PNEUMONIA\person998_bacteria_2928.jpeg,person998,PNEUMONIA,8.760107040405273,0.9998431567871592,0.9947374082845731
d:\Pneum Det\archive\chest_xray\chest_xray\train\PNEUMONIA\person9_bacteria_38.jpeg,person9,PNEUMONIA,6.891939640045166,0.9989850897212281,0.9840777111546852
d:\Pneum Det\archive\chest_xray\chest_xray\train\PNEUMONIA\person9_bacteria_39.jpeg,person9,PNEUMONIA,2.1607444286346436,0.896668543252548,0.7846447180938105
d:\Pneum Det\archive\chest_xray\chest_xray\train\PNEUMONIA\person9_bacteria_40.jpeg,person9,PNEUMONIA,6.500984191894531,0.9985002922532076,0.9799651901021758
d:\Pneum Det\archive\chest_xray\chest_xray\train\PNEUMONIA\person9_bacteria_41.jpeg,person9,PNEUMONIA,5.856605052947998,0.9971472216736281,0.9708145030531673
d:\Pneum Det\archive\chest_xray\chest_xray\val\NORMAL\NORMAL2-IM-1440-0001.jpeg,normal:im-1440,NORMAL,-5.950118064880371,0.0025987617192181857,0.027641141529851174
d:\Pneum Det\archive\chest_xray\chest_xray\val\PNEUMONIA\person1946_bacteria_4874.jpeg,person1946,PNEUMONIA,9.764137268066406,0.9999425269687974,0.997107232735336
d:\Pneum Det\archive\chest_xray\chest_xray\val\PNEUMONIA\person1946_bacteria_4875.jpeg,person1946,PNEUMONIA,5.734787940979004,0.9967788418116207,0.9686767651079475
