path,patient_id,label,logit,probability,calibrated_probability
d:\Pneum Det\archive\chest_xray\chest_xray\train\NORMAL\IM-0127-0001.jpeg,normal:im-0127,NORMAL,-7.992785930633545,0.0003377772967522757,0.002920334540268048
d:\Pneum Det\archive\chest_xray\chest_xray\train\NORMAL\IM-0128-0001.jpeg,normal:im-0128,NORMAL,-6.64782190322876,0.0012951640572286735,0.007755415985997982
d:\Pneum Det\archive\chest_xray\chest_xray\train\NORMAL\IM-0131-0001.jpeg,normal:im-0131,NORMAL,-7.600034236907959,0.0005001839905991299,0.003885918397390591
d:\Pneum Det\archive\chest_xray\chest_xray\train\NORMAL\IM-0135-0001.jpeg,normal:im-0135,NORMAL,-9.66054916381836,6.374543965615781e-05,0.0008664273068320653
d:\Pneum Det\archive\chest_xray\chest_xray\train\NORMAL\IM-0143-0001.jpeg,normal:im-0143,NORMAL,-9.417817115783691,8.12566108549231e-05,0.0010341716800491936
d:\Pneum Det\archive\chest_xray\chest_xray\train\NORMAL\IM-0152-0001.jpeg,normal:im-0152,NORMAL,-6.913970470428467,0.0009928174169015998,0.006395063389017454
d:\Pneum Det\archive\chest_xray\chest_xray\train\NORMAL\IM-0164-0001.jpeg,normal:im-0164,NORMAL,-6.523253917694092,0.001466727248710448,0.008487235245985632
d:\Pneum Det\archive\chest_xray\chest_xray\train\NORMAL\IM-0168-0001.jpeg,normal:im-0168,NORMAL,-10.019720077514648,4.451142812639739e-05,0.0006667766978965015
d:\Pneum Det\archive\chest_xray\chest_xray\train\NORMAL\IM-0182-0001.jpeg,normal:im-0182,NORMAL,-7.858734607696533,0.0003862132439634792,0.003219508453384092
d:\Pneum Det\archive\chest_xray\chest_xray\train\NORMAL\IM-0185-0001.jpeg,normal:im-0185,NORMAL,-7.332940578460693,0.0006532216756842384,0.004718298453521636
d:\Pneum Det\archive\chest_xray\chest_xray\train\NORMAL\IM-0189-0001.jpeg,normal:im-0189,NORMAL,-6.892073154449463,0.0010147749201741905,0.006497412288525382
d:\Pneum Det\archive\chest_xray\chest_xray\train\NORMAL\IM-0199-0001.jpeg,normal:im-0199,NORMAL,-7.572822093963623,0.0005139748616732202,0.00396355291585131
d:\Pneum Det\archive\chest_xray\chest_xray\train\NORMAL\IM-0211-0001.jpeg,normal:im-0211,NORMAL,-8.705004692077637,0.00016572671315985828,0.0017386442007401234
d:\Pneum Det\archive\chest_xray\chest_xray\train\NORMAL\IM-0215-0001.jpeg,normal:im-0215,NORMAL,-7.4413161277771,0.0005861689680254262,0.004361057908951394
d:\Pneum Det\archive\chest_xray\chest_xray\train\NORMAL\IM-0229-0001.jpeg,normal:im-0229,NORMAL,-6.533890247344971,0.0014512318474473721,0.008422161769513695
d:\Pneum Det\archive\chest_xray\chest_xray\train\NORMAL\IM-0237-0001.jpeg,normal:im-0237,NORMAL,-9.051901817321777,0.00011715426604332407,0.001350303187402546
d:\Pneum Det\archive\chest_xray\chest_xray\train\NORMAL\IM-0240-0001.jpeg,normal:im-0240,NORMAL,-10.143891334533691,3.931396930178751e-05,0.0006090454104187577
d:\Pneum Det\archive\chest_xray\chest_xray\train\NORMAL\IM-0245-0001.jpeg,normal:im-0245,NORMAL,-6.3718719482421875,0.0017060415981202108,0.009469261175737912
d:\Pneum Det\archive\chest_xray\chest_xray\train\NORMAL\IM-0256-0001.jpeg,normal:im-0256,NORMAL,-8.282902717590332,0.0002527384273737885,0.0023644098170721413
d:\Pneum Det\archive\chest_xray\chest_xray\train\NORMAL\IM-0262-0001.jpeg,normal:im-0262,NORMAL,-6.853392124176025,0.0010547542947864697,0.006682200683390315
d:\Pneum Det\archive\chest_xray\chest_xray\train\NORMAL\IM-0266-0001.jpeg,normal:im-0266,NORMAL,-9.382599830627441,8.416898925749893e-05,0.0010610674567664517
d:\Pneum Det\archive\chest_xray\chest_xray\train\NORMAL\IM-0270-0001.jpeg,normal:im-0270,NORMAL,-7.987133502960205,0.0003396913142589364,0.0029323708115052776
d:\Pneum Det\archive\chest_xray\chest_xray\train\NORMAL\IM-0283-0001.jpeg,normal:im-0283,NORMAL,-9.353254318237305,8.667535268533781e-05,0.0010840118256119978
d:\Pneum Det\archive\chest_xray\chest_xray\train\NORMAL\IM-0286-0001.jpeg,normal:im-0286,NORMAL,-9.752591133117676,5.814042951642564e-05,0.0008101847468329184
d:\Pneum Det\archive\chest_xray\chest_xray\train\NORMAL\IM-0289-0001.jpeg,normal:im-0289,NORMAL,-9.804627418518066,5.519254806652066e-05,0.000780017559581992
d:\Pneum Det\archive\chest_xray\chest_xray\train\NORMAL\IM-0303-0001.jpeg,normal:im-0303,NORMAL,-7.892602443695068,0.0003733568585823517,0.00314115498456528
d:\Pneum Det\archive\chest_xray\chest_xray\train\NORMAL\IM-0312-0001.jpeg,normal:im-0312,NORMAL,-9.496224403381348,7.512932954662513e-05,0.000976712149095315
d:\Pneum Det\archive\chest_xray\chest_xray\train\NORMAL\IM-0315-0001.jpeg,normal:im-0315,NORMAL,-9.180069923400879,0.00010306270264473814,0.0012298751906160794
d:\Pneum Det\archive\chest_xray\chest_xray\train\NORMAL\IM-0318-0001.jpeg,normal:im-0318,NORMAL,-7.818387508392334,0.0004021080608752369,0.003315398371992471
d:\Pneum Det\archive\chest_xray\chest_xray\train\NORMAL\IM-0327-0001.jpeg,normal:im-0327,NORMAL,-11.550433158874512,9.63177729820926e-06,0.00021828247984120164
d:\Pneum Det\archive\chest_xray\chest_xray\train\NORMAL\IM-0331-0001.jpeg,normal:im-0331,NORMAL,-8.643519401550293,0.00017623439636071242,0.0018182923091266208
d:\Pneum Det\archive\chest_xray\chest_xray\train\NORMAL\IM-0338-0001.jpeg,normal:im-0338,NORMAL,-10.853334426879883,1.93396383692439e-05,0.0003629944954105857
d:\Pneum Det\archive\chest_xray\chest_xray\train\NORMAL\IM-0343-0001.jpeg,normal:im-0343,NORMAL,-10.141761779785156,3.939777645765803e-05,0.0006099921154167494
d:\Pneum Det\archive\chest_xray\chest_xray\train\NORMAL\IM-0346-0001.jpeg,normal:im-0346,NORMAL,-9.193851470947266,0.00010165222509717343,0.0012175823743491058
d:\Pneum Det\archive\chest_xray\chest_xray\train\NORMAL\IM-0350-0001.jpeg,normal:im-0350,NORMAL,-6.35117769241333,0.0017416525703278065,0.009611972546845808
d:\Pneum Det\archive\chest_xray\chest_xray\train\NORMAL\IM-0357-0001.jpeg,normal:im-0357,NORMAL,-10.35611629486084,3.1796698571786455e-05,0.0005217030296842142
d:\Pneum Det\archive\chest_xray\chest_xray\train\NORMAL\IM-0364-0001.jpeg,normal:im-0364,NORMAL,-6.273910045623779,0.00188129837434052,0.010163896964859307
d:\Pneum Det\archive\chest_xray\chest_xray\train\NORMAL\IM-0369-0001.jpeg,normal:im-0369,NORMAL,-8.810803413391113,0.00014909117659922633,0.0016096599471139528
d:\Pneum Det\archive\chest_xray\chest_xray\train\NORMAL\IM-0377-0001.jpeg,normal:im-0377,NORMAL,-7.762203216552734,0.00042533705018584324,0.0034536868348378626
d:\Pneum Det\archive\chest_xray\chest_xray\train\NORMAL\IM-0389-0001.jpeg,normal:im-0389,NORMAL,-7.6332316398620605,0.00048385967709691456,0.0037932566213651204
d:\Pneum Det\archive\chest_xray\chest_xray\train\NORMAL\IM-0403-0001.jpeg,normal:im-0403,NORMAL,-10.968807220458984,1.7230586798838445e-05,0.0003336675043371599
d:\Pneum Det\archive\chest_xray\chest_xray\train\NORMAL\IM-0413-0001.jpeg,normal:im-0413,NORMAL,-10.06174373626709,4.267973174087097e-05,0.000646650841451397
d:\Pneum Det\archive\chest_xray\chest_xray\train\NORMAL\IM-0429-0001-0001.jpeg,normal:im-0429-0001,NORMAL,-8.332600593566895,0.0002404878209335538,0.0022803824536414114
d:\Pneum Det\archive\chest_xray\chest_xray\train\NORMAL\IM-0429-0001-0002.jpeg,normal:im-0429-0001,NORMAL,-7.523743152618408,0.0005398155159605927,0.0041074980269737195
d:\Pneum Det\archive\chest_xray\chest_xray\train\NORMAL\IM-0430-0001.jpeg,normal:im-0430,NORMAL,-7.7703328132629395,0.00042189470174838414,0.0034333269984630882
d:\Pneum Det\archive\chest_xray\chest_xray\train\NORMAL\IM-0437-0001-0001.jpeg,normal:im-0437-0001,NORMAL,-9.282842636108398,9.299771470777089e-05,0.0011411061241482785
d:\Pneum Det\archive\chest_xray\chest_xray\train\NORMAL\IM-0437-0001-0002.jpeg,normal:im-0437-0001,NORMAL,-7.507975101470947,0.000548390111489971,0.004154840624439359
d:\Pneum Det\archive\chest_xray\chest_xray\train\NORMAL\IM-0440-0001.jpeg,normal:im-0440,NORMAL,-9.414633750915527,8.151567133285127e-05,0.0010365745866229472
d:\Pneum Det\archive\chest_xray\chest_xray\train\NORMAL\IM-0441-0001.jpeg,normal:im-0441,NORMAL,-10.181862831115723,3.784920126167702e-05,0.0005924093651176109
d:\Pneum Det\archive\chest_xray\chest_xray\train\NORMAL\IM-0442-0001.jpeg,normal:im-0442,NORMAL,-8.783371925354004,0.00015323694505172436,0.0016421557916405326
d:\Pneum Det\archive\chest_xray\chest_xray\train\NORMAL\IM-0448-0001.jpeg,normal:im-0448,NORMAL,-7.03565788269043,0.0008791654657251941,0.00585480389867074
d:\Pneum Det\archive\chest_xray\chest_xray\train\NORMAL\IM-0460-0001.jpeg,normal:im-0460,NORMAL,-8.918139457702637,0.0001339192721843157,0.001488561802468502
d:\Pneum Det\archive\chest_xray\chest_xray\train\NORMAL\IM-0467-0001-0001.jpeg,normal:im-0467-0001,NORMAL,-10.229485511779785,3.6089030557955356e-05,0.000572185426113895
d:\Pneum Det\archive\chest_xray\chest_xray\train\NORMAL\IM-0467-0001-0002.jpeg,normal:im-0467-0001,NORMAL,-7.679031848907471,0.00046220864124438114,0.0036690201653801708
d:\Pneum Det\archive\chest_xray\chest_xray\train\NORMAL\IM-0469-0001.jpeg,normal:im-0469,NORMAL,-8.739151954650879,0.0001601640218117664,0.0016959240378929808
d:\Pneum Det\archive\chest_xray\chest_xray\train\NORMAL\IM-0480-0001.jpeg,normal:im-0480,NORMAL,-6.43578577041626,0.0016005825292025107,0.009041618880746113
d:\Pneum Det\archive\chest_xray\chest_xray\train\NORMAL\IM-0481-0001.jpeg,normal:im-0481,NORMAL,-5.895168781280518,0.002745155077157025,0.013356676850124599
d:\Pneum Det\archive\chest_xray\chest_xray\train\NORMAL\IM-0482-0001.jpeg,normal:im-0482,NORMAL,-8.421842575073242,0.00021996050295090656,0.00213690431353188
d:\Pneum Det\archive\chest_xray\chest_xray\train\NORMAL\IM-0485-0001.jpeg,normal:im-0485,NORMAL,-9.235747337341309,9.748180391434736e-05,0.0011809607576848324
d:\Pneum Det\archive\chest_xray\chest_xray\train\NORMAL\IM-0488-0001.jpeg,normal:im-0488,NORMAL,-5.145734786987305,0.0057904684427170765,0.02285744822516179
d:\Pneum Det\archive\chest_xray\chest_xray\train\NORMAL\IM-0494-0001.jpeg,normal:im-0494,NORMAL,-9.197539329528809,0.00010127807436508306,0.001214313755489109
d:\Pneum Det\archive\chest_xray\chest_xray\train\NORMAL\IM-0502-0001.jpeg,normal:im-0502,NORMAL,-7.8863911628723145,0.0003756822259406847,0.003155381100924443
d:\Pneum Det\archive\chest_xray\chest_xray\train\NORMAL\IM-0505-0001.jpeg,normal:im-0505,NORMAL,-8.324625015258789,0.00024241305263899803,0.0022936637601289715
d:\Pneum Det\archive\chest_xray\chest_xray\train\NORMAL\IM-0515-0001.jpeg,normal:im-0515,NORMAL,-6.548600673675537,0.0014300701680183756,0.008332977299679903
d:\Pneum Det\archive\chest_xray\chest_xray\train\NORMAL\IM-0516-0001.jpeg,normal:im-0516,NORMAL,-6.104138374328613,0.0022286271996441696,0.011489131454380271
d:\Pneum Det\archive\chest_xray\chest_xray\train\NORMAL\IM-0519-0001-0001.jpeg,normal:im-0519-0001,NORMAL,-9.977928161621094,4.64109760606915e-05,0.0006874123157739174
d:\Pneum Det\archive\chest_xray\chest_xray\train\NORMAL\IM-0519-0001-0002.jpeg,normal:im-0519-0001,NORMAL,-8.43727970123291,0.00021659174920379563,0.002113015616600596
d:\Pneum Det\archive\chest_xray\chest_xray\train\NORMAL\IM-0525-0001-0001.jpeg,normal:im-0525-0001,NORMAL,-9.685601234436035,6.216841996296915e-05,0.0008507437076423845
d:\Pneum Det\archive\chest_xray\chest_xray\train\NORMAL\IM-0525-0001-0002.jpeg,normal:im-0525-0001,NORMAL,-7.9461283683776855,0.0003539048961341698,0.0030211806690136475
d:\Pneum Det\archive\chest_xray\chest_xray\train\NORMAL\IM-0529-0001.jpeg,normal:im-0529,NORMAL,-10.472916603088379,2.8291620428063465e-05,0.0004790956767813733
d:\Pneum Det\archive\chest_xray\chest_xray\train\NORMAL\IM-0531-0001.jpeg,normal:im-0531,NORMAL,-8.083760261535645,0.0003084136295890892,0.0027332537606355248
d:\Pneum Det\archive\chest_xray\chest_xray\train\NORMAL\IM-0537-0001.jpeg,normal:im-0537,NORMAL,-10.576608657836914,2.5505048035631097e-05,0.0004441937368315522
d:\Pneum Det\archive\chest_xray\chest_xray\train\NORMAL\IM-0542-0001.jpeg,normal:im-0542,NORMAL,-10.121994972229004,4.018426096454982e-05,0.0006188500375726928
d:\Pneum Det\archive\chest_xray\chest_xray\train\NORMAL\IM-0543-0001.jpeg,normal:im-0543,NORMAL,-8.389973640441895,0.00022708168760699293,0.002187076796083802
d:\Pneum Det\archive\chest_xray\chest_xray\train\NORMAL\IM-0544-0001.jpeg,normal:im-0544,NORMAL,-9.227259635925293,9.831263997227651e-05,0.0011882899922165836
d:\Pneum Det\archive\chest_xray\chest_xray\train\NORMAL\IM-0553-0001.jpeg,normal:im-0553,NORMAL,-9.352128982543945,8.677293798752848e-05,0.0010849014910099977
d:\Pneum Det\archive\chest_xray\chest_xray\train\NORMAL\IM-0555-0001-0001.jpeg,normal:im-0555-0001,NORMAL,-8.393718719482422,0.0002262330312700521,0.0021811203524683682
d:\Pneum Det\archive\chest_xray\chest_xray\train\NORMAL\IM-0555-0001-0002.jpeg,normal:im-0555-0001,NORMAL,-0.9479043483734131,0.27930646967697575,0.3336371591201258
d:\Pneum Det\archive\chest_xray\chest_xray\train\NORMAL\IM-0555-0001.jpeg,normal:im-0555,NORMAL,-9.69946575164795,6.131248495551461e-05,0.0008421862268528314
d:\Pneum Det\archive\chest_xray\chest_xray\train\NORMAL\IM-0561-0001.jpeg,normal:im-0561,NORMAL,-9.221673011779785,9.886335833717615e-05,0.0011931388863873976
d:\Pneum Det\archive\chest_xray\chest_xray\train\NORMAL\IM-0566-0001.jpeg,normal:im-0566,NORMAL,-8.631453514099121,0.00017837331950818568,0.0018343448131098229
d:\Pneum Det\archive\chest_xray\chest_xray\train\NORMAL\IM-0578-0001.jpeg,normal:im-0578,NORMAL,-10.742318153381348,2.1610316016461336e-05,0.0003936163389021819
d:\Pneum Det\archive\chest_xray\chest_xray\train\NORMAL\IM-0579-0001.jpeg,normal:im-0579,NORMAL,-7.281592845916748,0.000687615530647426,0.004897582155184091
d:\Pneum Det\archive\chest_xray\chest_xray\train\NORMAL\IM-0582-0001.jpeg,normal:im-0582,NORMAL,-9.695450782775879,6.155913232964485e-05,0.0008446554674922514
d:\Pneum Det\archive\chest_xray\chest_xray\train\NORMAL\IM-0590-0001.jpeg,normal:im-0590,NORMAL,-10.041572570800781,4.354933515255051e-05,0.0006562342484467484
d:\Pneum Det\archive\chest_xray\chest_xray\train\NORMAL\IM-0604-0001.jpeg,normal:im-0604,NORMAL,-8.350285530090332,0.00023627319153075386,0.0022512057328623225
d:\Pneum Det\archive\chest_xray\chest_xray\train\NORMAL\IM-0612-0001.jpeg,normal:im-0612,NORMAL,-8.16012954711914,0.0002857436917514634,0.0025854683041751834
d:\Pneum Det\archive\chest_xray\chest_xray\train\NORMAL\IM-0614-0001.jpeg,normal:im-0614,NORMAL,-9.632400512695312,6.556516135400678e-05,0.0008843943903731622
d:\Pneum Det\archive\chest_xray\chest_xray\train\NORMAL\IM-0618-0001-0001.jpeg,normal:im-0618-0001,NORMAL,-7.487917423248291,0.000559494380414811,0.004215848569416206
d:\Pneum Det\archive\chest_xray\chest_xray\train\NORMAL\IM-0618-0001-0002.jpeg,normal:im-0618-0001,NORMAL,-4.881795406341553,0.0075263116073966,0.02757904218924064
d:\Pneum Det\archive\chest_xray\chest_xray\train\NORMAL\IM-0625-0001.jpeg,normal:im-0625,NORMAL,-9.193331718444824,0.0001017050674533449,0.001218043746800305
d:\Pneum Det\archive\chest_xray\chest_xray\train\NORMAL\IM-0626-0001-0001.jpeg,normal:im-0626-0001,NORMAL,-8.967036247253418,0.0001275293804810425,0.001436454240150432
d:\Pneum Det\archive\chest_xray\chest_xray\train\NORMAL\IM-0626-0001-0002.jpeg,normal:im-0626-0001,NORMAL,-6.748154163360596,0.0011716684518604293,0.007211786595879508
d:\Pneum Det\archive\chest_xray\chest_xray\train\NORMAL\IM-0628-0001.jpeg,normal:im-0628,NORMAL,-9.35097599029541,8.68730355156396e-05,0.0010858137775477518
d:\Pneum Det\archive\chest_xray\chest_xray\train\NORMAL\IM-0630-0001.jpeg,normal:im-0630,NORMAL,-8.57189655303955,0.00018931734284070344,0.0019156759444985815
d:\Pneum Det\archive\chest_xray\chest_xray\train\NORMAL\IM-0631-0001-0001.jpeg,normal:im-0631-0001,NORMAL,-8.320464134216309,0.00024342355982674075,0.0023006232590408074
d:\Pneum Det\archive\chest_xray\chest_xray\train\NORMAL\IM-0631-0001-0002.jpeg,normal:im-0631-0001,NORMAL,-8.683979988098145,0.0001692473591097272,0.0017654799038657005
d:\Pneum Det\archive\chest_xray\chest_xray\train\NORMAL\IM-0640-0001.jpeg,normal:im-0640,NORMAL,-7.291041851043701,0.000681153252747963,0.0048640889035845925
d:\Pneum Det\archive\chest_xray\chest_xray\train\NORMAL\IM-0645-0001.jpeg,normal:im-0645,NORMAL,-4.65444278717041,0.0094294549751139,0.032395284304225176
d:\Pneum Det\archive\chest_xray\chest_xray\train\NORMAL\IM-0652-0001.jpeg,normal:im-0652,NORMAL,-9.02592945098877,0.00012023652725136169,0.0013761062271291035
d:\Pneum Det\archive\chest_xray\chest_xray\train\NORMAL\IM-0661-0001.jpeg,normal:im-0661,NORMAL,-9.710949897766113,6.061243353819648e-05,0.0008351631248146653
d:\Pneum Det\archive\chest_xray\chest_xray\train\NORMAL\IM-0662-0001.jpeg,normal:im-0662,NORMAL,-8.727364540100098,0.0001620628044553135,0.001710551009947378
d:\Pneum Det\archive\chest_xray\chest_xray\train\NORMAL\IM-0663-0001.jpeg,normal:im-0663,NORMAL,-7.173276424407959,0.0007662186870085635,0.005298311321487826
d:\Pneum Det\archive\chest_xray\chest_xray\train\NORMAL\IM-0670-0001.jpeg,normal:im-0670,NORMAL,-9.546862602233887,7.141989937744599e-05,0.0009413092051313185
d:\Pneum Det\archive\chest_xray\chest_xray\train\NORMAL\IM-0674-0001.jpeg,normal:im-0674,NORMAL,-10.528914451599121,2.675093310261097e-05,0.0004599198770351265
d:\Pneum Det\archive\chest_xray\chest_xray\train\NORMAL\IM-0679-0001.jpeg,normal:im-0679,NORMAL,-10.240927696228027,3.567846133055952e-05,0.0005674299843517365
d:\Pneum Det\archive\chest_xray\chest_xray\train\NORMAL\IM-0686-0001.jpeg,normal:im-0686,NORMAL,-9.070143699645996,0.00011503676983241287,0.0013324696344543172
d:\Pneum Det\archive\chest_xray\chest_xray\train\NORMAL\IM-0691-0001.jpeg,normal:im-0691,NORMAL,-2.2068142890930176,0.09914023050740703,0.16651471986275623
d:\Pneum Det\archive\chest_xray\chest_xray\train\NORMAL\IM-0696-0001.jpeg,normal:im-0696,NORMAL,-8.079706192016602,0.0003096661098046523,0.0027413302987907093
d:\Pneum Det\archive\chest_xray\chest_xray\train\NORMAL\IM-0707-0001.jpeg,normal:im-0707,NORMAL,-11.316814422607422,1.216647196372617e-05,0.00025884885048050855
d:\Pneum Det\archive\chest_xray\chest_xray\train\NORMAL\IM-0709-0001.jpeg,normal:im-0709,NORMAL,-9.60848331451416,6.71520928384588e-05,0.000899952781577998
d:\Pneum Det\archive\chest_xray\chest_xray\train\NORMAL\IM-0712-0001.jpeg,normal:im-0712,NORMAL,-11.056541442871094,1.5783314404238983e-05,0.00031297937376415614
d:\Pneum Det\archive\chest_xray\chest_xray\train\NORMAL\IM-0716-0001.jpeg,normal:im-0716,NORMAL,-9.638605117797852,6.515964127357538e-05,0.0008804023183800717
d:\Pneum Det\archive\chest_xray\chest_xray\train\NORMAL\IM-0732-0001.jpeg,normal:im-0732,NORMAL,-4.8397321701049805,0.007847107953532974,0.028414355865501038
d:\Pneum Det\archive\chest_xray\chest_xray\train\NORMAL\IM-0733-0001.jpeg,normal:im-0733,NORMAL,-11.275114059448242,1.2684538538822787e-05,0.0002668453334108654
d:\Pneum Det\archive\chest_xray\chest_xray\train\NORMAL\IM-0734-0001.jpeg,normal:im-0734,NORMAL,-10.533754348754883,2.6621777586168514e-05,0.000458298977423973
d:\Pneum Det\archive\chest_xray\chest_xray\train\NORMAL\IM-0737-0001.jpeg,normal:im-0737,NORMAL,-6.336548328399658,0.0017672737648619819,0.00971414236980338
d:\Pneum Det\archive\chest_xray\chest_xray\train\NORMAL\IM-0750-0001.jpeg,normal:im-0750,NORMAL,-6.142640113830566,0.0021446325440926685,0.011174353945581028
d:\Pneum Det\archive\chest_xray\chest_xray\train\NORMAL\IM-0757-0001.jpeg,normal:im-0757,NORMAL,-7.33506441116333,0.0006518367176724498,0.00471102531203205
d:\Pneum Det\archive\chest_xray\chest_xray\train\NORMAL\IM-0761-0001.jpeg,normal:im-0761,NORMAL,-6.549444675445557,0.001428865419356322,0.008327888895859658
d:\Pneum Det\archive\chest_xray\chest_xray\train\NORMAL\NORMAL2-IM-0389-0001.jpeg,normal:im-0389,NORMAL,-7.089166641235352,0.0008333970441255081,0.005631839282932987
d:\Pneum Det\archive\chest_xray\chest_xray\train\NORMAL\NORMAL2-IM-0396-0001.jpeg,normal:im-0396,NORMAL,-3.4988293647766113,0.029345557222524327,0.07219542146295607
d:\Pneum Det\archive\chest_xray\chest_xray\train\NORMAL\NORMAL2-IM-0403-0001.jpeg,normal:im-0403,NORMAL,-7.823808670043945,0.0003999349356448453,0.003302350600530727
d:\Pneum Det\archive\chest_xray\chest_xray\train\NORMAL\NORMAL2-IM-0406-0001.jpeg,normal:im-0406,NORMAL,-7.882684707641602,0.00037707673297434496,0.003163900824506429
d:\Pneum Det\archive\chest_xray\chest_xray\train\NORMAL\NORMAL2-IM-0413-0001.jpeg,normal:im-0413,NORMAL,-10.610825538635254,2.4647127737581454e-05,0.0004332436614354757
d:\Pneum Det\archive\chest_xray\chest_xray\train\NORMAL\NORMAL2-IM-0415-0001.jpeg,normal:im-0415,NORMAL,-8.877251625061035,0.0001395076467992526,0.0015335805961937553
d:\Pneum Det\archive\chest_xray\chest_xray\train\NORMAL\NORMAL2-IM-0418-0001.jpeg,normal:im-0418,NORMAL,-10.511961936950684,2.7208282003036602e-05,0.000465642656322633
d:\Pneum Det\archive\chest_xray\chest_xray\train\NORMAL\NORMAL2-IM-0440-0001.jpeg,normal:im-0440,NORMAL,-9.715086936950684,6.0362210609676416e-05,0.000832647491186564
d:\Pneum Det\archive\chest_xray\chest_xray\train\NORMAL\NORMAL2-IM-0441-0001.jpeg,normal:im-0441,NORMAL,-4.799602031707764,0.008165793712730017,0.02923414419048211
d:\Pneum Det\archive\chest_xray\chest_xray\train\NORMAL\NORMAL2-IM-0448-0001.jpeg,normal:im-0448,NORMAL,-8.60969066619873,0.00018229706433707665,0.0018636566909047867
d:\Pneum Det\archive\chest_xray\chest_xray\train\NORMAL\NORMAL2-IM-0460-0001.jpeg,normal:im-0460,NORMAL,-7.951028347015381,0.00035217562058696906,0.003010428678531345
d:\Pneum Det\archive\chest_xray\chest_xray\train\NORMAL\NORMAL2-IM-0462-0001.jpeg,normal:im-0462,NORMAL,-10.125247955322266,4.0053759852827365e-05,0.0006173835200142135
d:\Pneum Det\archive\chest_xray\chest_xray\train\NORMAL\NORMAL2-IM-0480-0001.jpeg,normal:im-0480,NORMAL,-6.061875343322754,0.002324610780471939,0.011844755799407681
d:\Pneum Det\archive\chest_xray\chest_xray\train\NORMAL\NORMAL2-IM-0481-0001.jpeg,normal:im-0481,NORMAL,-9.255913734436035,9.553582262202195e-05,0.0011637274033992502
d:\Pneum Det\archive\chest_xray\chest_xray\train\NORMAL\NORMAL2-IM-0482-0001.jpeg,normal:im-0482,NORMAL,-8.062911033630371,0.00031490926996193187,0.0027750440115444953
d:\Pneum Det\archive\chest_xray\chest_xray\train\NORMAL\NORMAL2-IM-0485-0001.jpeg,normal:im-0485,NORMAL,-7.716061592102051,0.0004454136731612734,0.003571544649065586
d:\Pneum Det\archive\chest_xray\chest_xray\train\NORMAL\NORMAL2-IM-0488-0001.jpeg,normal:im-0488,NORMAL,-9.125685691833496,0.00010882227402195896,0.0012796063525021993
d:\Pneum Det\archive\chest_xray\chest_xray\train\NORMAL\NORMAL2-IM-0502-0001.jpeg,normal:im-0502,NORMAL,-7.844712734222412,0.0003916646865712656,0.003252515633161414
d:\Pneum Det\archive\chest_xray\chest_xray\train\NORMAL\NORMAL2-IM-0515-0001.jpeg,normal:im-0515,NORMAL,-6.681665897369385,0.0012521179520039213,0.007567640484046884
d:\Pneum Det\archive\chest_xray\chest_xray\train\NORMAL\NORMAL2-IM-0516-0001.jpeg,normal:im-0516,NORMAL,-10.367606163024902,3.143346095333672e-05,0.0005173489361804467
d:\Pneum Det\archive\chest_xray\chest_xray\train\NORMAL\NORMAL2-IM-0518-0001.jpeg,normal:im-0518,NORMAL,-8.699433326721191,0.00016665245979573007,0.0017457155194834173
d:\Pneum Det\archive\chest_xray\chest_xray\train\NORMAL\NORMAL2-IM-0529-0001.jpeg,normal:im-0529,NORMAL,-9.323643684387207,8.92800081200386e-05,0.0011076658494053012
d:\Pneum Det\archive\chest_xray\chest_xray\train\NORMAL\NORMAL2-IM-0531-0001.jpeg,normal:im-0531,NORMAL,-0.6188022494316101,0.35005391008264397,0.38898002119636893
d:\Pneum Det\archive\chest_xray\chest_xray\train\NORMAL\NORMAL2-IM-0537-0001.jpeg,normal:im-0537,NORMAL,-6.3362650871276855,0.001767773515617426,0.009716131069702467
d:\Pneum Det\archive\chest_xray\chest_xray\train\NORMAL\NORMAL2-IM-0543-0001.jpeg,normal:im-0543,NORMAL,-10.222868919372559,3.6328599981353007e-05,0.0005749534768267816
d:\Pneum Det\archive\chest_xray\chest_xray\train\NORMAL\NORMAL2-IM-0550-0001.jpeg,normal:im-0550,NORMAL,-9.530064582824707,7.26296574215419e-05,0.0009529088521120907
d:\Pneum Det\archive\chest_xray\chest_xray\train\NORMAL\NORMAL2-IM-0553-0001.jpeg,normal:im-0553,NORMAL,-6.575058460235596,0.0013927818332977694,0.008174922995419434
d:\Pneum Det\archive\chest_xray\chest_xray\train\NORMAL\NORMAL2-IM-0555-0001-0001.jpeg,normal:im-0555-0001,NORMAL,-9.643332481384277,6.485235483443021e-05,0.0008773727993242459
d:\Pneum Det\archive\chest_xray\chest_xray\train\NORMAL\NORMAL2-IM-0555-0001-0002.jpeg,normal:im-0555-0001,NORMAL,-8.626823425292969,0.00017920097038884737,0.00184054218899614
d:\Pneum Det\archive\chest_xray\chest_xray\train\NORMAL\NORMAL2-IM-0555-0001.jpeg,normal:im-0555,NORMAL,-8.452191352844238,0.00021338665370456756,0.0020901931573818954
d:\Pneum Det\archive\chest_xray\chest_xray\train\NORMAL\NORMAL2-IM-0561-0001.jpeg,normal:im-0561,NORMAL,-8.697718620300293,0.00016693841723073127,0.0017478976408649065
d:\Pneum Det\archive\chest_xray\chest_xray\train\NORMAL\NORMAL2-IM-0566-0001.jpeg,normal:im-0566,NORMAL,-9.777671813964844,5.67004440315816e-05,0.0007955018126649911
d:\Pneum Det\archive\chest_xray\chest_xray\train\NORMAL\NORMAL2-IM-0578-0001.jpeg,normal:im-0578,NORMAL,-9.127985000610352,0.00010857237258910635,0.00127746366979606
d:\Pneum Det\archive\chest_xray\chest_xray\train\NORMAL\NORMAL2-IM-0579-0001.jpeg,normal:im-0579,NORMAL,-9.644864082336426,6.475310935944177e-05,0.0008763935123512532
d:\Pneum Det\archive\chest_xray\chest_xray\train\NORMAL\NORMAL2-IM-0582-0001.jpeg,normal:im-0582,NORMAL,-8.342310905456543,0.0002381644638677307,0.0022643159228122275
d:\Pneum Det\archive\chest_xray\chest_xray\train\NORMAL\NORMAL2-IM-0589-0001.jpeg,normal:im-0589,NORMAL,-9.511910438537598,7.396012943330343e-05,0.0009656055673692807
d:\Pneum Det\archive\chest_xray\chest_xray\train\NORMAL\NORMAL2-IM-0604-0001.jpeg,normal:im-0604,NORMAL,-10.83512020111084,1.9695115513898814e-05,0.00036785011112199835
d:\Pneum Det\archive\chest_xray\chest_xray\train\NORMAL\NORMAL2-IM-0630-0001.jpeg,normal:im-0630,NORMAL,-7.398322105407715,0.000611904583279582,0.004499438872313631
d:\Pneum Det\archive\chest_xray\chest_xray\train\NORMAL\NORMAL2-IM-0640-0001.jpeg,normal:im-0640,NORMAL,-8.456355094909668,0.00021250020228022484,0.0020838645483528245
d:\Pneum Det\archive\chest_xray\chest_xray\train\NORMAL\NORMAL2-IM-0645-0001.jpeg,normal:im-0645,NORMAL,-5.178308963775635,0.005605928032004995,0.022332466587184935
d:\Pneum Det\archive\chest_xray\chest_xray\train\NORMAL\NORMAL2-IM-0652-0001.jpeg,normal:im-0652,NORMAL,-9.257301330566406,9.540336205353934e-05,0.0011625509006717193
d:\Pneum Det\archive\chest_xray\chest_xray\train\NORMAL\NORMAL2-IM-0661-0001.jpeg,normal:im-0661,NORMAL,-9.540217399597168,7.189604525000062e-05,0.0009458809998968894
d:\Pneum Det\archive\chest_xray\chest_xray\train\NORMAL\NORMAL2-IM-0662-0001.jpeg,normal:im-0662,NORMAL,-6.3389105796813965,0.0017631112990161007,0.009697572169462317
d:\Pneum Det\archive\chest_xray\chest_xray\train\NORMAL\NORMAL2-IM-0663-0001.jpeg,normal:im-0663,NORMAL,-9.441490173339844,7.935575933232413e-05,0.001016476180910782
d:\Pneum Det\archive\chest_xray\chest_xray\train\NORMAL\NORMAL2-IM-0686-0001.jpeg,normal:im-0686,NORMAL,-8.603120803833008,0.00018349845334839752,0.0018725970176467555
d:\Pneum Det\archive\chest_xray\chest_xray\train\NORMAL\NORMAL2-IM-0696-0001.jpeg,normal:im-0696,NORMAL,-7.8759446144104,0.0003796258815776771,0.003179452528231548
d:\Pneum Det\archive\chest_xray\chest_xray\train\NORMAL\NORMAL2-IM-0707-0001.jpeg,normal:im-0707,NORMAL,-2.549288272857666,0.07247431437717794,0.13464831081549833
d:\Pneum Det\archive\chest_xray\chest_xray\train\NORMAL\NORMAL2-IM-0757-0001.jpeg,normal:im-0757,NORMAL,0.5883066654205322,0.642976521860415,0.6057174901985606
d:\Pneum Det\archive\chest_xray\chest_xray\train\NORMAL\NORMAL2-IM-0775-0001.jpeg,normal:im-0775,NORMAL,-9.618877410888672,6.64577685879421e-05,0.0008931579937051695
d:\Pneum Det\archive\chest_xray\chest_xray\train\NORMAL\NORMAL2-IM-0793-0001.jpeg,normal:im-0793,NORMAL,0.2668512463569641,0.5663197278348117,0.5485336905963255
d:\Pneum Det\archive\chest_xray\chest_xray\train\NORMAL\NORMAL2-IM-0798-0001.jpeg,normal:im-0798,NORMAL,-7.480827808380127,0.0005634728311996826,0.004237625216965459
d:\Pneum Det\archive\chest_xray\chest_xray\train\NORMAL\NORMAL2-IM-0799-0001.jpeg,normal:im-0799,NORMAL,-7.267953395843506,0.0006970518980488187,0.004946334111180648
d:\Pneum Det\archive\chest_xray\chest_xray\train\NORMAL\NORMAL2-IM-0803-0001.jpeg,normal:im-0803,NORMAL,-6.18698263168335,0.0020518026266543228,0.010822378368087797
d:\Pneum Det\archive\chest_xray\chest_xray\train\NORMAL\NORMAL2-IM-0812-0001.jpeg,normal:im-0812,NORMAL,-8.876264572143555,0.00013964539697183684,0.0015346840143248466
d:\Pneum Det\archive\chest_xray\chest_xray\train\NORMAL\NORMAL2-IM-0818-0001-0002.jpeg,normal:im-0818-0001,NORMAL,-5.441214084625244,0.004315513591179999,0.018505721759932064
d:\Pneum Det\archive\chest_xray\chest_xray\train\NORMAL\NORMAL2-IM-0825-0001.jpeg,normal:im-0825,NORMAL,-10.088665962219238,4.154607485327243e-05,0.0006340775344172289
d:\Pneum Det\archive\chest_xray\chest_xray\train\NORMAL\NORMAL2-IM-0826-0001.jpeg,normal:im-0826,NORMAL,-8.44786262512207,0.00021431215013530054,0.002096792868718565
d:\Pneum Det\archive\chest_xray\chest_xray\train\NORMAL\NORMAL2-IM-0838-0001.jpeg,normal:im-0838,NORMAL,-10.309721946716309,3.330659095913786e-05,0.0005396599023400172
d:\Pneum Det\archive\chest_xray\chest_xray\train\NORMAL\NORMAL2-IM-0847-0001.jpeg,normal:im-0847,NORMAL,-9.322178840637207,8.941087351394295e-05,0.001108849310687196
d:\Pneum Det\archive\chest_xray\chest_xray\train\NORMAL\NORMAL2-IM-0851-0001-0001.jpeg,normal:im-0851-0001,NORMAL,-7.566439628601074,0.0005172640770640602,0.0039819842099121944
d:\Pneum Det\archive\chest_xray\chest_xray\train\NORMAL\NORMAL2-IM-0851-0001-0002.jpeg,normal:im-0851-0001,NORMAL,-8.83853816986084,0.00014501357576626574,0.0015774575124045049
d:\Pneum Det\archive\chest_xray\chest_xray\train\NORMAL\NORMAL2-IM-0852-0001.jpeg,normal:im-0852,NORMAL,-8.504448890686035,0.00020252414674456145,0.002012136644816739
d:\Pneum Det\archive\chest_xray\chest_xray\train\NORMAL\NORMAL2-IM-0856-0001.jpeg,normal:im-0856,NORMAL,0.8383632302284241,0.6981203814310782,0.6483597792626072
d:\Pneum Det\archive\chest_xray\chest_xray\train\NORMAL\NORMAL2-IM-0858-0001.jpeg,normal:im-0858,NORMAL,-2.7691617012023926,0.05901354778707928,0.11702252205287136
d:\Pneum Det\archive\chest_xray\chest_xray\train\NORMAL\NORMAL2-IM-0869-0001.jpeg,normal:im-0869,NORMAL,-8.35079574584961,0.0002361527004340624,0.002250369526559659
d:\Pneum Det\archive\chest_xray\chest_xray\train\NORMAL\NORMAL2-IM-0874-0001.jpeg,normal:im-0874,NORMAL,-9.046221733093262,0.00011782152699349871,0.001355904643329845
d:\Pneum Det\archive\chest_xray\chest_xray\train\NORMAL\NORMAL2-IM-0882-0001.jpeg,normal:im-0882,NORMAL,-9.758744239807129,5.778380422437368e-05,0.0008065576679548366
d:\Pneum Det\archive\chest_xray\chest_xray\train\NORMAL\NORMAL2-IM-0887-0001.jpeg,normal:im-0887,NORMAL,-10.662428855895996,2.340754237746868e-05,0.00041723776004381943
d:\Pneum Det\archive\chest_xray\chest_xray\train\NORMAL\NORMAL2-IM-0894-0001.jpeg,normal:im-0894,NORMAL,-10.523493766784668,2.689633130213609e-05,0.00046174208834344835
d:\Pneum Det\archive\chest_xray\chest_xray\train\NORMAL\NORMAL2-IM-0895-0001.jpeg,normal:im-0895,NORMAL,-10.530909538269043,2.6697617299941614e-05,0.00045925102203342195
d:\Pneum Det\archive\chest_xray\chest_xray\train\NORMAL\NORMAL2-IM-0896-0001.jpeg,normal:im-0896,NORMAL,-8.09084415435791,0.0003062372472805121,0.002719198110922255
d:\Pneum Det\archive\chest_xray\chest_xray\train\NORMAL\NORMAL2-IM-0907-0001.jpeg,normal:im-0907,NORMAL,-9.298139572143555,9.158608920170281e-05,0.0011284522975753308
d:\Pneum Det\archive\chest_xray\chest_xray\train\NORMAL\NORMAL2-IM-0909-0001.jpeg,normal:im-0909,NORMAL,-9.007621765136719,0.00012245778122833972,0.0013945898674206968
d:\Pneum Det\archive\chest_xray\chest_xray\train\NORMAL\NORMAL2-IM-0918-0001.jpeg,normal:im-0918,NORMAL,-4.633389949798584,0.00962814456011648,0.032880368235850214
d:\Pneum Det\archive\chest_xray\chest_xray\train\NORMAL\NORMAL2-IM-0919-0001.jpeg,normal:im-0919,NORMAL,-8.796422004699707,0.00015125048315845288,0.0016266155521953663
d:\Pneum Det\archive\chest_xray\chest_xray\train\NORMAL\NORMAL2-IM-0931-0001.jpeg,normal:im-0931,NORMAL,-9.616795539855957,6.659625998783477e-05,0.0008945148288337474
d:\Pneum Det\archive\chest_xray\chest_xray\train\NORMAL\NORMAL2-IM-0935-0001.jpeg,normal:im-0935,NORMAL,-8.868279457092285,0.0001407647878529992,0.0015436397020603245
d:\Pneum Det\archive\chest_xray\chest_xray\train\NORMAL\NORMAL2-IM-0944-0001.jpeg,normal:im-0944,NORMAL,-5.286588191986084,0.005033526588795864,0.02067070850442584
d:\Pneum Det\archive\chest_xray\chest_xray\train\NORMAL\NORMAL2-IM-0952-0001.jpeg,normal:im-0952,NORMAL,-10.542180061340332,2.639841836278865e-05,0.000455490785706011
d:\Pneum Det\archive\chest_xray\chest_xray\train\NORMAL\NORMAL2-IM-0957-0001.jpeg,normal:im-0957,NORMAL,-9.343307495117188,8.75417232881748e-05,0.0010919008786420144
d:\Pneum Det\archive\chest_xray\chest_xray\train\NORMAL\NORMAL2-IM-0965-0001.jpeg,normal:im-0965,NORMAL,-9.34880542755127,8.706178724796874e-05,0.0010875332800353234
d:\Pneum Det\archive\chest_xray\chest_xray\train\NORMAL\NORMAL2-IM-0969-0001.jpeg,normal:im-0969,NORMAL,-6.188319206237793,0.0020490676869423176,0.010811941104970031
d:\Pneum Det\archive\chest_xray\chest_xray\train\NORMAL\NORMAL2-IM-0971-0001-0001.jpeg,normal:im-0971-0001,NORMAL,-8.662480354309082,0.00017292487710885267,0.0017933494276028388
d:\Pneum Det\archive\chest_xray\chest_xray\train\NORMAL\NORMAL2-IM-0971-0001-0002.jpeg,normal:im-0971-0001,NORMAL,-5.755416393280029,0.0031555988803355617,0.014769651703297759
d:\Pneum Det\archive\chest_xray\chest_xray\train\NORMAL\NORMAL2-IM-0974-0001.jpeg,normal:im-0974,NORMAL,-8.027544021606445,0.0003262422621693561,0.0028473959779845284
d:\Pneum Det\archive\chest_xray\chest_xray\train\NORMAL\NORMAL2-IM-0976-0001.jpeg,normal:im-0976,NORMAL,-10.24532699584961,3.552185140422606e-05,0.0005656121396346104
d:\Pneum Det\archive\chest_xray\chest_xray\train\NORMAL\NORMAL2-IM-0980-0001.jpeg,normal:im-0980,NORMAL,1.6870683431625366,0.8438382292993627,0.7740323657980779
d:\Pneum Det\archive\chest_xray\chest_xray\train\NORMAL\NORMAL2-IM-0994-0001.jpeg,normal:im-0994,NORMAL,-7.662942886352539,0.00046970172216394393,0.0037121938178111716
d:\Pneum Det\archive\chest_xray\chest_xray\train\NORMAL\NORMAL2-IM-1002-0001.jpeg,normal:im-1002,NORMAL,-9.713178634643555,6.047750296042417e-05,0.0008338069416416149
d:\Pneum Det\archive\chest_xray\chest_xray\train\NORMAL\NORMAL2-IM-1010-0001.jpeg,normal:im-1010,NORMAL,-9.03260612487793,0.00011943651672718667,0.0013694264343084065
d:\Pneum Det\archive\chest_xray\chest_xray\train\NORMAL\NORMAL2-IM-1016-0001.jpeg,normal:im-1016,NORMAL,-8.98351001739502,0.00012544596232193263,0.0014193121580216984
d:\Pneum Det\archive\chest_xray\chest_xray\train\NORMAL\NORMAL2-IM-1022-0001.jpeg,normal:im-1022,NORMAL,-7.384044170379639,0.0006206985245527895,0.004546354021815228
d:\Pneum Det\archive\chest_xray\chest_xray\train\NORMAL\NORMAL2-IM-1027-0001.jpeg,normal:im-1027,NORMAL,-8.86844539642334,0.00014074143466342355,0.0015434530633147581
d:\Pneum Det\archive\chest_xray\chest_xray\train\NORMAL\NORMAL2-IM-1044-0001.jpeg,normal:im-1044,NORMAL,-11.216313362121582,1.3452752648637656e-05,0.0002785423866177112
d:\Pneum Det\archive\chest_xray\chest_xray\train\NORMAL\NORMAL2-IM-1046-0001.jpeg,normal:im-1046,NORMAL,-6.864035129547119,0.0010435997187566006,0.006630842154005814
d:\Pneum Det\archive\chest_xray\chest_xray\train\NORMAL\NORMAL2-IM-1051-0001.jpeg,normal:im-1051,NORMAL,-8.136269569396973,0.0002926414982031881,0.0026307638557222764
d:\Pneum Det\archive\chest_xray\chest_xray\train\NORMAL\NORMAL2-IM-1059-0001.jpeg,normal:im-1059,NORMAL,-9.995692253112793,4.559384411676188e-05,0.0006785640722281008
d:\Pneum Det\archive\chest_xray\chest_xray\train\NORMAL\NORMAL2-IM-1062-0001.jpeg,normal:im-1062,NORMAL,-7.777966499328613,0.0004186876946890292,0.003414318028332302
d:\Pneum Det\archive\chest_xray\chest_xray\train\NORMAL\NORMAL2-IM-1091-0001.jpeg,normal:im-1091,NORMAL,-9.897936820983887,5.027578048910017e-05,0.0007287061841393917
d:\Pneum Det\archive\chest_xray\chest_xray\train\NORMAL\NORMAL2-IM-1094-0001.jpeg,normal:im-1094,NORMAL,-10.047086715698242,4.330986904083001e-05,0.000653600445843917
d:\Pneum Det\archive\chest_xray\chest_xray\train\NORMAL\NORMAL2-IM-1098-0001.jpeg,normal:im-1098,NORMAL,-7.382749080657959,0.0006215024056678273,0.004550633503735793
d:\Pneum Det\archive\chest_xray\chest_xray\train\NORMAL\NORMAL2-IM-1100-0001.jpeg,normal:im-1100,NORMAL,-10.524983406066895,2.6856296372705476e-05,0.00046124061502526056
d:\Pneum Det\archive\chest_xray\chest_xray\train\NORMAL\NORMAL2-IM-1102-0001-0001.jpeg,normal:im-1102-0001,NORMAL,-6.871068477630615,0.0010362930503574012,0.0065971176360664265
d:\Pneum Det\archive\chest_xray\chest_xray\train\NORMAL\NORMAL2-IM-1102-0001-0002.jpeg,normal:im-1102-0001,NORMAL,-6.841550350189209,0.001067305292312967,0.006739808436468559
d:\Pneum Det\archive\chest_xray\chest_xray\train\NORMAL\NORMAL2-IM-1112-0001.jpeg,normal:im-1112,NORMAL,-9.70254135131836,6.112421349557878e-05,0.0008402995861589455
d:\Pneum Det\archive\chest_xray\chest_xray\train\NORMAL\NORMAL2-IM-1118-0001.jpeg,normal:im-1118,NORMAL,-8.504110336303711,0.00020259270989663345,0.0020126328579640872
d:\Pneum Det\archive\chest_xray\chest_xray\train\NORMAL\NORMAL2-IM-1126-0001.jpeg,normal:im-1126,NORMAL,-9.26677417755127,9.450397262487711e-05,0.0011545508245555628
d:\Pneum Det\archive\chest_xray\chest_xray\train\NORMAL\NORMAL2-IM-1132-0001.jpeg,normal:im-1132,NORMAL,-6.666402339935303,0.0012713518438773129,0.0076517616225557075
d:\Pneum Det\archive\chest_xray\chest_xray\train\NORMAL\NORMAL2-IM-1141-0001.jpeg,normal:im-1141,NORMAL,-7.60464334487915,0.0004978850385351977,0.0038729197325596686
d:\Pneum Det\archive\chest_xray\chest_xray\train\NORMAL\NORMAL2-IM-1149-0001.jpeg,normal:im-1149,NORMAL,-4.81330680847168,0.008055542044443765,0.028951632234347054
d:\Pneum Det\archive\chest_xray\chest_xray\train\NORMAL\NORMAL2-IM-1152-0001-0001.jpeg,normal:im-1152-0001,NORMAL,-8.607478141784668,0.000182700773796435,0.0018666627456109764
d:\Pneum Det\archive\chest_xray\chest_xray\train\NORMAL\NORMAL2-IM-1152-0001-0002.jpeg,normal:im-1152-0001,NORMAL,-6.729345798492432,0.0011938876076942142,0.007310731843692071
d:\Pneum Det\archive\chest_xray\chest_xray\train\NORMAL\NORMAL2-IM-1154-0001.jpeg,normal:im-1154,NORMAL,-10.11369800567627,4.051904183670281e-05,0.0006226062786586849
d:\Pneum Det\archive\chest_xray\chest_xray\train\NORMAL\NORMAL2-IM-1167-0001.jpeg,normal:im-1167,NORMAL,-10.048279762268066,4.325823139449734e-05,0.0006530319848869525
d:\Pneum Det\archive\chest_xray\chest_xray\train\NORMAL\NORMAL2-IM-1168-0001.jpeg,normal:im-1168,NORMAL,-9.251147270202637,9.599223386157613e-05,0.0011677778170964203
d:\Pneum Det\archive\chest_xray\chest_xray\train\NORMAL\NORMAL2-IM-1176-0001.jpeg,normal:im-1176,NORMAL,-8.595588684082031,0.00018488554745850865,0.0018828994765605622
d:\Pneum Det\archive\chest_xray\chest_xray\train\NORMAL\NORMAL2-IM-1179-0001.jpeg,normal:im-1179,NORMAL,-8.37572193145752,0.0002303404103103643,0.0022098925232391584
d:\Pneum Det\archive\chest_xray\chest_xray\train\NORMAL\NORMAL2-IM-1189-0001.jpeg,normal:im-1189,NORMAL,-7.183940410614014,0.0007580973159297095,0.00525745281072329
d:\Pneum Det\archive\chest_xray\chest_xray\train\NORMAL\NORMAL2-IM-1190-0001.jpeg,normal:im-1190,NORMAL,-10.302998542785645,3.3531271577832205e-05,0.0005423129395831853
d:\Pneum Det\archive\chest_xray\chest_xray\train\NORMAL\NORMAL2-IM-1206-0001.jpeg,normal:im-1206,NORMAL,-7.973421573638916,0.00034437960277589963,0.002961774899826597
d:\Pneum Det\archive\chest_xray\chest_xray\train\NORMAL\NORMAL2-IM-1209-0001.jpeg,normal:im-1209,NORMAL,-9.091795921325684,0.00011257301769513515,0.0013116071199273265
d:\Pneum Det\archive\chest_xray\chest_xray\train\NORMAL\NORMAL2-IM-1222-0001.jpeg,normal:im-1222,NORMAL,-7.6973676681518555,0.00045381470324853864,0.0036204268665621132
d:\Pneum Det\archive\chest_xray\chest_xray\train\NORMAL\NORMAL2-IM-1232-0001.jpeg,normal:im-1232,NORMAL,-6.433640480041504,0.0016040144156494597,0.009055657526659065
d:\Pneum Det\archive\chest_xray\chest_xray\train\NORMAL\NORMAL2-IM-1234-0001.jpeg,normal:im-1234,NORMAL,-9.309511184692383,9.055060073258616e-05,0.0011191364633132603
d:\Pneum Det\archive\chest_xray\chest_xray\train\NORMAL\NORMAL2-IM-1245-0001.jpeg,normal:im-1245,NORMAL,-8.863541603088379,0.0001414331987078727,0.0015489780771124236
d:\Pneum Det\archive\chest_xray\chest_xray\train\NORMAL\NORMAL2-IM-1256-0001.jpeg,normal:im-1256,NORMAL,-9.568406105041504,6.98978263824108e-05,0.0009266388694726431
d:\Pneum Det\archive\chest_xray\chest_xray\train\NORMAL\NORMAL2-IM-1258-0001-0001.jpeg,normal:im-1258-0001,NORMAL,-7.858733654022217,0.00038621361214305526,0.0032195106869202916
d:\Pneum Det\archive\chest_xray\chest_xray\train\NORMAL\NORMAL2-IM-1258-0001-0002.jpeg,normal:im-1258-0001,NORMAL,-9.74386978149414,5.8649680356631046e-05,0.0008153536704091373
d:\Pneum Det\archive\chest_xray\chest_xray\train\NORMAL\NORMAL2-IM-1260-0001.jpeg,normal:im-1260,NORMAL,-8.169132232666016,0.00028318350121277983,0.002568580542444889
d:\Pneum Det\archive\chest_xray\chest_xray\train\NORMAL\NORMAL2-IM-1261-0001.jpeg,normal:im-1261,NORMAL,-9.662787437438965,6.3602928543919e-05,0.0008650143839001646
d:\Pneum Det\archive\chest_xray\chest_xray\train\NORMAL\NORMAL2-IM-1272-0001.jpeg,normal:im-1272,NORMAL,-10.206027030944824,3.6945600748893597e-05,0.0005820598175432051
d:\Pneum Det\archive\chest_xray\chest_xray\train\NORMAL\NORMAL2-IM-1273-0001.jpeg,normal:im-1273,NORMAL,-9.578154563903809,6.921978774894332e-05,0.0009200758089767757
d:\Pneum Det\archive\chest_xray\chest_xray\train\NORMAL\NORMAL2-IM-1277-0001.jpeg,normal:im-1277,NORMAL,-8.948258399963379,0.00012994641889383718,0.0014562461432550103
d:\Pneum Det\archive\chest_xray\chest_xray\train\NORMAL\NORMAL2-IM-1279-0001.jpeg,normal:im-1279,NORMAL,-9.722439765930176,5.9920031817411006e-05,0.000828195085163353
d:\Pneum Det\archive\chest_xray\chest_xray\train\NORMAL\NORMAL2-IM-1293-0001.jpeg,normal:im-1293,NORMAL,-8.226243019104004,0.0002674680272937649,0.0024639822884628647
d:\Pneum Det\archive\chest_xray\chest_xray\train\NORMAL\NORMAL2-IM-1294-0001-0001.jpeg,normal:im-1294-0001,NORMAL,-8.97038459777832,0.000127103135694381,0.001432953393536935
d:\Pneum Det\archive\chest_xray\chest_xray\train\NORMAL\NORMAL2-IM-1294-0001-0002.jpeg,normal:im-1294-0001,NORMAL,-9.733053207397461,5.928747451414875e-05,0.0008218101775944514
d:\Pneum Det\archive\chest_xray\chest_xray\train\NORMAL\NORMAL2-IM-1306-0001.jpeg,normal:im-1306,NORMAL,-9.653120040893555,6.42207453160722e-05,0.000871133531940943
d:\Pneum Det\archive\chest_xray\chest_xray\train\NORMAL\NORMAL2-IM-1316-0001.jpeg,normal:im-1316,NORMAL,-7.287918567657471,0.00068328255722649,0.004875134500389808
d:\Pneum Det\archive\chest_xray\chest_xray\train\NORMAL\NORMAL2-IM-1321-0001.jpeg,normal:im-1321,NORMAL,-9.661124229431152,6.370879471889563e-05,0.0008660640734368135
d:\Pneum Det\archive\chest_xray\chest_xray\train\NORMAL\NORMAL2-IM-1326-0001.jpeg,normal:im-1326,NORMAL,-5.5192975997924805,0.003992657422283607,0.017498588863493852
d:\Pneum Det\archive\chest_xray\chest_xray\train\NORMAL\NORMAL2-IM-1335-0001.jpeg,normal:im-1335,NORMAL,-8.810320854187012,0.0001491631285462966,0.001610226010415828
d:\Pneum Det\archive\chest_xray\chest_xray\train\NORMAL\NORMAL2-IM-1336-0001.jpeg,normal:im-1336,NORMAL,-3.556785821914673,0.02773897572227716,0.06941301931958649
d:\Pneum Det\archive\chest_xray\chest_xray\train\NORMAL\NORMAL2-IM-1344-0001.jpeg,normal:im-1344,NORMAL,-10.076676368713379,4.204717243338092e-05,0.0006396464934771071
d:\Pneum Det\archive\chest_xray\chest_xray\train\NORMAL\NORMAL2-IM-1348-0001.jpeg,normal:im-1348,NORMAL,-10.13737964630127,3.957079475908411e-05,0.0006119448457706518
d:\Pneum Det\archive\chest_xray\chest_xray\train\NORMAL\NORMAL2-IM-1357-0001.jpeg,normal:im-1357,NORMAL,-1.4377470016479492,0.1918944807424361,0.25936582799297864
d:\Pneum Det\archive\chest_xray\chest_xray\train\NORMAL\NORMAL2-IM-1360-0001.jpeg,normal:im-1360,NORMAL,-4.612183094024658,0.009832478594728146,0.03337609140473982
d:\Pneum Det\archive\chest_xray\chest_xray\train\NORMAL\NORMAL2-IM-1376-0001.jpeg,normal:im-1376,NORMAL,-4.127756595611572,0.01586329920966175,0.046867235412079544
d:\Pneum Det\archive\chest_xray\chest_xray\train\NORMAL\NORMAL2-IM-1401-0001.jpeg,normal:im-1401,NORMAL,-0.8493042588233948,0.29957882547847137,0.3498219441378949
d:\Pneum Det\archive\chest_xray\chest_xray\train\PNEUMONIA\person1003_bacteria_2934.jpeg,person1003,PNEUMONIA,10.603727340698242,0.9999751773040422,0.9995645071794782
d:\Pneum Det\archive\chest_xray\chest_xray\train\PNEUMONIA\person1003_virus_1685.jpeg,person1003,PNEUMONIA,9.008096694946289,0.9998776003566969,0.9986058927449583
d:\Pneum Det\archive\chest_xray\chest_xray\train\PNEUMONIA\person1007_bacteria_2938.jpeg,person1007,PNEUMONIA,7.9370646476745605,0.9996428739786452,0.9969588298622925
d:\Pneum Det\archive\chest_xray\chest_xray\train\PNEUMONIA\person1007_virus_1690.jpeg,person1007,PNEUMONIA,5.7428669929504395,0.9968046780545754,0.9850964836403877
d:\Pneum Det\archive\chest_xray\chest_xray\train\PNEUMONIA\person1008_bacteria_2939.jpeg,person1008,PNEUMONIA,11.550480842590332,0.9999903686819653,0.9997817251145029
d:\Pneum Det\archive\chest_xray\chest_xray\train\PNEUMONIA\person1008_virus_1691.jpeg,person1008,PNEUMONIA,10.002449989318848,0.9999547132144222,0.9993247719729519
d:\Pneum Det\archive\chest_xray\chest_xray\train\PNEUMONIA\person1011_bacteria_2942.jpeg,person1011,PNEUMONIA,13.434828758239746,0.9999985367202266,0.9999448133076142
d:\Pneum Det\archive\chest_xray\chest_xray\train\PNEUMONIA\person1021_virus_1711.jpeg,person1021,PNEUMONIA,9.733504295349121,0.9999407392617358,0.999178460098716
d:\Pneum Det\archive\chest_xray\chest_xray\train\PNEUMONIA\person1029_bacteria_2961.jpeg,person1029,PNEUMONIA,8.777870178222656,0.9998459177908451,0.9983512483065411
d:\Pneum Det\archive\chest_xray\chest_xray\train\PNEUMONIA\person1029_virus_1721.jpeg,person1029,PNEUMONIA,10.508196830749512,0.999972689085634,0.9995330767020136
d:\Pneum Det\archive\chest_xray\chest_xray\train\PNEUMONIA\person1030_virus_1722.jpeg,person1030,PNEUMONIA,2.361198663711548,0.9138202504643423,0.8485408137347896
d:\Pneum Det\archive\chest_xray\chest_xray\train\PNEUMONIA\person1036_bacteria_2970.jpeg,person1036,PNEUMONIA,9.203963279724121,0.9998993703804198,0.9987913589976475
d:\Pneum Det\archive\chest_xray\chest_xray\train\PNEUMONIA\person1036_virus_1730.jpeg,person1036,PNEUMONIA,3.918628692626953,0.9805187383252177,0.9458237646698512
d:\Pneum Det\archive\chest_xray\chest_xray\train\PNEUMONIA\person1056_bacteria_2990.jpeg,person1056,PNEUMONIA,11.121992111206055,0.9999852166187215,0.9997016145782386
d:\Pneum Det\archive\chest_xray\chest_xray\train\PNEUMONIA\person1056_virus_1755.jpeg,person1056,PNEUMONIA,4.227595806121826,0.9856223139289363,0.9562822119820239
d:\Pneum Det\archive\chest_xray\chest_xray\train\PNEUMONIA\person1057_bacteria_2991.jpeg,person1057,PNEUMONIA,8.217060089111328,0.999730065186707,0.9975194904852623
d:\Pneum Det\archive\chest_xray\chest_xray\train\PNEUMONIA\person1057_virus_1756.jpeg,person1057,PNEUMONIA,9.121026992797852,0.9998906696285647,0.9987160412834007
d:\Pneum Det\archive\chest_xray\chest_xray\train\PNEUMONIA\person1059_bacteria_2993.jpeg,person1059,PNEUMONIA,7.862691879272461,0.9996153114998876,0.9967897463175341
d:\Pneum Det\archive\chest_xray\chest_xray\train\PNEUMONIA\person1059_virus_1758.jpeg,person1059,PNEUMONIA,8.112449645996094,0.9997003062340062,0.9973232272149616
d:\Pneum Det\archive\chest_xray\chest_xray\train\PNEUMONIA\person105_virus_192.jpeg,person105,PNEUMONIA,7.569850921630859,0.9994844965479392,0.9960278775227426
d:\Pneum Det\archive\chest_xray\chest_xray\train\PNEUMONIA\person105_virus_193.jpeg,person105,PNEUMONIA,7.091163635253906,0.9991682642012374,0.9943763164879202
d:\Pneum Det\archive\chest_xray\chest_xray\train\PNEUMONIA\person1062_bacteria_2996.jpeg,person1062,PNEUMONIA,6.958317756652832,0.9990502084320109,0.9938073358259147
d:\Pneum Det\archive\chest_xray\chest_xray\train\PNEUMONIA\person1062_virus_1762.jpeg,person1062,PNEUMONIA,10.171372413635254,0.9999617516701501,0.9994030405182165
d:\Pneum Det\archive\chest_xray\chest_xray\train\PNEUMONIA\person1072_bacteria_3006.jpeg,person1072,PNEUMONIA,9.617774963378906,0.9999334689296867,0.9991061237553405
d:\Pneum Det\archive\chest_xray\chest_xray\train\PNEUMONIA\person1072_bacteria_3007.jpeg,person1072,PNEUMONIA,13.339303016662598,0.9999983900454781,0.9999408289433824
d:\Pneum Det\archive\chest_xray\chest_xray\train\PNEUMONIA\person1072_virus_1775.jpeg,person1072,PNEUMONIA,9.447365760803223,0.9999211090985944,0.9989878687370507
d:\Pneum Det\archive\chest_xray\chest_xray\train\PNEUMONIA\person1077_bacteria_3017.jpeg,person1077,PNEUMONIA,10.354619979858398,0.9999681556894537,0.9994777272518215
d:\Pneum Det\archive\chest_xray\chest_xray\train\PNEUMONIA\person1077_virus_1787.jpeg,person1077,PNEUMONIA,7.294033527374268,0.9993208801103134,0.9951464679077093
d:\Pneum Det\archive\chest_xray\chest_xray\train\PNEUMONIA\person1079_bacteria_3019.jpeg,person1079,PNEUMONIA,10.60966968536377,0.999975324368032,0.9995663908839801
d:\Pneum Det\archive\chest_xray\chest_xray\train\PNEUMONIA\person1079_virus_1789.jpeg,person1079,PNEUMONIA,9.106834411621094,0.9998891070582392,0.9987026906022897
d:\Pneum Det\archive\chest_xray\chest_xray\train\PNEUMONIA\person1092_bacteria_3032.jpeg,person1092,PNEUMONIA,9.733941078186035,0.9999407651386243,0.9991787217192608
d:\Pneum Det\archive\chest_xray\chest_xray\train\PNEUMONIA\person1092_virus_1811.jpeg,person1092,PNEUMONIA,9.419706344604492,0.9999188967441189,0.9989672517389385
d:\Pneum Det\archive\chest_xray\chest_xray\train\PNEUMONIA\person1097_bacteria_3038.jpeg,person1097,PNEUMONIA,9.327033042907715,0.9999110220547224,0.998895067611017
d:\Pneum Det\archive\chest_xray\chest_xray\train\PNEUMONIA\person1097_virus_1817.jpeg,person1097,PNEUMONIA,10.563376426696777,0.9999741552293084,0.9995514978931502
d:\Pneum Det\archive\chest_xray\chest_xray\train\PNEUMONIA\person109_virus_203.jpeg,person109,PNEUMONIA,-6.3359222412109375,0.0017683786215039212,0.009718538806376697
d:\Pneum Det\archive\chest_xray\chest_xray\train\PNEUMONIA\person10_bacteria_43.jpeg,person10,PNEUMONIA,8.246935844421387,0.999738008335714,0.9975728586351799
d:\Pneum Det\archive\chest_xray\chest_xray\train\PNEUMONIA\person1102_bacteria_3043.jpeg,person1102,PNEUMONIA,7.254211902618408,0.999293310269622,0.9950040608974516
d:\Pneum Det\archive\chest_xray\chest_xray\train\PNEUMONIA\person1102_virus_1822.jpeg,person1102,PNEUMONIA,8.773971557617188,0.9998453160033812,0.9983465583459913
d:\Pneum Det\archive\chest_xray\chest_xray\train\PNEUMONIA\person1103_bacteria_3044.jpeg,person1103,PNEUMONIA,8.305992126464844,0.9997530288742812,0.9976750063497994
d:\Pneum Det\archive\chest_xray\chest_xray\train\PNEUMONIA\person1103_virus_1825.jpeg,person1103,PNEUMONIA,10.716336250305176,0.9999778208617572,0.9995988518842203
d:\Pneum Det\archive\chest_xray\chest_xray\train\PNEUMONIA\person1109_bacteria_3050.jpeg,person1109,PNEUMONIA,7.88449239730835,0.9996236040326819,0.996840257223748
d:\Pneum Det\archive\chest_xray\chest_xray\train\PNEUMONIA\person1120_virus_1845.jpeg,person1120,PNEUMONIA,10.160475730895996,0.9999613326274084,0.9993982772021224
d:\Pneum Det\archive\chest_xray\chest_xray\train\PNEUMONIA\person1122_bacteria_3063.jpeg,person1122,PNEUMONIA,6.908756732940674,0.9990019979557623,0.9935807136443776
d:\Pneum Det\archive\chest_xray\chest_xray\train\PNEUMONIA\person1122_virus_1847.jpeg,person1122,PNEUMONIA,10.606278419494629,0.9999752405464252,0.99956531686336
d:\Pneum Det\archive\chest_xray\chest_xray\train\PNEUMONIA\person1129_bacteria_3070.jpeg,person1129,PNEUMONIA,9.584135055541992,0.9999311929168108,0.9990839274964392
d:\Pneum Det\archive\chest_xray\chest_xray\train\PNEUMONIA\person1129_virus_1857.jpeg,person1129,PNEUMONIA,1.9910932779312134,0.8798587530234268,0.8104749467574484
d:\Pneum Det\archive\chest_xray\chest_xray\train\PNEUMONIA\person112_virus_213.jpeg,person112,PNEUMONIA,1.8752824068069458,0.8670683136260667,0.7971507106536119
d:\Pneum Det\archive\chest_xray\chest_xray\train\PNEUMONIA\person1133_bacteria_3075.jpeg,person1133,PNEUMONIA,10.01121711730957,0.9999551084963686,0.999329075567706
d:\Pneum Det\archive\chest_xray\chest_xray\train\PNEUMONIA\person1133_virus_1865.jpeg,person1133,PNEUMONIA,7.948649883270264,0.9996469860415823,0.9969843570473172
d:\Pneum Det\archive\chest_xray\chest_xray\train\PNEUMONIA\person1143_virus_1896.jpeg,person1143,PNEUMONIA,9.333003044128418,0.9999115516238438,0.9988998659396855
d:\Pneum Det\archive\chest_xray\chest_xray\train\PNEUMONIA\person1143_virus_1897.jpeg,person1143,PNEUMONIA,9.533869743347168,0.9999276461649804,0.9990497311983694
d:\Pneum Det\archive\chest_xray\chest_xray\train\PNEUMONIA\person1145_bacteria_3090.jpeg,person1145,PNEUMONIA,10.393126487731934,0.9999693585573292,0.9994921925228816
d:\Pneum Det\archive\chest_xray\chest_xray\train\PNEUMONIA\person1145_virus_1902.jpeg,person1145,PNEUMONIA,7.816821575164795,0.9995972620252721,0.99668082314995
d:\Pneum Det\archive\chest_xray\chest_xray\train\PNEUMONIA\person1145_virus_1905.jpeg,person1145,PNEUMONIA,8.966676712036133,0.9998724247658225,0.9985631693426893
d:\Pneum Det\archive\chest_xray\chest_xray\train\PNEUMONIA\person1145_virus_1906.jpeg,person1145,PNEUMONIA,8.22061538696289,0.999731022923703,0.9975259023068371
d:\Pneum Det\archive\chest_xray\chest_xray\train\PNEUMONIA\person1150_bacteria_3095.jpeg,person1150,PNEUMONIA,12.15524959564209,0.9999947393441692,0.9998596031479828
d:\Pneum Det\archive\chest_xray\chest_xray\train\PNEUMONIA\person1151_virus_1928.jpeg,person1151,PNEUMONIA,5.133115291595459,0.9941364269335312,0.9769359467498079
d:\Pneum Det\archive\chest_xray\chest_xray\train\PNEUMONIA\person1164_bacteria_3110.jpeg,person1164,PNEUMONIA,9.496939659118652,0.9999249243838912,0.9990237970575802
d:\Pneum Det\archive\chest_xray\chest_xray\train\PNEUMONIA\person1164_virus_1952.jpeg,person1164,PNEUMONIA,10.044864654541016,0.9999565937909618,0.9993453394713635
d:\Pneum Det\archive\chest_xray\chest_xray\train\PNEUMONIA\person1164_virus_1955.jpeg,person1164,PNEUMONIA,6.873396396636963,0.9989661140589129,0.9934140070347995
d:\Pneum Det\archive\chest_xray\chest_xray\train\PNEUMONIA\person1164_virus_1956.jpeg,person1164,PNEUMONIA,7.155735492706299,0.999220233127025,0.9946337933728608
d:\Pneum Det\archive\chest_xray\chest_xray\train\PNEUMONIA\person1164_virus_1957.jpeg,person1164,PNEUMONIA,8.13273811340332,0.999706323528318,0.9973624651552694
d:\Pneum Det\archive\chest_xray\chest_xray\train\PNEUMONIA\person1164_virus_1958.jpeg,person1164,PNEUMONIA,0.10333053022623062,0.5258096720595423,0.5188437174595881
d:\Pneum Det\archive\chest_xray\chest_xray\train\PNEUMONIA\person1167_bacteria_3113.jpeg,person1167,PNEUMONIA,10.75107479095459,0.9999785780875402,0.9996088901010357
d:\Pneum Det\archive\chest_xray\chest_xray\train\PNEUMONIA\person1168_bacteria_3114.jpeg,person1168,PNEUMONIA,8.320886611938477,0.9997566792344654,0.9977000843380481
d:\Pneum Det\archive\chest_xray\chest_xray\train\PNEUMONIA\person1168_bacteria_3115.jpeg,person1168,PNEUMONIA,10.863423347473145,0.9999808544930362,0.9996396674186707
d:\Pneum Det\archive\chest_xray\chest_xray\train\PNEUMONIA\person1168_virus_1965.jpeg,person1168,PNEUMONIA,11.513895988464355,0.999990009800332,0.9997758200855317
d:\Pneum Det\archive\chest_xray\chest_xray\train\PNEUMONIA\person1168_virus_1966.jpeg,person1168,PNEUMONIA,7.8570332527160645,0.9996131293653486,0.9967765044605825
d:\Pneum Det\archive\chest_xray\chest_xray\train\PNEUMONIA\person1174_virus_1980.jpeg,person1174,PNEUMONIA,6.5143723487854,0.9985202072540108,0.9914580452454509
d:\Pneum Det\archive\chest_xray\chest_xray\train\PNEUMONIA\person1177_bacteria_3125.jpeg,person1177,PNEUMONIA,13.591965675354004,0.999998749499799,0.9999507923374555
d:\Pneum Det\archive\chest_xray\chest_xray\train\PNEUMONIA\person1177_virus_1999.jpeg,person1177,PNEUMONIA,7.2907395362854,0.9993186409337697,0.9951348430396009
d:\Pneum Det\archive\chest_xray\chest_xray\train\PNEUMONIA\person1177_virus_2000.jpeg,person1177,PNEUMONIA,8.928311347961426,0.9998674358555857,0.9985224312686831
d:\Pneum Det\archive\chest_xray\chest_xray\train\PNEUMONIA\person1177_virus_2001.jpeg,person1177,PNEUMONIA,6.991889476776123,0.99908153647203,0.9939563105864625
d:\Pneum Det\archive\chest_xray\chest_xray\train\PNEUMONIA\person1177_virus_2002.jpeg,person1177,PNEUMONIA,8.013407707214355,0.9996691146599589,0.9971231612503849
d:\Pneum Det\archive\chest_xray\chest_xray\train\PNEUMONIA\person1179_bacteria_3127.jpeg,person1179,PNEUMONIA,3.3338816165924072,0.9655730348815531,0.9193142243816989
d:\Pneum Det\archive\chest_xray\chest_xray\train\PNEUMONIA\person1179_virus_2006.jpeg,person1179,PNEUMONIA,10.588627815246582,0.9999747996585996,0.9995596837962594
d:\Pneum Det\archive\chest_xray\chest_xray\train\PNEUMONIA\person1183_bacteria_3131.jpeg,person1183,PNEUMONIA,2.3230693340301514,0.9107696947870867,0.8449297465559182
d:\Pneum Det\archive\chest_xray\chest_xray\train\PNEUMONIA\person1183_virus_2018.jpeg,person1183,PNEUMONIA,5.011989593505859,0.9933863869669546,0.9748579083538405
d:\Pneum Det\archive\chest_xray\chest_xray\train\PNEUMONIA\person1186_bacteria_3134.jpeg,person1186,PNEUMONIA,5.85237455368042,0.9971351620807468,0.9862254322729159
d:\Pneum Det\archive\chest_xray\chest_xray\train\PNEUMONIA\person1186_bacteria_3135.jpeg,person1186,PNEUMONIA,11.27238941192627,0.9999872808538789,0.9997326236729474
d:\Pneum Det\archive\chest_xray\chest_xray\train\PNEUMONIA\person1186_virus_2021.jpeg,person1186,PNEUMONIA,5.777804374694824,0.9969140480577935,0.9854662263387498
d:\Pneum Det\archive\chest_xray\chest_xray\train\PNEUMONIA\person1186_virus_2022.jpeg,person1186,PNEUMONIA,4.043100357055664,0.9827594524433101,0.9502943554643676
d:\Pneum Det\archive\chest_xray\chest_xray\train\PNEUMONIA\person1193_virus_2034.jpeg,person1193,PNEUMONIA,6.3772807121276855,0.9983031454525174,0.9905676914301675
d:\Pneum Det\archive\chest_xray\chest_xray\train\PNEUMONIA\person1196_bacteria_3146.jpeg,person1196,PNEUMONIA,7.936502933502197,0.999642673391247,0.9969575867067767
d:\Pneum Det\archive\chest_xray\chest_xray\train\PNEUMONIA\person119_virus_225.jpeg,person119,PNEUMONIA,10.816344261169434,0.9999799316042236,0.9996270765584913
d:\Pneum Det\archive\chest_xray\chest_xray\train\PNEUMONIA\person1203_bacteria_3154.jpeg,person1203,PNEUMONIA,8.591044425964355,0.9998142725294246,0.9981108575295244
d:\Pneum Det\archive\chest_xray\chest_xray\train\PNEUMONIA\person1203_bacteria_3155.jpeg,person1203,PNEUMONIA,8.34433364868164,0.9997623166804054,0.9977390166364284
d:\Pneum Det\archive\chest_xray\chest_xray\train\PNEUMONIA\person1206_bacteria_3158.jpeg,person1206,PNEUMONIA,10.184218406677246,0.999962239847104,0.9994086075681541
d:\Pneum Det\archive\chest_xray\chest_xray\train\PNEUMONIA\person1206_virus_2051.jpeg,person1206,PNEUMONIA,7.937076091766357,0.9996428780641451,0.9969588551844748
d:\Pneum Det\archive\chest_xray\chest_xray\train\PNEUMONIA\person1214_bacteria_3166.jpeg,person1214,PNEUMONIA,2.933380603790283,0.9494721056047309,0.8948040713977187
d:\Pneum Det\archive\chest_xray\chest_xray\train\PNEUMONIA\person1214_virus_2059.jpeg,person1214,PNEUMONIA,7.446033477783203,0.9994165880748487,0.995653865039352
d:\Pneum Det\archive\chest_xray\chest_xray\train\PNEUMONIA\person1219_bacteria_3172.jpeg,person1219,PNEUMONIA,5.379397869110107,0.9954105627694108,0.9806568217651177
d:\Pneum Det\archive\chest_xray\chest_xray\train\PNEUMONIA\person1219_virus_2067.jpeg,person1219,PNEUMONIA,7.413849830627441,0.9993975178347955,0.995551035969284
d:\Pneum Det\archive\chest_xray\chest_xray\train\PNEUMONIA\person1224_virus_2074.jpeg,person1224,PNEUMONIA,8.86634635925293,0.9998589628752755,0.9984541844028199
d:\Pneum Det\archive\chest_xray\chest_xray\train\PNEUMONIA\person1226_virus_2077.jpeg,person1226,PNEUMONIA,9.206927299499512,0.9998996681771207,0.998793967482716
d:\Pneum Det\archive\chest_xray\chest_xray\train\PNEUMONIA\person122_virus_229.jpeg,person122,PNEUMONIA,8.182348251342773,0.9997205333959169,0.9974560117226733
d:\Pneum Det\archive\chest_xray\chest_xray\train\PNEUMONIA\person1234_bacteria_3189.jpeg,person1234,PNEUMONIA,8.537641525268555,0.999804086526499,0.9980359250939604
d:\Pneum Det\archive\chest_xray\chest_xray\train\PNEUMONIA\person1234_bacteria_3190.jpeg,person1234,PNEUMONIA,7.022655010223389,0.9991093384605851,0.9940897024709054
d:\Pneum Det\archive\chest_xray\chest_xray\train\PNEUMONIA\person1234_virus_2093.jpeg,person1234,PNEUMONIA,5.836957931518555,0.9970907832388642,0.9860717496345077
d:\Pneum Det\archive\chest_xray\chest_xray\train\PNEUMONIA\person1235_bacteria_3191.jpeg,person1235,PNEUMONIA,9.939846992492676,0.9999517876432673,0.9992932291247385
d:\Pneum Det\archive\chest_xray\chest_xray\train\PNEUMONIA\person1235_virus_2095.jpeg,person1235,PNEUMONIA,11.187731742858887,0.9999861572037329,0.9997155881883232
d:\Pneum Det\archive\chest_xray\chest_xray\train\PNEUMONIA\person1246_bacteria_3202.jpeg,person1246,PNEUMONIA,8.833383560180664,0.9998542371152699,0.9984166065949357
d:\Pneum Det\archive\chest_xray\chest_xray\train\PNEUMONIA\person1251_bacteria_3208.jpeg,person1251,PNEUMONIA,8.91667366027832,0.9998658843117002,0.9985098473478401
d:\Pneum Det\archive\chest_xray\chest_xray\train\PNEUMONIA\person1254_virus_2130.jpeg,person1254,PNEUMONIA,8.769501686096191,0.999844623145882,0.9983411647910889
d:\Pneum Det\archive\chest_xray\chest_xray\train\PNEUMONIA\person1256_bacteria_3214.jpeg,person1256,PNEUMONIA,9.07331371307373,0.9998853272791303,0.9986706053440308
d:\Pneum Det\archive\chest_xray\chest_xray\train\PNEUMONIA\person1259_bacteria_3217.jpeg,person1259,PNEUMONIA,10.690972328186035,0.999977251129845,0.9995913603107491
d:\Pneum Det\archive\chest_xray\chest_xray\train\PNEUMONIA\person1259_virus_2139.jpeg,person1259,PNEUMONIA,7.030375003814697,0.9991161818355219,0.9941227125903669
d:\Pneum Det\archive\chest_xray\chest_xray\train\PNEUMONIA\person1261_bacteria_3219.jpeg,person1261,PNEUMONIA,8.88188648223877,0.9998611373655059,0.9984715900882625
d:\Pneum Det\archive\chest_xray\chest_xray\train\PNEUMONIA\person1261_virus_2145.jpeg,person1261,PNEUMONIA,6.19610071182251,0.9979667829744168,0.9892486269793777
d:\Pneum Det\archive\chest_xray\chest_xray\train\PNEUMONIA\person1261_virus_2147.jpeg,person1261,PNEUMONIA,9.84214973449707,0.9999468399240804,0.9992410364683654
d:\Pneum Det\archive\chest_xray\chest_xray\train\PNEUMONIA\person1261_virus_2148.jpeg,person1261,PNEUMONIA,9.84214973449707,0.9999468399240804,0.9992410364683654
d:\Pneum Det\archive\chest_xray\chest_xray\train\PNEUMONIA\person1270_bacteria_3230.jpeg,person1270,PNEUMONIA,8.402654647827148,0.9997757791140187,0.9978330266848515
d:\Pneum Det\archive\chest_xray\chest_xray\train\PNEUMONIA\person1270_virus_2163.jpeg,person1270,PNEUMONIA,9.719706535339355,0.9999399159787505,0.9991701526287285
d:\Pneum Det\archive\chest_xray\chest_xray\train\PNEUMONIA\person1273_bacteria_3233.jpeg,person1273,PNEUMONIA,8.694535255432129,0.9998325293992572,0.9982480440126651
d:\Pneum Det\archive\chest_xray\chest_xray\train\PNEUMONIA\person1273_bacteria_3234.jpeg,person1273,PNEUMONIA,10.313834190368652,0.9999668300880936,0.9994619563806263
d:\Pneum Det\archive\chest_xray\chest_xray\train\PNEUMONIA\person1273_virus_2191.jpeg,person1273,PNEUMONIA,9.334495544433594,0.9999116835229594,0.9989010622660476
d:\Pneum Det\archive\chest_xray\chest_xray\train\PNEUMONIA\person1278_virus_2201.jpeg,person1278,PNEUMONIA,3.9770302772521973,0.9816035586414045,0.9479666944134869
d:\Pneum Det\archive\chest_xray\chest_xray\train\PNEUMONIA\person1280_bacteria_3243.jpeg,person1280,PNEUMONIA,9.814180374145508,0.9999453321648025,0.9992253974128289
d:\Pneum Det\archive\chest_xray\chest_xray\train\PNEUMONIA\person1286_bacteria_3249.jpeg,person1286,PNEUMONIA,8.564866065979004,0.9998093472289328,0.9980744887308669
d:\Pneum Det\archive\chest_xray\chest_xray\train\PNEUMONIA\person1286_virus_2209.jpeg,person1286,PNEUMONIA,8.352261543273926,0.9997641931164504,0.9977520310844996
d:\Pneum Det\archive\chest_xray\chest_xray\train\PNEUMONIA\person1297_bacteria_3260.jpeg,person1297,PNEUMONIA,8.905831336975098,0.9998644224726492,0.9984980271881693
d:\Pneum Det\archive\chest_xray\chest_xray\train\PNEUMONIA\person1303_bacteria_3267.jpeg,person1303,PNEUMONIA,6.305096626281738,0.9981763621041125,0.9900625473482076
d:\Pneum Det\archive\chest_xray\chest_xray\train\PNEUMONIA\person1303_virus_2243.jpeg,person1303,PNEUMONIA,9.033727645874023,0.9998806973427762,0.9986316924299476
d:\Pneum Det\archive\chest_xray\chest_xray\train\PNEUMONIA\person1315_bacteria_3322.jpeg,person1315,PNEUMONIA,12.029643058776855,0.9999940352834565,0.9998461270594884
d:\Pneum Det\archive\chest_xray\chest_xray\train\PNEUMONIA\person1315_virus_2270.jpeg,person1315,PNEUMONIA,8.1766996383667,0.9997189507752969,0.9974455296965262
d:\Pneum Det\archive\chest_xray\chest_xray\train\PNEUMONIA\person1318_bacteria_3334.jpeg,person1318,PNEUMONIA,3.8938279151916504,0.9800393113989111,0.94488880110864
d:\Pneum Det\archive\chest_xray\chest_xray\train\PNEUMONIA\person1318_bacteria_3335.jpeg,person1318,PNEUMONIA,5.057816028594971,0.9936807536471514,0.9756647339888012
d:\Pneum Det\archive\chest_xray\chest_xray\train\PNEUMONIA\person1318_virus_2274.jpeg,person1318,PNEUMONIA,11.007184028625488,0.9999834181297098,0.9996755450054169
d:\Pneum Det\archive\chest_xray\chest_xray\train\PNEUMONIA\person131_virus_265.jpeg,person131,PNEUMONIA,8.432829856872559,0.9997824425138082,0.9978801257919122
d:\Pneum Det\archive\chest_xray\chest_xray\train\PNEUMONIA\person1326_bacteria_3372.jpeg,person1326,PNEUMONIA,8.303574562072754,0.9997524312313681,0.99767091021757
d:\Pneum Det\archive\chest_xray\chest_xray\train\PNEUMONIA\person1328_bacteria_3376.jpeg,person1328,PNEUMONIA,10.243037223815918,0.9999643967213604,0.9994334424259099
d:\Pneum Det\archive\chest_xray\chest_xray\train\PNEUMONIA\person1328_virus_2293.jpeg,person1328,PNEUMONIA,8.033052444458008,0.999675549296238,0.9971639953075455
d:\Pneum Det\archive\chest_xray\chest_xray\train\PNEUMONIA\person1328_virus_2294.jpeg,person1328,PNEUMONIA,6.593985080718994,0.9986332952387909,0.9919363137487689
d:\Pneum Det\archive\chest_xray\chest_xray\train\PNEUMONIA\person1328_virus_2295.jpeg,person1328,PNEUMONIA,9.118762016296387,0.9998904217443576,0.998713919903193
d:\Pneum Det\archive\chest_xray\chest_xray\train\PNEUMONIA\person132_virus_266.jpeg,person132,PNEUMONIA,10.132800102233887,0.9999602475806848,0.9993860077792638
d:\Pneum Det\archive\chest_xray\chest_xray\train\PNEUMONIA\person1343_bacteria_3409.jpeg,person1343,PNEUMONIA,8.8197660446167,0.9998522389057675,0.9984008175773377
d:\Pneum Det\archive\chest_xray\chest_xray\train\PNEUMONIA\person1343_bacteria_3411.jpeg,person1343,PNEUMONIA,8.147370338439941,0.999710588148368,0.9973904073593761
d:\Pneum Det\archive\chest_xray\chest_xray\train\PNEUMONIA\person1343_bacteria_3413.jpeg,person1343,PNEUMONIA,8.428159713745117,0.9997814243356192,0.997872903758761
d:\Pneum Det\archive\chest_xray\chest_xray\train\PNEUMONIA\person1343_bacteria_3414.jpeg,person1343,PNEUMONIA,8.428159713745117,0.9997814243356192,0.997872903758761
d:\Pneum Det\archive\chest_xray\chest_xray\train\PNEUMONIA\person1343_bacteria_3415.jpeg,person1343,PNEUMONIA,10.870765686035156,0.9999809945483625,0.9996415923837989
d:\Pneum Det\archive\chest_xray\chest_xray\train\PNEUMONIA\person1343_bacteria_3416.jpeg,person1343,PNEUMONIA,10.750781059265137,0.9999785717944563,0.9996088062844637
d:\Pneum Det\archive\chest_xray\chest_xray\train\PNEUMONIA\person1343_bacteria_3417.jpeg,person1343,PNEUMONIA,11.774199485778809,0.999992299360545,0.9998145995090252
d:\Pneum Det\archive\chest_xray\chest_xray\train\PNEUMONIA\person1343_bacteria_3418.jpeg,person1343,PNEUMONIA,8.444619178771973,0.9997849917611049,0.9978982484491122
d:\Pneum Det\archive\chest_xray\chest_xray\train\PNEUMONIA\person1343_bacteria_3419.jpeg,person1343,PNEUMONIA,10.704586029052734,0.9999775587207326,0.9995953985219181
d:\Pneum Det\archive\chest_xray\chest_xray\train\PNEUMONIA\person1343_virus_2316.jpeg,person1343,PNEUMONIA,7.405354976654053,0.9993923811598101,0.9955234926108502
d:\Pneum Det\archive\chest_xray\chest_xray\train\PNEUMONIA\person1343_virus_2317.jpeg,person1343,PNEUMONIA,7.9193644523620605,0.9996364988217609,0.9969194122305066
d:\Pneum Det\archive\chest_xray\chest_xray\train\PNEUMONIA\person1347_virus_2323.jpeg,person1347,PNEUMONIA,11.539149284362793,0.9999902589245002,0.9997799129464702
d:\Pneum Det\archive\chest_xray\chest_xray\train\PNEUMONIA\person1349_bacteria_3434.jpeg,person1349,PNEUMONIA,6.281416416168213,0.9981327442091394,0.9898910688027055
d:\Pneum Det\archive\chest_xray\chest_xray\train\PNEUMONIA\person1349_bacteria_3436.jpeg,person1349,PNEUMONIA,6.310258388519287,0.9981857340027517,0.9900995419059162
d:\Pneum Det\archive\chest_xray\chest_xray\train\PNEUMONIA\person1349_bacteria_3437.jpeg,person1349,PNEUMONIA,6.310258388519287,0.9981857340027517,0.9900995419059162
d:\Pneum Det\archive\chest_xray\chest_xray\train\PNEUMONIA\person1349_bacteria_3438.jpeg,person1349,PNEUMONIA,10.194478034973145,0.9999626252572945,0.9994130164776153
d:\Pneum Det\archive\chest_xray\chest_xray\train\PNEUMONIA\person1349_bacteria_3439.jpeg,person1349,PNEUMONIA,8.67598819732666,0.999829394863858,0.99822421135227
d:\Pneum Det\archive\chest_xray\chest_xray\train\PNEUMONIA\person1358_bacteria_3463.jpeg,person1358,PNEUMONIA,8.016871452331543,0.9996702584025623,0.997130403412907
d:\Pneum Det\archive\chest_xray\chest_xray\train\PNEUMONIA\person1358_bacteria_3465.jpeg,person1358,PNEUMONIA,6.023805141448975,0.9975854024671346,0.9878256023574944
d:\Pneum Det\archive\chest_xray\chest_xray\train\PNEUMONIA\person1358_virus_2339.jpeg,person1358,PNEUMONIA,2.229217529296875,0.9028427440964854,0.8357420844575115
d:\Pneum Det\archive\chest_xray\chest_xray\train\PNEUMONIA\person1360_virus_2341.jpeg,person1360,PNEUMONIA,0.2138558030128479,0.5532611169654048,0.5389389643905605
d:\Pneum Det\archive\chest_xray\chest_xray\train\PNEUMONIA\person1361_bacteria_3476.jpeg,person1361,PNEUMONIA,8.164047241210938,0.9997153732566346,0.9974218943023561
d:\Pneum Det\archive\chest_xray\chest_xray\train\PNEUMONIA\person1361_bacteria_3477.jpeg,person1361,PNEUMONIA,9.127894401550293,0.9998914177914784,0.9987224519704936
d:\Pneum Det\archive\chest_xray\chest_xray\train\PNEUMONIA\person1361_virus_2342.jpeg,person1361,PNEUMONIA,8.635921478271484,0.9998224217271263,0.9981716158101052
d:\Pneum Det\archive\chest_xray\chest_xray\train\PNEUMONIA\person1361_virus_2344.jpeg,person1361,PNEUMONIA,6.122701168060303,0.9978122710745213,0.9886637111367892
d:\Pneum Det\archive\chest_xray\chest_xray\train\PNEUMONIA\person1368_virus_2352.jpeg,person1368,PNEUMONIA,11.909735679626465,0.9999932754288513,0.9998320575277674
d:\Pneum Det\archive\chest_xray\chest_xray\train\PNEUMONIA\person1368_virus_2353.jpeg,person1368,PNEUMONIA,7.384271144866943,0.9993794422547735,0.9954543955777981
d:\Pneum Det\archive\chest_xray\chest_xray\train\PNEUMONIA\person1368_virus_2354.jpeg,person1368,PNEUMONIA,12.042351722717285,0.9999941106069439,0.9998475473826134
d:\Pneum Det\archive\chest_xray\chest_xray\train\PNEUMONIA\person1369_virus_2355.jpeg,person1369,PNEUMONIA,5.945794582366943,0.9973900076447905,0.9871215637635257
d:\Pneum Det\archive\chest_xray\chest_xray\train\PNEUMONIA\person1369_virus_2356.jpeg,person1369,PNEUMONIA,10.177821159362793,0.9999619975209636,0.9994058417180604
d:\Pneum Det\archive\chest_xray\chest_xray\train\PNEUMONIA\person1376_bacteria_3511.jpeg,person1376,PNEUMONIA,7.693188190460205,0.9995442854853365,0.9963685534791669
d:\Pneum Det\archive\chest_xray\chest_xray\train\PNEUMONIA\person1376_virus_2367.jpeg,person1376,PNEUMONIA,8.361595153808594,0.9997663832948526,0.9977672573917623
d:\Pneum Det\archive\chest_xray\chest_xray\train\PNEUMONIA\person1385_bacteria_3524.jpeg,person1385,PNEUMONIA,12.354201316833496,0.99999568841783,0.9998785749567218
d:\Pneum Det\archive\chest_xray\chest_xray\train\PNEUMONIA\person1385_virus_2380.jpeg,person1385,PNEUMONIA,4.891427516937256,0.9925452968114076,0.9726088535677696
d:\Pneum Det\archive\chest_xray\chest_xray\train\PNEUMONIA\person1390_bacteria_3534.jpeg,person1390,PNEUMONIA,10.767857551574707,0.9999789345988063,0.9996136493796428
d:\Pneum Det\archive\chest_xray\chest_xray\train\PNEUMONIA\person1390_bacteria_3535.jpeg,person1390,PNEUMONIA,10.306693077087402,0.9999665923781619,0.9994591465231849
d:\Pneum Det\archive\chest_xray\chest_xray\train\PNEUMONIA\person1395_bacteria_3544.jpeg,person1395,PNEUMONIA,11.09929370880127,0.9999848772274103,0.9996966320834576
d:\Pneum Det\archive\chest_xray\chest_xray\train\PNEUMONIA\person1395_virus_2398.jpeg,person1395,PNEUMONIA,5.151498794555664,0.9942426202478125,0.9772363171336768
d:\Pneum Det\archive\chest_xray\chest_xray\train\PNEUMONIA\person1396_bacteria_3545.jpeg,person1396,PNEUMONIA,6.5097479820251465,0.9985133584994959,0.9914294161223781
d:\Pneum Det\archive\chest_xray\chest_xray\train\PNEUMONIA\person1396_virus_2399.jpeg,person1396,PNEUMONIA,5.615096092224121,0.9963707596921871,0.9836637128818706
d:\Pneum Det\archive\chest_xray\chest_xray\train\PNEUMONIA\person1403_bacteria_3557.jpeg,person1403,PNEUMONIA,8.688390731811523,0.999831497378197,0.998240183982213
d:\Pneum Det\archive\chest_xray\chest_xray\train\PNEUMONIA\person1403_bacteria_3559.jpeg,person1403,PNEUMONIA,12.503743171691895,0.9999962872840398,0.9998911278668291
d:\Pneum Det\archive\chest_xray\chest_xray\train\PNEUMONIA\person1403_virus_2406.jpeg,person1403,PNEUMONIA,10.319771766662598,0.9999670264469575,0.9994642815629603
d:\Pneum Det\archive\chest_xray\chest_xray\train\PNEUMONIA\person1405_bacteria_3564.jpeg,person1405,PNEUMONIA,8.452980995178223,0.9997867817430083,0.9979110085180624
d:\Pneum Det\archive\chest_xray\chest_xray\train\PNEUMONIA\person1405_bacteria_3566.jpeg,person1405,PNEUMONIA,7.6344499588012695,0.9995167291746482,0.9962101017967471
d:\Pneum Det\archive\chest_xray\chest_xray\train\PNEUMONIA\person1405_bacteria_3567.jpeg,person1405,PNEUMONIA,8.768601417541504,0.9998444832237654,0.9983400763619309
d:\Pneum Det\archive\chest_xray\chest_xray\train\PNEUMONIA\person1405_bacteria_3571.jpeg,person1405,PNEUMONIA,5.398427486419678,0.995496682691878,0.9809185088370994
d:\Pneum Det\archive\chest_xray\chest_xray\train\PNEUMONIA\person1405_bacteria_3573.jpeg,person1405,PNEUMONIA,7.0177531242370605,0.9991049657383787,0.9940686467731109
d:\Pneum Det\archive\chest_xray\chest_xray\train\PNEUMONIA\person1405_virus_2408.jpeg,person1405,PNEUMONIA,9.259242057800293,0.9999047815926881,0.9988390925934301
d:\Pneum Det\archive\chest_xray\chest_xray\train\PNEUMONIA\person1407_virus_2410.jpeg,person1407,PNEUMONIA,9.544354438781738,0.9999284007558479,0.999056967817421
d:\Pneum Det\archive\chest_xray\chest_xray\train\PNEUMONIA\person1419_bacteria_3645.jpeg,person1419,PNEUMONIA,11.215893745422363,0.999986541601243,0.9997213723243491
d:\Pneum Det\archive\chest_xray\chest_xray\train\PNEUMONIA\person1425_virus_2438.jpeg,person1425,PNEUMONIA,8.680144309997559,0.999830102326394,0.9982295798677924
d:\Pneum Det\archive\chest_xray\chest_xray\train\PNEUMONIA\person1430_bacteria_3693.jpeg,person1430,PNEUMONIA,12.435686111450195,0.9999960258119134,0.999885584497719
d:\Pneum Det\archive\chest_xray\chest_xray\train\PNEUMONIA\person1430_bacteria_3694.jpeg,person1430,PNEUMONIA,13.033053398132324,0.9999978131656998,0.9999260108423863
d:\Pneum Det\archive\chest_xray\chest_xray\train\PNEUMONIA\person1430_bacteria_3695.jpeg,person1430,PNEUMONIA,8.066493034362793,0.9996862163641096,0.9972321808238981
d:\Pneum Det\archive\chest_xray\chest_xray\train\PNEUMONIA\person1430_bacteria_3696.jpeg,person1430,PNEUMONIA,8.066493034362793,0.9996862163641096,0.9972321808238981
d:\Pneum Det\archive\chest_xray\chest_xray\train\PNEUMONIA\person1430_bacteria_3697.jpeg,person1430,PNEUMONIA,6.753284454345703,0.9988343201665216,0.9928149708144423
d:\Pneum Det\archive\chest_xray\chest_xray\train\PNEUMONIA\person1430_virus_2444.jpeg,person1430,PNEUMONIA,8.588555335998535,0.9998138097474016,0.9981074292141272
d:\Pneum Det\archive\chest_xray\chest_xray\train\PNEUMONIA\person1432_bacteria_3699.jpeg,person1432,PNEUMONIA,11.362117767333984,0.9999883724048768,0.9997495672666489
d:\Pneum Det\archive\chest_xray\chest_xray\train\PNEUMONIA\person1444_bacteria_3732.jpeg,person1444,PNEUMONIA,10.138779640197754,0.9999604845631634,0.9993886796861853
d:\Pneum Det\archive\chest_xray\chest_xray\train\PNEUMONIA\person1446_bacteria_3737.jpeg,person1446,PNEUMONIA,13.12341594696045,0.9999980021080231,0.9999307324371679
d:\Pneum Det\archive\chest_xray\chest_xray\train\PNEUMONIA\person1446_bacteria_3739.jpeg,person1446,PNEUMONIA,9.86354923248291,0.9999479653787917,0.9992527886006708
d:\Pneum Det\archive\chest_xray\chest_xray\train\PNEUMONIA\person1446_bacteria_3740.jpeg,person1446,PNEUMONIA,11.354851722717285,0.9999882876115584,0.999748236090744
d:\Pneum Det\archive\chest_xray\chest_xray\train\PNEUMONIA\person1457_virus_2498.jpeg,person1457,PNEUMONIA,10.734150886535645,0.9999782124679111,0.9996040314490844
d:\Pneum Det\archive\chest_xray\chest_xray\train\PNEUMONIA\person1459_bacteria_3796.jpeg,person1459,PNEUMONIA,5.906780242919922,0.9972864498458193,0.9867545371052718
d:\Pneum Det\archive\chest_xray\chest_xray\train\PNEUMONIA\person1459_bacteria_3797.jpeg,person1459,PNEUMONIA,7.238260746002197,0.999281955525328,0.9949458582528111
d:\Pneum Det\archive\chest_xray\chest_xray\train\PNEUMONIA\person1459_virus_2506.jpeg,person1459,PNEUMONIA,5.173785209655762,0.9943687978104155,0.9775953370098855
d:\Pneum Det\archive\chest_xray\chest_xray\train\PNEUMONIA\person1460_bacteria_3801.jpeg,person1460,PNEUMONIA,8.613776206970215,0.9998184460634607,0.9981418814513755
d:\Pneum Det\archive\chest_xray\chest_xray\train\PNEUMONIA\person1460_bacteria_3805.jpeg,person1460,PNEUMONIA,7.563669681549072,0.999481301886833,0.996009990192246
d:\Pneum Det\archive\chest_xray\chest_xray\train\PNEUMONIA\person1460_virus_2507.jpeg,person1460,PNEUMONIA,4.927116394042969,0.9928047747292751,0.9732942588257617
d:\Pneum Det\archive\chest_xray\chest_xray\train\PNEUMONIA\person1460_virus_2509.jpeg,person1460,PNEUMONIA,5.5199294090271,0.9960098543164603,0.9825093366830526
d:\Pneum Det\archive\chest_xray\chest_xray\train\PNEUMONIA\person1471_bacteria_3831.jpeg,person1471,PNEUMONIA,10.771806716918945,0.9999790176237655,0.9996147608491733
d:\Pneum Det\archive\chest_xray\chest_xray\train\PNEUMONIA\person1471_virus_2549.jpeg,person1471,PNEUMONIA,9.293374061584473,0.9999079764549649,0.998867620713608
d:\Pneum Det\archive\chest_xray\chest_xray\train\PNEUMONIA\person1472_bacteria_3833.jpeg,person1472,PNEUMONIA,9.108531951904297,0.9998892951229664,0.998704294716337
d:\Pneum Det\archive\chest_xray\chest_xray\train\PNEUMONIA\person1472_bacteria_3834.jpeg,person1472,PNEUMONIA,9.584026336669922,0.9999311854362906,0.9990838548762099
d:\Pneum Det\archive\chest_xray\chest_xray\train\PNEUMONIA\person1472_virus_2550.jpeg,person1472,PNEUMONIA,5.367886066436768,0.995357671487462,0.9804968119533969
d:\Pneum Det\archive\chest_xray\chest_xray\train\PNEUMONIA\person1477_virus_2561.jpeg,person1477,PNEUMONIA,7.822539329528809,0.999599557291824,0.9966945989189301
d:\Pneum Det\archive\chest_xray\chest_xray\train\PNEUMONIA\person147_virus_297.jpeg,person147,PNEUMONIA,8.361308097839355,0.9997663162398301,0.9977667906427166
d:\Pneum Det\archive\chest_xray\chest_xray\train\PNEUMONIA\person1480_bacteria_3858.jpeg,person1480,PNEUMONIA,10.784762382507324,0.9999792877054628,0.9996183847518244
d:\Pneum Det\archive\chest_xray\chest_xray\train\PNEUMONIA\person1480_bacteria_3859.jpeg,person1480,PNEUMONIA,12.91936206817627,0.9999975498578588,0.9999196104608729
d:\Pneum Det\archive\chest_xray\chest_xray\train\PNEUMONIA\person1480_virus_2566.jpeg,person1480,PNEUMONIA,-5.9537835121154785,0.002589278151127025,0.01280452795125588
d:\Pneum Det\archive\chest_xray\chest_xray\train\PNEUMONIA\person1492_bacteria_3894.jpeg,person1492,PNEUMONIA,7.059545040130615,0.9991415686450804,0.9942457952381346
d:\Pneum Det\archive\chest_xray\chest_xray\train\PNEUMONIA\person1492_virus_2599.jpeg,person1492,PNEUMONIA,7.532569408416748,0.999464925530854,0.9959187673397074
d:\Pneum Det\archive\chest_xray\chest_xray\train\PNEUMONIA\person1496_bacteria_3905.jpeg,person1496,PNEUMONIA,10.812443733215332,0.9999798531756049,0.9996260138783468
d:\Pneum Det\archive\chest_xray\chest_xray\train\PNEUMONIA\person1496_bacteria_3906.jpeg,person1496,PNEUMONIA,7.865329742431641,0.9996163245294688,0.9967959006868279
d:\Pneum Det\archive\chest_xray\chest_xray\train\PNEUMONIA\person1496_bacteria_3907.jpeg,person1496,PNEUMONIA,12.317608833312988,0.9999955277248898,0.9998752890024944
d:\Pneum Det\archive\chest_xray\chest_xray\train\PNEUMONIA\person1496_bacteria_3908.jpeg,person1496,PNEUMONIA,8.92809772491455,0.9998674075375594,0.9985222012352103
d:\Pneum Det\archive\chest_xray\chest_xray\train\PNEUMONIA\person1496_bacteria_3909.jpeg,person1496,PNEUMONIA,10.041449546813965,0.9999564453071385,0.9993437068689873
d:\Pneum Det\archive\chest_xray\chest_xray\train\PNEUMONIA\person1496_bacteria_3910.jpeg,person1496,PNEUMONIA,10.041449546813965,0.9999564453071385,0.9993437068689873
d:\Pneum Det\archive\chest_xray\chest_xray\train\PNEUMONIA\person1496_bacteria_3911.jpeg,person1496,PNEUMONIA,5.942023754119873,0.9973801730651897,0.9870865324448957
d:\Pneum Det\archive\chest_xray\chest_xray\train\PNEUMONIA\person1496_virus_2605.jpeg,person1496,PNEUMONIA,9.56849193572998,0.9999301081723194,0.9990734191188535
d:\Pneum Det\archive\chest_xray\chest_xray\train\PNEUMONIA\person1496_virus_2606.jpeg,person1496,PNEUMONIA,10.739314079284668,0.9999783246687939,0.9996055201016936
d:\Pneum Det\archive\chest_xray\chest_xray\train\PNEUMONIA\person1499_bacteria_3915.jpeg,person1499,PNEUMONIA,8.303311347961426,0.9997523660753369,0.997670463813766
d:\Pneum Det\archive\chest_xray\chest_xray\train\PNEUMONIA\person1499_virus_2609.jpeg,person1499,PNEUMONIA,8.89162540435791,0.9998624829888184,0.9984823982630534
d:\Pneum Det\archive\chest_xray\chest_xray\train\PNEUMONIA\person1506_bacteria_3933.jpeg,person1506,PNEUMONIA,5.571418285369873,0.9962093438350509,0.9831435073827083
d:\Pneum Det\archive\chest_xray\chest_xray\train\PNEUMONIA\person1506_virus_2616.jpeg,person1506,PNEUMONIA,9.223258972167969,0.9999012932953003,0.9988082396486316
d:\Pneum Det\archive\chest_xray\chest_xray\train\PNEUMONIA\person1518_bacteria_3969.jpeg,person1518,PNEUMONIA,4.411640644073486,0.9880102463277245,0.9615657465755824
d:\Pneum Det\archive\chest_xray\chest_xray\train\PNEUMONIA\person1518_virus_2645.jpeg,person1518,PNEUMONIA,9.357522010803223,0.9999136937310199,0.9989193554998289
d:\Pneum Det\archive\chest_xray\chest_xray\train\PNEUMONIA\person151_virus_301.jpeg,person151,PNEUMONIA,6.919334888458252,0.9990124889658244,0.9936297648476216
d:\Pneum Det\archive\chest_xray\chest_xray\train\PNEUMONIA\person151_virus_302.jpeg,person151,PNEUMONIA,9.143061637878418,0.9998930520821977,0.9987364974598656
d:\Pneum Det\archive\chest_xray\chest_xray\train\PNEUMONIA\person1528_bacteria_3991.jpeg,person1528,PNEUMONIA,8.971268653869629,0.9998730091666894,0.9985679695031454
d:\Pneum Det\archive\chest_xray\chest_xray\train\PNEUMONIA\person1528_bacteria_3996.jpeg,person1528,PNEUMONIA,7.615176677703857,0.9995073292563644,0.9961566241385575
d:\Pneum Det\archive\chest_xray\chest_xray\train\PNEUMONIA\person1528_virus_2662.jpeg,person1528,PNEUMONIA,12.9494047164917,0.9999976223717343,0.9999213536920154
d:\Pneum Det\archive\chest_xray\chest_xray\train\PNEUMONIA\person152_virus_303.jpeg,person152,PNEUMONIA,7.061641216278076,0.9991433646439387,0.9942545406885647
d:\Pneum Det\archive\chest_xray\chest_xray\train\PNEUMONIA\person1530_bacteria_4000.jpeg,person1530,PNEUMONIA,8.078873634338379,0.9996900760478816,0.9972570081321417
d:\Pneum Det\archive\chest_xray\chest_xray\train\PNEUMONIA\person1530_virus_2664.jpeg,person1530,PNEUMONIA,13.90379810333252,0.9999990845032464,0.9999608075483478
d:\Pneum Det\archive\chest_xray\chest_xray\train\PNEUMONIA\person1531_bacteria_4003.jpeg,person1531,PNEUMONIA,9.052909851074219,0.9998829637560944,0.9986506884751072
d:\Pneum Det\archive\chest_xray\chest_xray\train\PNEUMONIA\person1531_virus_2666.jpeg,person1531,PNEUMONIA,1.1198678016662598,0.7539641941921176,0.6936584733617647
d:\Pneum Det\archive\chest_xray\chest_xray\train\PNEUMONIA\person1540_bacteria_4023.jpeg,person1540,PNEUMONIA,10.128050804138184,0.9999600583431193,0.9993838772811491
d:\Pneum Det\archive\chest_xray\chest_xray\train\PNEUMONIA\person1540_virus_2680.jpeg,person1540,PNEUMONIA,7.394758701324463,0.9993859124052592,0.9954888976425831
d:\Pneum Det\archive\chest_xray\chest_xray\train\PNEUMONIA\person1548_bacteria_4048.jpeg,person1548,PNEUMONIA,9.07343864440918,0.9998853416028091,0.9986707263847492
d:\Pneum Det\archive\chest_xray\chest_xray\train\PNEUMONIA\person1548_virus_2689.jpeg,person1548,PNEUMONIA,6.980869770050049,0.9990713687524225,0.993907807492439
d:\Pneum Det\archive\chest_xray\chest_xray\train\PNEUMONIA\person1551_bacteria_4053.jpeg,person1551,PNEUMONIA,10.973340034484863,0.999982847338164,0.9996674340930143
d:\Pneum Det\archive\chest_xray\chest_xray\train\PNEUMONIA\person1551_bacteria_4054.jpeg,person1551,PNEUMONIA,8.759246826171875,0.9998430218315372,0.9983287243337613
d:\Pneum Det\archive\chest_xray\chest_xray\train\PNEUMONIA\person1551_virus_2692.jpeg,person1551,PNEUMONIA,11.814908981323242,0.9999926065521437,0.9998200257199055
d:\Pneum Det\archive\chest_xray\chest_xray\train\PNEUMONIA\person1552_bacteria_4055.jpeg,person1552,PNEUMONIA,7.164806842803955,0.9992272692376225,0.9946690130027543
d:\Pneum Det\archive\chest_xray\chest_xray\train\PNEUMONIA\person1559_bacteria_4067.jpeg,person1559,PNEUMONIA,7.1717753410339355,0.999232631174444,0.9946959120533838
d:\Pneum Det\archive\chest_xray\chest_xray\train\PNEUMONIA\person1568_virus_2723.jpeg,person1568,PNEUMONIA,4.537895679473877,0.9894173009198385,0.9648298735181319
d:\Pneum Det\archive\chest_xray\chest_xray\train\PNEUMONIA\person156_virus_308.jpeg,person156,PNEUMONIA,7.737712860107422,0.9995641222887935,0.9964842492706326
d:\Pneum Det\archive\chest_xray\chest_xray\train\PNEUMONIA\person1580_virus_2739.jpeg,person1580,PNEUMONIA,5.61826229095459,0.9963821909100705,0.9837008028576826
d:\Pneum Det\archive\chest_xray\chest_xray\train\PNEUMONIA\person1588_virus_2762.jpeg,person1588,PNEUMONIA,7.924099445343018,0.9996382153076121,0.9969300065019687
d:\Pneum Det\archive\chest_xray\chest_xray\train\PNEUMONIA\person1591_bacteria_4177.jpeg,person1591,PNEUMONIA,5.777637958526611,0.9969135360479544,0.9854644867566859
d:\Pneum Det\archive\chest_xray\chest_xray\train\PNEUMONIA\person1591_virus_2765.jpeg,person1591,PNEUMONIA,10.473193168640137,0.9999717162027564,0.9995210009665944
d:\Pneum Det\archive\chest_xray\chest_xray\train\PNEUMONIA\person1594_bacteria_4182.jpeg,person1594,PNEUMONIA,9.523993492126465,0.9999269280924494,0.9990428637966932
d:\Pneum Det\archive\chest_xray\chest_xray\train\PNEUMONIA\person1594_virus_2768.jpeg,person1594,PNEUMONIA,9.454497337341309,0.999921669669772,0.99899311752302
d:\Pneum Det\archive\chest_xray\chest_xray\train\PNEUMONIA\person1596_bacteria_4184.jpeg,person1596,PNEUMONIA,4.875693321228027,0.9924279706080289,0.9723012756735447
d:\Pneum Det\archive\chest_xray\chest_xray\train\PNEUMONIA\person1601_bacteria_4209.jpeg,person1601,PNEUMONIA,7.927175045013428,0.999639325902421,0.9969368685107091
d:\Pneum Det\archive\chest_xray\chest_xray\train\PNEUMONIA\person1601_bacteria_4212.jpeg,person1601,PNEUMONIA,8.959274291992188,0.9998714770182393,0.9985553974149652
d:\Pneum Det\archive\chest_xray\chest_xray\train\PNEUMONIA\person1609_bacteria_4236.jpeg,person1609,PNEUMONIA,11.604869842529297,0.9999908785243574,0.9997902176359772
d:\Pneum Det\archive\chest_xray\chest_xray\train\PNEUMONIA\person1609_bacteria_4237.jpeg,person1609,PNEUMONIA,8.47718334197998,0.9997918791181896,0.9979475070762859
d:\Pneum Det\archive\chest_xray\chest_xray\train\PNEUMONIA\person1609_bacteria_4239.jpeg,person1609,PNEUMONIA,9.539661407470703,0.9999280639728767,0.9990537354820924
d:\Pneum Det\archive\chest_xray\chest_xray\train\PNEUMONIA\person1609_virus_2790.jpeg,person1609,PNEUMONIA,8.338923454284668,0.9997610275907708,0.9977300921214077
d:\Pneum Det\archive\chest_xray\chest_xray\train\PNEUMONIA\person1609_virus_2791.jpeg,person1609,PNEUMONIA,6.517922878265381,0.9985254442518343,0.9914799619597158
d:\Pneum Det\archive\chest_xray\chest_xray\train\PNEUMONIA\person1619_bacteria_4261.jpeg,person1619,PNEUMONIA,10.432488441467285,0.9999705412005817,0.9995065653478047
d:\Pneum Det\archive\chest_xray\chest_xray\train\PNEUMONIA\person1619_bacteria_4262.jpeg,person1619,PNEUMONIA,10.55451774597168,0.9999739252676315,0.9995485902190072
d:\Pneum Det\archive\chest_xray\chest_xray\train\PNEUMONIA\person1619_bacteria_4266.jpeg,person1619,PNEUMONIA,12.071966171264648,0.9999942824598501,0.9998508064454105
d:\Pneum Det\archive\chest_xray\chest_xray\train\PNEUMONIA\person1619_bacteria_4267.jpeg,person1619,PNEUMONIA,9.953225135803223,0.9999524283093848,0.9993000912037223
d:\Pneum Det\archive\chest_xray\chest_xray\train\PNEUMONIA\person1619_bacteria_4268.jpeg,person1619,PNEUMONIA,9.953225135803223,0.9999524283093848,0.9993000912037223
d:\Pneum Det\archive\chest_xray\chest_xray\train\PNEUMONIA\person1619_bacteria_4269.jpeg,person1619,PNEUMONIA,12.765289306640625,0.9999971417247228,0.9999100443527817
d:\Pneum Det\archive\chest_xray\chest_xray\train\PNEUMONIA\person1619_bacteria_4270.jpeg,person1619,PNEUMONIA,10.855182647705078,0.9999806960718527,0.9996374946153682
d:\Pneum Det\archive\chest_xray\chest_xray\train\PNEUMONIA\person1619_bacteria_4271.jpeg,person1619,PNEUMONIA,11.213061332702637,0.9999865034279821,0.9997207959400858
d:\Pneum Det\archive\chest_xray\chest_xray\train\PNEUMONIA\person1625_bacteria_4290.jpeg,person1625,PNEUMONIA,5.8627028465271,0.9971645152220492,0.9863274546800325
d:\Pneum Det\archive\chest_xray\chest_xray\train\PNEUMONIA\person1630_bacteria_4303.jpeg,person1630,PNEUMONIA,6.962367534637451,0.9990540434676602,0.9938254985469512
d:\Pneum Det\archive\chest_xray\chest_xray\train\PNEUMONIA\person1630_bacteria_4304.jpeg,person1630,PNEUMONIA,9.079787254333496,0.9998860671358134,0.9986768628174424
d:\Pneum Det\archive\chest_xray\chest_xray\train\PNEUMONIA\person1634_bacteria_4326.jpeg,person1634,PNEUMONIA,10.216492652893066,0.9999634390276064,0.9994223663506426
d:\Pneum Det\archive\chest_xray\chest_xray\train\PNEUMONIA\person1634_bacteria_4331.jpeg,person1634,PNEUMONIA,8.031152725219727,0.9996749325457136,0.9971600718767498
d:\Pneum Det\archive\chest_xray\chest_xray\train\PNEUMONIA\person1634_bacteria_4334.jpeg,person1634,PNEUMONIA,6.869703769683838,0.9989622932153976,0.993396352013941
d:\Pneum Det\archive\chest_xray\chest_xray\train\PNEUMONIA\person1643_bacteria_4354.jpeg,person1643,PNEUMONIA,9.996476173400879,0.9999544418821892,0.9993218237632836
d:\Pneum Det\archive\chest_xray\chest_xray\train\PNEUMONIA\person1645_bacteria_4363.jpeg,person1645,PNEUMONIA,5.910912036895752,0.9972976083091325,0.9867938904176331
d:\Pneum Det\archive\chest_xray\chest_xray\train\PNEUMONIA\person1660_bacteria_4404.jpeg,person1660,PNEUMONIA,9.450461387634277,0.9999213529185961,0.9989901504437831
d:\Pneum Det\archive\chest_xray\chest_xray\train\PNEUMONIA\person1661_bacteria_4406.jpeg,person1661,PNEUMONIA,7.587040901184082,0.9994932778599027,0.9960772032315759
d:\Pneum Det\archive\chest_xray\chest_xray\train\PNEUMONIA\person1670_bacteria_4425.jpeg,person1670,PNEUMONIA,9.193490028381348,0.9998983110305579,0.9987820967998121
d:\Pneum Det\archive\chest_xray\chest_xray\train\PNEUMONIA\person1670_bacteria_4426.jpeg,person1670,PNEUMONIA,12.059412002563477,0.9999942102288508,0.9998494334555997
d:\Pneum Det\archive\chest_xray\chest_xray\train\PNEUMONIA\person1670_bacteria_4427.jpeg,person1670,PNEUMONIA,12.502249717712402,0.9999962817351474,0.9998910091529232
d:\Pneum Det\archive\chest_xray\chest_xray\train\PNEUMONIA\person1670_bacteria_4428.jpeg,person1670,PNEUMONIA,11.73638916015625,0.9999920026246994,0.9998094133251597
d:\Pneum Det\archive\chest_xray\chest_xray\train\PNEUMONIA\person1670_bacteria_4429.jpeg,person1670,PNEUMONIA,11.21611499786377,0.9999865445785773,0.9997214172981835
d:\Pneum Det\archive\chest_xray\chest_xray\train\PNEUMONIA\person1670_bacteria_4430.jpeg,person1670,PNEUMONIA,11.266027450561523,0.9999871996782542,0.9997313797039424
d:\Pneum Det\archive\chest_xray\chest_xray\train\PNEUMONIA\person1670_bacteria_4431.jpeg,person1670,PNEUMONIA,11.686371803283691,0.9999915924480208,0.9998023292748671
d:\Pneum Det\archive\chest_xray\chest_xray\train\PNEUMONIA\person1671_bacteria_4432.jpeg,person1671,PNEUMONIA,6.808810710906982,0.9988972123824199,0.9930983403088606
d:\Pneum Det\archive\chest_xray\chest_xray\train\PNEUMONIA\person1680_bacteria_4455.jpeg,person1680,PNEUMONIA,12.569876670837402,0.9999965248751306,0.9998962571721274
d:\Pneum Det\archive\chest_xray\chest_xray\train\PNEUMONIA\person1697_bacteria_4496.jpeg,person1697,PNEUMONIA,7.6259379386901855,0.9995126000198445,0.9961865754679351
d:\Pneum Det\archive\chest_xray\chest_xray\train\PNEUMONIA\person1699_bacteria_4498.jpeg,person1699,PNEUMONIA,8.16309642791748,0.9997151025781823,0.997420109342591
d:\Pneum Det\archive\chest_xray\chest_xray\train\PNEUMONIA\person1710_bacteria_4525.jpeg,person1710,PNEUMONIA,8.094822883605957,0.9996949783962014,0.997288664728497
d:\Pneum Det\archive\chest_xray\chest_xray\train\PNEUMONIA\person1710_bacteria_4526.jpeg,person1710,PNEUMONIA,9.221672058105469,0.9999011365473887,0.998806860284189
d:\Pneum Det\archive\chest_xray\chest_xray\train\PNEUMONIA\person1711_bacteria_4527.jpeg,person1711,PNEUMONIA,8.107956886291504,0.9996989571590047,0.9973144597779474
d:\Pneum Det\archive\chest_xray\chest_xray\train\PNEUMONIA\person1713_bacteria_4530.jpeg,person1713,PNEUMONIA,5.333791732788086,0.995197438529011,0.9800152650624863
d:\Pneum Det\archive\chest_xray\chest_xray\train\PNEUMONIA\person1719_bacteria_4541.jpeg,person1719,PNEUMONIA,8.586386680603027,0.9998134056021817,0.9981044371834246
d:\Pneum Det\archive\chest_xray\chest_xray\train\PNEUMONIA\person1719_bacteria_4542.jpeg,person1719,PNEUMONIA,7.847506523132324,0.9996094275880083,0.9967540876815958
d:\Pneum Det\archive\chest_xray\chest_xray\train\PNEUMONIA\person1719_bacteria_4544.jpeg,person1719,PNEUMONIA,9.613211631774902,0.9999331646529125,0.9991031445750912
d:\Pneum Det\archive\chest_xray\chest_xray\train\PNEUMONIA\person1721_bacteria_4546.jpeg,person1721,PNEUMONIA,9.883893013000488,0.9999490132111569,0.9992637923069756
d:\Pneum Det\archive\chest_xray\chest_xray\train\PNEUMONIA\person1731_bacteria_4563.jpeg,person1731,PNEUMONIA,6.610479831695557,0.9986556237289049,0.9920320325770118
d:\Pneum Det\archive\chest_xray\chest_xray\train\PNEUMONIA\person1732_bacteria_4564.jpeg,person1732,PNEUMONIA,9.215886116027832,0.9999005629281945,0.9988018175553988
d:\Pneum Det\archive\chest_xray\chest_xray\train\PNEUMONIA\person1739_bacteria_4576.jpeg,person1739,PNEUMONIA,10.7957763671875,0.9999795145740277,0.9996214387245071
d:\Pneum Det\archive\chest_xray\chest_xray\train\PNEUMONIA\person1740_bacteria_4579.jpeg,person1740,PNEUMONIA,5.965510845184326,0.997440832561928,0.9873032078108741
d:\Pneum Det\archive\chest_xray\chest_xray\train\PNEUMONIA\person1764_bacteria_4607.jpeg,person1764,PNEUMONIA,9.694976806640625,0.9999384116849924,0.9991550525561166
d:\Pneum Det\archive\chest_xray\chest_xray\train\PNEUMONIA\person1784_bacteria_4631.jpeg,person1784,PNEUMONIA,9.422131538391113,0.9999190931810226,0.9989690761065351
d:\Pneum Det\archive\chest_xray\chest_xray\train\PNEUMONIA\person1803_bacteria_4651.jpeg,person1803,PNEUMONIA,12.435324668884277,0.9999960243752187,0.9998855543165956
d:\Pneum Det\archive\chest_xray\chest_xray\train\PNEUMONIA\person1803_bacteria_4652.jpeg,person1803,PNEUMONIA,10.936812400817871,0.9999822092196329,0.9996584524434721
d:\Pneum Det\archive\chest_xray\chest_xray\train\PNEUMONIA\person1816_bacteria_4673.jpeg,person1816,PNEUMONIA,9.629925727844238,0.9999342723887114,0.9991140082805995
d:\Pneum Det\archive\chest_xray\chest_xray\train\PNEUMONIA\person1816_bacteria_4674.jpeg,person1816,PNEUMONIA,11.723286628723145,0.999991897150205,0.9998075825041233
d:\Pneum Det\archive\chest_xray\chest_xray\train\PNEUMONIA\person1847_bacteria_4716.jpeg,person1847,PNEUMONIA,8.403775215148926,0.9997760301716534,0.9978347942533425
d:\Pneum Det\archive\chest_xray\chest_xray\train\PNEUMONIA\person1850_bacteria_4721.jpeg,person1850,PNEUMONIA,11.781625747680664,0.999992356335257,0.9998156014182435
d:\Pneum Det\archive\chest_xray\chest_xray\train\PNEUMONIA\person1851_bacteria_4722.jpeg,person1851,PNEUMONIA,10.371764183044434,0.9999686969645715,0.9994842177822972
d:\Pneum Det\archive\chest_xray\chest_xray\train\PNEUMONIA\person1859_bacteria_4731.jpeg,person1859,PNEUMONIA,10.202890396118164,0.9999629383367602,0.9994166070326006
d:\Pneum Det\archive\chest_xray\chest_xray\train\PNEUMONIA\person1875_bacteria_4756.jpeg,person1875,PNEUMONIA,11.436501502990723,0.999989205915411,0.9997627965143385
d:\Pneum Det\archive\chest_xray\chest_xray\train\PNEUMONIA\person1879_bacteria_4764.jpeg,person1879,PNEUMONIA,10.953989028930664,0.9999825121904496,0.9996627057535032
d:\Pneum Det\archive\chest_xray\chest_xray\train\PNEUMONIA\person1896_bacteria_4788.jpeg,person1896,PNEUMONIA,8.180538177490234,0.9997200272243841,0.9974526574819055
d:\Pneum Det\archive\chest_xray\chest_xray\train\PNEUMONIA\person18_bacteria_57.jpeg,person18,PNEUMONIA,6.265373706817627,0.9981026040871107,0.989773235743205
d:\Pneum Det\archive\chest_xray\chest_xray\train\PNEUMONIA\person1906_bacteria_4803.jpeg,person1906,PNEUMONIA,9.586806297302246,0.9999313764592995,0.9990857099827226
d:\Pneum Det\archive\chest_xray\chest_xray\train\PNEUMONIA\person1907_bacteria_4806.jpeg,person1907,PNEUMONIA,9.551117897033691,0.9999288833460788,0.9990616067692805
d:\Pneum Det\archive\chest_xray\chest_xray\train\PNEUMONIA\person1910_bacteria_4814.jpeg,person1910,PNEUMONIA,9.04564380645752,0.9998821103691575,0.9986435241311549
d:\Pneum Det\archive\chest_xray\chest_xray\train\PNEUMONIA\person1927_bacteria_4836.jpeg,person1927,PNEUMONIA,7.664669513702393,0.9995311081979882,0.9962924636103733
d:\Pneum Det\archive\chest_xray\chest_xray\train\PNEUMONIA\person1927_bacteria_4837.jpeg,person1927,PNEUMONIA,7.667443752288818,0.9995324066055856,0.996299934690966
d:\Pneum Det\archive\chest_xray\chest_xray\train\PNEUMONIA\person1934_bacteria_4846.jpeg,person1934,PNEUMONIA,12.306973457336426,0.9999954799069471,0.9998743173897696
d:\Pneum Det\archive\chest_xray\chest_xray\train\PNEUMONIA\person1936_bacteria_4852.jpeg,person1936,PNEUMONIA,11.851239204406738,0.9999928703351775,0.9998247339900275
d:\Pneum Det\archive\chest_xray\chest_xray\train\PNEUMONIA\person1940_bacteria_4859.jpeg,person1940,PNEUMONIA,9.498698234558105,0.9999250562841191,0.9990250478996913
d:\Pneum Det\archive\chest_xray\chest_xray\train\PNEUMONIA\person1940_bacteria_4861.jpeg,person1940,PNEUMONIA,10.351181983947754,0.999968046023936,0.999476415885946
d:\Pneum Det\archive\chest_xray\chest_xray\train\PNEUMONIA\person1940_bacteria_4862.jpeg,person1940,PNEUMONIA,10.024855613708496,0.9999557165658642,0.9993357159887233
d:\Pneum Det\archive\chest_xray\chest_xray\train\PNEUMONIA\person19_bacteria_58.jpeg,person19,PNEUMONIA,8.732983589172363,0.9998388451343765,0.9982964372953005
d:\Pneum Det\archive\chest_xray\chest_xray\train\PNEUMONIA\person19_bacteria_59.jpeg,person19,PNEUMONIA,6.4841132164001465,0.9984748150013306,0.991268979425211
d:\Pneum Det\archive\chest_xray\chest_xray\train\PNEUMONIA\person19_bacteria_60.jpeg,person19,PNEUMONIA,6.876152515411377,0.9989689567142478,0.9934271538990407
d:\Pneum Det\archive\chest_xray\chest_xray\train\PNEUMONIA\person19_bacteria_61.jpeg,person19,PNEUMONIA,9.616119384765625,0.999933358698387,0.9991050440520944
d:\Pneum Det\archive\chest_xray\chest_xray\train\PNEUMONIA\person19_bacteria_62.jpeg,person19,PNEUMONIA,8.639714241027832,0.9998230938448402,0.9981766604862385
d:\Pneum Det\archive\chest_xray\chest_xray\train\PNEUMONIA\person19_bacteria_63.jpeg,person19,PNEUMONIA,6.01214075088501,0.9975571419607152,0.9877228011801991
d:\Pneum Det\archive\chest_xray\chest_xray\train\PNEUMONIA\person256_bacteria_1189.jpeg,person256,PNEUMONIA,7.502911567687988,0.9994488275889561,0.9958298414638269
d:\Pneum Det\archive\chest_xray\chest_xray\train\PNEUMONIA\person256_virus_537.jpeg,person256,PNEUMONIA,7.499528408050537,0.9994469607598466,0.9958195755969407
d:\Pneum Det\archive\chest_xray\chest_xray\train\PNEUMONIA\person257_bacteria_1191.jpeg,person257,PNEUMONIA,8.496694564819336,0.9997958996321848,0.9979764672902053
d:\Pneum Det\archive\chest_xray\chest_xray\train\PNEUMONIA\person257_bacteria_1193.jpeg,person257,PNEUMONIA,9.873138427734375,0.9999484619386089,0.9992579956080156
d:\Pneum Det\archive\chest_xray\chest_xray\train\PNEUMONIA\person257_bacteria_1194.jpeg,person257,PNEUMONIA,7.167909145355225,0.9992296609237616,0.9946810048949544
d:\Pneum Det\archive\chest_xray\chest_xray\train\PNEUMONIA\person257_bacteria_1195.jpeg,person257,PNEUMONIA,7.2605485916137695,0.9992977710498123,0.9950269967157136
d:\Pneum Det\archive\chest_xray\chest_xray\train\PNEUMONIA\person257_bacteria_1196.jpeg,person257,PNEUMONIA,11.862698554992676,0.9999929515695944,0.9998261933792432
d:\Pneum Det\archive\chest_xray\chest_xray\train\PNEUMONIA\person257_bacteria_1197.jpeg,person257,PNEUMONIA,10.073164939880371,0.9999578049286265,0.9993587132735191
d:\Pneum Det\archive\chest_xray\chest_xray\train\PNEUMONIA\person257_bacteria_1199.jpeg,person257,PNEUMONIA,8.552746772766113,0.9998070230426865,0.9980574159387844
d:\Pneum Det\archive\chest_xray\chest_xray\train\PNEUMONIA\person257_bacteria_1200.jpeg,person257,PNEUMONIA,8.98088550567627,0.9998742244123259,0.9985779706015783
d:\Pneum Det\archive\chest_xray\chest_xray\train\PNEUMONIA\person257_virus_538.jpeg,person257,PNEUMONIA,6.404355525970459,0.9983483962527901,0.9907505300201518
d:\Pneum Det\archive\chest_xray\chest_xray\train\PNEUMONIA\person265_bacteria_1235.jpeg,person265,PNEUMONIA,8.210182189941406,0.9997282027092694,0.9975070394129667
d:\Pneum Det\archive\chest_xray\chest_xray\train\PNEUMONIA\person265_bacteria_1236.jpeg,person265,PNEUMONIA,7.725624084472656,0.9995588234217213,0.9964532052383961
d:\Pneum Det\archive\chest_xray\chest_xray\train\PNEUMONIA\person265_virus_548.jpeg,person265,PNEUMONIA,6.66404390335083,0.9987256500403936,0.992335157963815
d:\Pneum Det\archive\chest_xray\chest_xray\train\PNEUMONIA\person26_bacteria_122.jpeg,person26,PNEUMONIA,8.006624221801758,0.9996668632241681,0.9971089251799534
d:\Pneum Det\archive\chest_xray\chest_xray\train\PNEUMONIA\person26_bacteria_123.jpeg,person26,PNEUMONIA,9.015416145324707,0.9998784928755958,0.9986133095393845
d:\Pneum Det\archive\chest_xray\chest_xray\train\PNEUMONIA\person26_bacteria_124.jpeg,person26,PNEUMONIA,6.326119422912598,0.9982142321481599,0.9902123675095904
d:\Pneum Det\archive\chest_xray\chest_xray\train\PNEUMONIA\person26_bacteria_126.jpeg,person26,PNEUMONIA,9.595977783203125,0.9999320029191642,0.9990918036691915
d:\Pneum Det\archive\chest_xray\chest_xray\train\PNEUMONIA\person26_bacteria_127.jpeg,person26,PNEUMONIA,8.2075777053833,0.9997274940879314,0.9975023082536064
d:\Pneum Det\archive\chest_xray\chest_xray\train\PNEUMONIA\person26_bacteria_128.jpeg,person26,PNEUMONIA,7.154922962188721,0.9992195997798212,0.9946306274426878
d:\Pneum Det\archive\chest_xray\chest_xray\train\PNEUMONIA\person26_bacteria_129.jpeg,person26,PNEUMONIA,8.611355781555176,0.9998180061735277,0.998138602437415
d:\Pneum Det\archive\chest_xray\chest_xray\train\PNEUMONIA\person26_bacteria_130.jpeg,person26,PNEUMONIA,8.605223655700684,0.9998168869407037,0.9981302692100543
d:\Pneum Det\archive\chest_xray\chest_xray\train\PNEUMONIA\person26_bacteria_131.jpeg,person26,PNEUMONIA,6.181240558624268,0.9979364062648922,0.9891326685036179
d:\Pneum Det\archive\chest_xray\chest_xray\train\PNEUMONIA\person26_bacteria_132.jpeg,person26,PNEUMONIA,7.801231384277344,0.9995909366530161,0.9966429703442762
d:\Pneum Det\archive\chest_xray\chest_xray\train\PNEUMONIA\person26_bacteria_133.jpeg,person26,PNEUMONIA,9.51292896270752,0.9999261151568335,0.9990351112262198
d:\Pneum Det\archive\chest_xray\chest_xray\train\PNEUMONIA\person271_virus_556.jpeg,person271,PNEUMONIA,8.059466361999512,0.9996840044439131,0.9972179904054268
d:\Pneum Det\archive\chest_xray\chest_xray\train\PNEUMONIA\person275_bacteria_1291.jpeg,person275,PNEUMONIA,6.98765230178833,0.9990776401219523,0.9939377062999667
d:\Pneum Det\archive\chest_xray\chest_xray\train\PNEUMONIA\person275_bacteria_1293.jpeg,person275,PNEUMONIA,11.175722122192383,0.9999859899570553,0.9997130851900062
d:\Pneum Det\archive\chest_xray\chest_xray\train\PNEUMONIA\person275_bacteria_1294.jpeg,person275,PNEUMONIA,7.93059778213501,0.9996405578418099,0.996944487046617
d:\Pneum Det\archive\chest_xray\chest_xray\train\PNEUMONIA\person275_virus_565.jpeg,person275,PNEUMONIA,-4.333180904388428,0.012955676620979349,0.04060724759421717
d:\Pneum Det\archive\chest_xray\chest_xray\train\PNEUMONIA\person28_bacteria_139.jpeg,person28,PNEUMONIA,7.132254123687744,0.9992017212583749,0.994541548147602
d:\Pneum Det\archive\chest_xray\chest_xray\train\PNEUMONIA\person28_bacteria_141.jpeg,person28,PNEUMONIA,9.492209434509277,0.9999245684449803,0.9990204245748405
d:\Pneum Det\archive\chest_xray\chest_xray\train\PNEUMONIA\person28_bacteria_142.jpeg,person28,PNEUMONIA,8.206843376159668,0.9997272939599765,0.9975009726947999
d:\Pneum Det\archive\chest_xray\chest_xray\train\PNEUMONIA\person28_bacteria_143.jpeg,person28,PNEUMONIA,9.25610637664795,0.9999044825780798,0.9988364360034382
d:\Pneum Det\archive\chest_xray\chest_xray\train\PNEUMONIA\person293_bacteria_1379.jpeg,person293,PNEUMONIA,-0.19151470065116882,0.4522671307693971,0.46511493017292493
d:\Pneum Det\archive\chest_xray\chest_xray\train\PNEUMONIA\person293_virus_604.jpeg,person293,PNEUMONIA,9.176642417907715,0.9998965834798982,0.9987670483559264
d:\Pneum Det\archive\chest_xray\chest_xray\train\PNEUMONIA\person293_virus_605.jpeg,person293,PNEUMONIA,8.85983943939209,0.9998580422964665,0.9984468376854291
d:\Pneum Det\archive\chest_xray\chest_xray\train\PNEUMONIA\person2_bacteria_3.jpeg,person2,PNEUMONIA,11.217682838439941,0.9999865656577208,0.9997217357842242
d:\Pneum Det\archive\chest_xray\chest_xray\train\PNEUMONIA\person2_bacteria_4.jpeg,person2,PNEUMONIA,7.172786712646484,0.9992334062825138,0.9946998048068684
d:\Pneum Det\archive\chest_xray\chest_xray\train\PNEUMONIA\person300_bacteria_1421.jpeg,person300,PNEUMONIA,8.06994342803955,0.999687296837525,0.9972391224728608
d:\Pneum Det\archive\chest_xray\chest_xray\train\PNEUMONIA\person300_bacteria_1422.jpeg,person300,PNEUMONIA,11.110732078552246,0.9999850492191609,0.9996991532140421
d:\Pneum Det\archive\chest_xray\chest_xray\train\PNEUMONIA\person300_bacteria_1423.jpeg,person300,PNEUMONIA,0.3478010296821594,0.5860842329723093,0.5631177571830995
d:\Pneum Det\archive\chest_xray\chest_xray\train\PNEUMONIA\person300_virus_621.jpeg,person300,PNEUMONIA,6.399857997894287,0.998340963740673,0.9907204028435674
d:\Pneum Det\archive\chest_xray\chest_xray\train\PNEUMONIA\person309_bacteria_1447.jpeg,person309,PNEUMONIA,8.266329765319824,0.9997430391345571,0.9976068880110309
d:\Pneum Det\archive\chest_xray\chest_xray\train\PNEUMONIA\person309_bacteria_1449.jpeg,person309,PNEUMONIA,6.3629937171936035,0.9982787705202232,0.990469771778404
d:\Pneum Det\archive\chest_xray\chest_xray\train\PNEUMONIA\person309_virus_631.jpeg,person309,PNEUMONIA,10.469504356384277,0.9999716116794354,0.9995197103390682
d:\Pneum Det\archive\chest_xray\chest_xray\train\PNEUMONIA\person309_virus_632.jpeg,person309,PNEUMONIA,9.789631843566895,0.9999439736180278,0.999211405999116
d:\Pneum Det\archive\chest_xray\chest_xray\train\PNEUMONIA\person30_bacteria_145.jpeg,person30,PNEUMONIA,8.948548316955566,0.999870091244427,0.99854406149009
d:\Pneum Det\archive\chest_xray\chest_xray\train\PNEUMONIA\person30_bacteria_146.jpeg,person30,PNEUMONIA,6.891031742095947,0.9989841688043039,0.9934976797774666
d:\Pneum Det\archive\chest_xray\chest_xray\train\PNEUMONIA\person30_bacteria_147.jpeg,person30,PNEUMONIA,7.5574798583984375,0.999478082960923,0.9959919976302387
d:\Pneum Det\archive\chest_xray\chest_xray\train\PNEUMONIA\person30_bacteria_148.jpeg,person30,PNEUMONIA,8.793534278869629,0.9998483121820196,0.9983699583973724
d:\Pneum Det\archive\chest_xray\chest_xray\train\PNEUMONIA\person30_bacteria_149.jpeg,person30,PNEUMONIA,6.382538318634033,0.998312028414945,0.9906034744227278
d:\Pneum Det\archive\chest_xray\chest_xray\train\PNEUMONIA\person30_bacteria_150.jpeg,person30,PNEUMONIA,7.539912700653076,0.9994688382682345,0.9959404921510541
d:\Pneum Det\archive\chest_xray\chest_xray\train\PNEUMONIA\person30_bacteria_151.jpeg,person30,PNEUMONIA,9.296586990356445,0.9999082716185158,0.9988702698034958
d:\Pneum Det\archive\chest_xray\chest_xray\train\PNEUMONIA\person30_bacteria_152.jpeg,person30,PNEUMONIA,7.4310784339904785,0.9994078027622213,0.9956063802660408
d:\Pneum Det\archive\chest_xray\chest_xray\train\PNEUMONIA\person30_bacteria_153.jpeg,person30,PNEUMONIA,7.675215244293213,0.9995360247405093,0.9963207837110014
d:\Pneum Det\archive\chest_xray\chest_xray\train\PNEUMONIA\person30_bacteria_154.jpeg,person30,PNEUMONIA,9.275357246398926,0.9999063036147315,0.9988526503154519
d:\Pneum Det\archive\chest_xray\chest_xray\train\PNEUMONIA\person30_bacteria_155.jpeg,person30,PNEUMONIA,7.749599933624268,0.9995692707070122,0.9965145112883392
d:\Pneum Det\archive\chest_xray\chest_xray\train\PNEUMONIA\person30_bacteria_156.jpeg,person30,PNEUMONIA,7.711050510406494,0.9995523497224683,0.9964154168989192
d:\Pneum Det\archive\chest_xray\chest_xray\train\PNEUMONIA\person30_bacteria_157.jpeg,person30,PNEUMONIA,7.711050510406494,0.9995523497224683,0.9964154168989192
d:\Pneum Det\archive\chest_xray\chest_xray\train\PNEUMONIA\person30_bacteria_158.jpeg,person30,PNEUMONIA,8.257431983947754,0.9997407431462623,0.997591335092011
d:\Pneum Det\archive\chest_xray\chest_xray\train\PNEUMONIA\person314_bacteria_1461.jpeg,person314,PNEUMONIA,10.862022399902344,0.9999808276529025,0.9996392989552083
d:\Pneum Det\archive\chest_xray\chest_xray\train\PNEUMONIA\person314_bacteria_1462.jpeg,person314,PNEUMONIA,11.274802207946777,0.9999873115052021,0.9997330939447943
d:\Pneum Det\archive\chest_xray\chest_xray\train\PNEUMONIA\person314_virus_639.jpeg,person314,PNEUMONIA,8.776272773742676,0.9998456715005587,0.9983493282699116
d:\Pneum Det\archive\chest_xray\chest_xray\train\PNEUMONIA\person325_bacteria_1497.jpeg,person325,PNEUMONIA,9.133552551269531,0.999892030364887,0.9987277097947991
d:\Pneum Det\archive\chest_xray\chest_xray\train\PNEUMONIA\person325_bacteria_1498.jpeg,person325,PNEUMONIA,7.413882255554199,0.9993975373581497,0.9955511407786257
d:\Pneum Det\archive\chest_xray\chest_xray\train\PNEUMONIA\person325_bacteria_1500.jpeg,person325,PNEUMONIA,7.53153657913208,0.999464372900945,0.99591570248548
d:\Pneum Det\archive\chest_xray\chest_xray\train\PNEUMONIA\person325_bacteria_1501.jpeg,person325,PNEUMONIA,6.012624263763428,0.9975583199452305,0.9877270794811703
d:\Pneum Det\archive\chest_xray\chest_xray\train\PNEUMONIA\person325_bacteria_1502.jpeg,person325,PNEUMONIA,11.355620384216309,0.999988296610856,0.9997483772473353
d:\Pneum Det\archive\chest_xray\chest_xray\train\PNEUMONIA\person325_virus_659.jpeg,person325,PNEUMONIA,11.136128425598145,0.999985424128037,0.9997046761952858
d:\Pneum Det\archive\chest_xray\chest_xray\train\PNEUMONIA\person325_virus_660.jpeg,person325,PNEUMONIA,8.251338005065918,0.9997391588300834,0.9975806249534231
d:\Pneum Det\archive\chest_xray\chest_xray\train\PNEUMONIA\person325_virus_661.jpeg,person325,PNEUMONIA,9.5097017288208,0.9999258763456959,0.9990328382093921
d:\Pneum Det\archive\chest_xray\chest_xray\train\PNEUMONIA\person325_virus_664.jpeg,person325,PNEUMONIA,9.812041282653809,0.9999452151065535,0.9992241881688435
d:\Pneum Det\archive\chest_xray\chest_xray\train\PNEUMONIA\person325_virus_665.jpeg,person325,PNEUMONIA,11.27332592010498,0.9999872927597361,0.9997328063036238
d:\Pneum Det\archive\chest_xray\chest_xray\train\PNEUMONIA\person326_bacteria_1503.jpeg,person326,PNEUMONIA,9.345083236694336,0.999912613576678,0.9989095116960091
d:\Pneum Det\archive\chest_xray\chest_xray\train\PNEUMONIA\person326_bacteria_1504.jpeg,person326,PNEUMONIA,6.776726722717285,0.9988612977859069,0.9929359869798621
d:\Pneum Det\archive\chest_xray\chest_xray\train\PNEUMONIA\person326_bacteria_1505.jpeg,person326,PNEUMONIA,9.828225135803223,0.999946094553812,0.9992332903753872
d:\Pneum Det\archive\chest_xray\chest_xray\train\PNEUMONIA\person326_bacteria_1506.jpeg,person326,PNEUMONIA,8.200222969055176,0.9997254830427013,0.9974888996444121
d:\Pneum Det\archive\chest_xray\chest_xray\train\PNEUMONIA\person326_bacteria_1507.jpeg,person326,PNEUMONIA,9.671759605407715,0.9999369651394316,0.9991406262761059
d:\Pneum Det\archive\chest_xray\chest_xray\train\PNEUMONIA\person326_virus_666.jpeg,person326,PNEUMONIA,7.883851528167725,0.9996233628256915,0.9968387837200141
d:\Pneum Det\archive\chest_xray\chest_xray\train\PNEUMONIA\person326_virus_668.jpeg,person326,PNEUMONIA,10.234827041625977,0.9999641032192449,0.9994300394830822
d:\Pneum Det\archive\chest_xray\chest_xray\train\PNEUMONIA\person326_virus_670.jpeg,person326,PNEUMONIA,8.218756675720215,0.9997305226429178,0.9975225522687582
d:\Pneum Det\archive\chest_xray\chest_xray\train\PNEUMONIA\person326_virus_672.jpeg,person326,PNEUMONIA,10.13154125213623,0.9999601975088299,0.9993854437870917
d:\Pneum Det\archive\chest_xray\chest_xray\train\PNEUMONIA\person326_virus_673.jpeg,person326,PNEUMONIA,11.909710884094238,0.9999932752621109,0.9998320544892016
d:\Pneum Det\archive\chest_xray\chest_xray\train\PNEUMONIA\person326_virus_675.jpeg,person326,PNEUMONIA,9.272517204284668,0.9999060371598626,0.9988502725184054
d:\Pneum Det\archive\chest_xray\chest_xray\train\PNEUMONIA\person326_virus_677.jpeg,person326,PNEUMONIA,10.003209114074707,0.9999547475781416,0.9993251456993661
d:\Pneum Det\archive\chest_xray\chest_xray\train\PNEUMONIA\person32_bacteria_165.jpeg,person32,PNEUMONIA,1.1096563339233398,0.7520650359083618,0.692072599600166
d:\Pneum Det\archive\chest_xray\chest_xray\train\PNEUMONIA\person32_bacteria_166.jpeg,person32,PNEUMONIA,4.622869968414307,0.9902710235209231,0.9668746162004288
d:\Pneum Det\archive\chest_xray\chest_xray\train\PNEUMONIA\person333_bacteria_1539.jpeg,person333,PNEUMONIA,4.540038585662842,0.9894397151435237,0.9648829028077454
d:\Pneum Det\archive\chest_xray\chest_xray\train\PNEUMONIA\person333_bacteria_1540.jpeg,person333,PNEUMONIA,7.8105363845825195,0.9995947237979503,0.9966656142291469
d:\Pneum Det\archive\chest_xray\chest_xray\train\PNEUMONIA\person333_virus_688.jpeg,person333,PNEUMONIA,1.8376038074493408,0.8626650674144075,0.792667925284587
d:\Pneum Det\archive\chest_xray\chest_xray\train\PNEUMONIA\person336_bacteria_1548.jpeg,person336,PNEUMONIA,9.91978931427002,0.999950810900042,0.9992828147337028
d:\Pneum Det\archive\chest_xray\chest_xray\train\PNEUMONIA\person336_bacteria_1549.jpeg,person336,PNEUMONIA,11.286722183227539,0.9999874618520048,0.9997354051306824
d:\Pneum Det\archive\chest_xray\chest_xray\train\PNEUMONIA\person336_bacteria_1550.jpeg,person336,PNEUMONIA,9.813094139099121,0.9999452727536726,0.999224783591801
d:\Pneum Det\archive\chest_xray\chest_xray\train\PNEUMONIA\person336_bacteria_1551.jpeg,person336,PNEUMONIA,8.865194320678711,0.9998588003243951,0.9984528862120311
d:\Pneum Det\archive\chest_xray\chest_xray\train\PNEUMONIA\person336_bacteria_1552.jpeg,person336,PNEUMONIA,10.481316566467285,0.9999719450261774,0.9995238309406956
d:\Pneum Det\archive\chest_xray\chest_xray\train\PNEUMONIA\person336_bacteria_1553.jpeg,person336,PNEUMONIA,5.973421573638916,0.9974609463754165,0.9873753755996452
d:\Pneum Det\archive\chest_xray\chest_xray\train\PNEUMONIA\person339_bacteria_1572.jpeg,person339,PNEUMONIA,11.17407512664795,0.999985966863889,0.9997127402168446
d:\Pneum Det\archive\chest_xray\chest_xray\train\PNEUMONIA\person339_bacteria_1573.jpeg,person339,PNEUMONIA,7.864482402801514,0.9996159994131549,0.996793925051343
d:\Pneum Det\archive\chest_xray\chest_xray\train\PNEUMONIA\person339_bacteria_1574.jpeg,person339,PNEUMONIA,10.903029441833496,0.9999815979381778,0.9996499299792302
d:\Pneum Det\archive\chest_xray\chest_xray\train\PNEUMONIA\person339_virus_695.jpeg,person339,PNEUMONIA,6.552868366241455,0.9985760112550089,0.9916927206200002
d:\Pneum Det\archive\chest_xray\chest_xray\train\PNEUMONIA\person346_bacteria_1590.jpeg,person346,PNEUMONIA,5.042705059051514,0.9935851557919924,0.9754015179123667
d:\Pneum Det\archive\chest_xray\chest_xray\train\PNEUMONIA\person346_virus_708.jpeg,person346,PNEUMONIA,7.340879917144775,0.9993519405918913,0.9953088330389328
d:\Pneum Det\archive\chest_xray\chest_xray\train\PNEUMONIA\person346_virus_709.jpeg,person346,PNEUMONIA,9.015023231506348,0.9998784451301916,0.998612912402764
d:\Pneum Det\archive\chest_xray\chest_xray\train\PNEUMONIA\person348_bacteria_1601.jpeg,person348,PNEUMONIA,8.766585350036621,0.9998441694240899,0.9983376363395148
d:\Pneum Det\archive\chest_xray\chest_xray\train\PNEUMONIA\person348_bacteria_1602.jpeg,person348,PNEUMONIA,7.389614582061768,0.9993827472813905,0.9954720071666916
d:\Pneum Det\archive\chest_xray\chest_xray\train\PNEUMONIA\person348_bacteria_1603.jpeg,person348,PNEUMONIA,8.414499282836914,0.9997784186769066,0.9978516376615568
d:\Pneum Det\archive\chest_xray\chest_xray\train\PNEUMONIA\person348_bacteria_1604.jpeg,person348,PNEUMONIA,8.866162300109863,0.9998589369173764,0.9984539770662254
d:\Pneum Det\archive\chest_xray\chest_xray\train\PNEUMONIA\person348_virus_711.jpeg,person348,PNEUMONIA,8.44675064086914,0.9997854494567384,0.9979015084115191
d:\Pneum Det\archive\chest_xray\chest_xray\train\PNEUMONIA\person348_virus_714.jpeg,person348,PNEUMONIA,6.720851898193359,0.9987959407025716,0.9926441436965774
d:\Pneum Det\archive\chest_xray\chest_xray\train\PNEUMONIA\person348_virus_715.jpeg,person348,PNEUMONIA,11.03630542755127,0.9999838940458866,0.9996823656524864
d:\Pneum Det\archive\chest_xray\chest_xray\train\PNEUMONIA\person348_virus_716.jpeg,person348,PNEUMONIA,8.671751976013184,0.9998286707338628,0.9982187226358775
d:\Pneum Det\archive\chest_xray\chest_xray\train\PNEUMONIA\person348_virus_717.jpeg,person348,PNEUMONIA,11.859222412109375,0.9999929270257824,0.9998257519684908
d:\Pneum Det\archive\chest_xray\chest_xray\train\PNEUMONIA\person348_virus_719.jpeg,person348,PNEUMONIA,8.171875953674316,0.9997175921912561,0.9974365443804613
d:\Pneum Det\archive\chest_xray\chest_xray\train\PNEUMONIA\person348_virus_720.jpeg,person348,PNEUMONIA,6.992751598358154,0.9990823272317072,0.9939600889752533
d:\Pneum Det\archive\chest_xray\chest_xray\train\PNEUMONIA\person348_virus_721.jpeg,person348,PNEUMONIA,7.481037139892578,0.9994366450426332,0.9957630193731409
d:\Pneum Det\archive\chest_xray\chest_xray\train\PNEUMONIA\person348_virus_723.jpeg,person348,PNEUMONIA,8.911713600158691,0.9998652175272049,0.9985044515254842
d:\Pneum Det\archive\chest_xray\chest_xray\train\PNEUMONIA\person355_bacteria_1637.jpeg,person355,PNEUMONIA,10.168381690979004,0.999961637113173,0.9994017369349023
d:\Pneum Det\archive\chest_xray\chest_xray\train\PNEUMONIA\person355_virus_730.jpeg,person355,PNEUMONIA,9.364548683166504,0.9999142979994369,0.9989248769857734
d:\Pneum Det\archive\chest_xray\chest_xray\train\PNEUMONIA\person355_virus_731.jpeg,person355,PNEUMONIA,11.42318058013916,0.9999890611678708,0.9997604798253498
d:\Pneum Det\archive\chest_xray\chest_xray\train\PNEUMONIA\person35_bacteria_178.jpeg,person35,PNEUMONIA,3.267911672592163,0.9633114363562293,0.9156701914513443
d:\Pneum Det\archive\chest_xray\chest_xray\train\PNEUMONIA\person35_bacteria_180.jpeg,person35,PNEUMONIA,11.8008451461792,0.9999925018380769,0.9998181693284761
d:\Pneum Det\archive\chest_xray\chest_xray\train\PNEUMONIA\person35_bacteria_181.jpeg,person35,PNEUMONIA,9.593027114868164,0.9999318019997365,0.9990898476368438
d:\Pneum Det\archive\chest_xray\chest_xray\train\PNEUMONIA\person362_bacteria_1652.jpeg,person362,PNEUMONIA,-2.0548007488250732,0.11356819038131125,0.18248624949181433
d:\Pneum Det\archive\chest_xray\chest_xray\train\PNEUMONIA\person362_virus_741.jpeg,person362,PNEUMONIA,1.793101191520691,0.8573070709548036,0.7872795694360736
d:\Pneum Det\archive\chest_xray\chest_xray\train\PNEUMONIA\person367_bacteria_1665.jpeg,person367,PNEUMONIA,9.545391082763672,0.9999284749350094,0.9990576803194355
d:\Pneum Det\archive\chest_xray\chest_xray\train\PNEUMONIA\person367_virus_747.jpeg,person367,PNEUMONIA,7.0706915855407715,0.9991510759807815,0.9942921482577707
d:\Pneum Det\archive\chest_xray\chest_xray\train\PNEUMONIA\person370_bacteria_1687.jpeg,person370,PNEUMONIA,10.13242244720459,0.9999602325657458,0.9993858386359471
d:\Pneum Det\archive\chest_xray\chest_xray\train\PNEUMONIA\person370_bacteria_1688.jpeg,person370,PNEUMONIA,9.199507713317871,0.99989892106355,0.9987874272715679
d:\Pneum Det\archive\chest_xray\chest_xray\train\PNEUMONIA\person370_bacteria_1689.jpeg,person370,PNEUMONIA,11.29997730255127,0.9999876269479956,0.999737951702923
d:\Pneum Det\archive\chest_xray\chest_xray\train\PNEUMONIA\person370_bacteria_1690.jpeg,person370,PNEUMONIA,10.793877601623535,0.9999794756408538,0.9996209139805257
d:\Pneum Det\archive\chest_xray\chest_xray\train\PNEUMONIA\person370_bacteria_1691.jpeg,person370,PNEUMONIA,8.928794860839844,0.9998674999280727,0.9985229517927657
d:\Pneum Det\archive\chest_xray\chest_xray\train\PNEUMONIA\person370_bacteria_1692.jpeg,person370,PNEUMONIA,11.12460994720459,0.9999852552680077,0.9997021839285258
d:\Pneum Det\archive\chest_xray\chest_xray\train\PNEUMONIA\person370_virus_752.jpeg,person370,PNEUMONIA,9.506138801574707,0.9999256117971502,0.9990303225423024
d:\Pneum Det\archive\chest_xray\chest_xray\train\PNEUMONIA\person370_virus_753.jpeg,person370,PNEUMONIA,10.177783012390137,0.9999619960713115,0.9994058251865011
d:\Pneum Det\archive\chest_xray\chest_xray\train\PNEUMONIA\person372_bacteria_1704.jpeg,person372,PNEUMONIA,10.092835426330566,0.9999586267822369,0.9993678477329723
d:\Pneum Det\archive\chest_xray\chest_xray\train\PNEUMONIA\person372_bacteria_1705.jpeg,person372,PNEUMONIA,6.26161003112793,0.9980954630750889,0.9897453954266204
d:\Pneum Det\archive\chest_xray\chest_xray\train\PNEUMONIA\person372_bacteria_1706.jpeg,person372,PNEUMONIA,8.51876163482666,0.9998003533095693,0.9980087299774713
d:\Pneum Det\archive\chest_xray\chest_xray\train\PNEUMONIA\person372_virus_755.jpeg,person372,PNEUMONIA,6.786194324493408,0.9988720155884597,0.9929842859648695
d:\Pneum Det\archive\chest_xray\chest_xray\train\PNEUMONIA\person381_bacteria_1730.jpeg,person381,PNEUMONIA,3.5896172523498535,0.9731328759820453,0.932118819735471
d:\Pneum Det\archive\chest_xray\chest_xray\train\PNEUMONIA\person381_bacteria_1731.jpeg,person381,PNEUMONIA,10.941081047058105,0.9999822849989827,0.9996595144344248
d:\Pneum Det\archive\chest_xray\chest_xray\train\PNEUMONIA\person386_virus_771.jpeg,person386,PNEUMONIA,7.555855751037598,0.99947723506639,0.9959872633108535
d:\Pneum Det\archive\chest_xray\chest_xray\train\PNEUMONIA\person393_bacteria_1789.jpeg,person393,PNEUMONIA,6.967602252960205,0.999058977697963,0.9938488971501103
d:\Pneum Det\archive\chest_xray\chest_xray\train\PNEUMONIA\person393_virus_784.jpeg,person393,PNEUMONIA,6.167422771453857,0.9979077541260817,0.9890237345195351
d:\Pneum Det\archive\chest_xray\chest_xray\train\PNEUMONIA\person395_bacteria_1794.jpeg,person395,PNEUMONIA,7.277062892913818,0.9993092646939797,0.9950862795404691
d:\Pneum Det\archive\chest_xray\chest_xray\train\PNEUMONIA\person395_bacteria_1795.jpeg,person395,PNEUMONIA,6.693910121917725,0.9987631009363194,0.9924991764657246
d:\Pneum Det\archive\chest_xray\chest_xray\train\PNEUMONIA\person395_virus_788.jpeg,person395,PNEUMONIA,6.084401607513428,0.9977270509363025,0.988346125363428
d:\Pneum Det\archive\chest_xray\chest_xray\train\PNEUMONIA\person396_bacteria_1796.jpeg,person396,PNEUMONIA,5.8873419761657715,0.9972333345039288,0.9865678392225355
d:\Pneum Det\archive\chest_xray\chest_xray\train\PNEUMONIA\person396_virus_789.jpeg,person396,PNEUMONIA,7.002971172332764,0.9990916492232066,0.994004699455632
d:\Pneum Det\archive\chest_xray\chest_xray\train\PNEUMONIA\person40_bacteria_202.jpeg,person40,PNEUMONIA,7.69980525970459,0.9995472896642984,0.9963859847235043
d:\Pneum Det\archive\chest_xray\chest_xray\train\PNEUMONIA\person40_bacteria_203.jpeg,person40,PNEUMONIA,9.399972915649414,0.9999172805369612,0.9989522867492481
d:\Pneum Det\archive\chest_xray\chest_xray\train\PNEUMONIA\person40_bacteria_204.jpeg,person40,PNEUMONIA,8.896313667297363,0.9998631261077475,0.9984875740136893
d:\Pneum Det\archive\chest_xray\chest_xray\train\PNEUMONIA\person40_bacteria_205.jpeg,person40,PNEUMONIA,4.891097545623779,0.9925428549137192,0.972602437370601
d:\Pneum Det\archive\chest_xray\chest_xray\train\PNEUMONIA\person412_bacteria_1827.jpeg,person412,PNEUMONIA,3.577272653579712,0.972808230959597,0.931546561097687
d:\Pneum Det\archive\chest_xray\chest_xray\train\PNEUMONIA\person413_bacteria_1828.jpeg,person413,PNEUMONIA,9.740546226501465,0.999941155081413,0.9991826678833459
d:\Pneum Det\archive\chest_xray\chest_xray\train\PNEUMONIA\person413_bacteria_1829.jpeg,person413,PNEUMONIA,9.833475112915039,0.9999463767994553,0.9992362201110216
d:\Pneum Det\archive\chest_xray\chest_xray\train\PNEUMONIA\person413_bacteria_1830.jpeg,person413,PNEUMONIA,7.57614803314209,0.9994877308735998,0.9960460180343963
d:\Pneum Det\archive\chest_xray\chest_xray\train\PNEUMONIA\person413_bacteria_1831.jpeg,person413,PNEUMONIA,7.078695774078369,0.9991578381074684,0.9943252045594677
d:\Pneum Det\archive\chest_xray\chest_xray\train\PNEUMONIA\person413_bacteria_1832.jpeg,person413,PNEUMONIA,9.055459022521973,0.999883261686818,0.9986531930020908
d:\Pneum Det\archive\chest_xray\chest_xray\train\PNEUMONIA\person413_bacteria_1833.jpeg,person413,PNEUMONIA,9.75826358795166,0.9999421884168131,0.9991931595867856
d:\Pneum Det\archive\chest_xray\chest_xray\train\PNEUMONIA\person413_bacteria_1834.jpeg,person413,PNEUMONIA,7.800971508026123,0.9995908303768555,0.9966423357356861
d:\Pneum Det\archive\chest_xray\chest_xray\train\PNEUMONIA\person413_virus_844.jpeg,person413,PNEUMONIA,10.78558349609375,0.999979304705277,0.9996186132784637
d:\Pneum Det\archive\chest_xray\chest_xray\train\PNEUMONIA\person41_bacteria_206.jpeg,person41,PNEUMONIA,7.807597637176514,0.9995935315266345,0.9966584792299831
d:\Pneum Det\archive\chest_xray\chest_xray\train\PNEUMONIA\person41_bacteria_207.jpeg,person41,PNEUMONIA,11.864530563354492,0.9999929644704664,0.9998264255629523
d:\Pneum Det\archive\chest_xray\chest_xray\train\PNEUMONIA\person41_bacteria_208.jpeg,person41,PNEUMONIA,7.710037708282471,0.9995518963149107,0.9964127759091661
d:\Pneum Det\archive\chest_xray\chest_xray\train\PNEUMONIA\person41_bacteria_209.jpeg,person41,PNEUMONIA,8.159194946289062,0.9997139892035393,0.9974127721844306
d:\Pneum Det\archive\chest_xray\chest_xray\train\PNEUMONIA\person41_bacteria_210.jpeg,person41,PNEUMONIA,8.03343391418457,0.9996756730006217,0.9971647824931852
d:\Pneum Det\archive\chest_xray\chest_xray\train\PNEUMONIA\person41_bacteria_211.jpeg,person41,PNEUMONIA,10.7452974319458,0.9999784539699371,0.9996072382263479
d:\Pneum Det\archive\chest_xray\chest_xray\train\PNEUMONIA\person427_bacteria_1864.jpeg,person427,PNEUMONIA,10.714200019836426,0.9999777734324173,0.9995982262498793
d:\Pneum Det\archive\chest_xray\chest_xray\train\PNEUMONIA\person427_bacteria_1865.jpeg,person427,PNEUMONIA,8.183157920837402,0.9997207595167618,0.9974575106916409
d:\Pneum Det\archive\chest_xray\chest_xray\train\PNEUMONIA\person427_bacteria_1866.jpeg,person427,PNEUMONIA,9.566987037658691,0.9999300029204282,0.9990724018645135
d:\Pneum Det\archive\chest_xray\chest_xray\train\PNEUMONIA\person427_bacteria_1867.jpeg,person427,PNEUMONIA,9.843049049377441,0.9999468877076989,0.9992415340499682
d:\Pneum Det\archive\chest_xray\chest_xray\train\PNEUMONIA\person427_bacteria_1868.jpeg,person427,PNEUMONIA,10.643065452575684,0.9999761348021716,0.9995768267394703
d:\Pneum Det\archive\chest_xray\chest_xray\train\PNEUMONIA\person427_virus_875.jpeg,person427,PNEUMONIA,-1.3000470399856567,0.21415710031133087,0.2791314686135584
d:\Pneum Det\archive\chest_xray\chest_xray\train\PNEUMONIA\person433_bacteria_1874.jpeg,person433,PNEUMONIA,11.099383354187012,0.9999848785830158,0.9996966519240796
d:\Pneum Det\archive\chest_xray\chest_xray\train\PNEUMONIA\person433_bacteria_1875.jpeg,person433,PNEUMONIA,9.015830039978027,0.9998785431502318,0.9986137277595272
d:\Pneum Det\archive\chest_xray\chest_xray\train\PNEUMONIA\person433_bacteria_1876.jpeg,person433,PNEUMONIA,9.16545295715332,0.9998954199282046,0.9987569513381426
d:\Pneum Det\archive\chest_xray\chest_xray\train\PNEUMONIA\person433_virus_882.jpeg,person433,PNEUMONIA,10.294939041137695,0.9999661974003027,0.9994544896183425
d:\Pneum Det\archive\chest_xray\chest_xray\train\PNEUMONIA\person434_bacteria_1877.jpeg,person434,PNEUMONIA,6.9407877922058105,0.9990334280629113,0.9937281019683413
d:\Pneum Det\archive\chest_xray\chest_xray\train\PNEUMONIA\person434_virus_883.jpeg,person434,PNEUMONIA,8.6607084274292,0.9998267684941514,0.9982043341665087
d:\Pneum Det\archive\chest_xray\chest_xray\train\PNEUMONIA\person434_virus_884.jpeg,person434,PNEUMONIA,6.658902645111084,0.9987190898209415,0.992306566449175
d:\Pneum Det\archive\chest_xray\chest_xray\train\PNEUMONIA\person437_bacteria_1884.jpeg,person437,PNEUMONIA,8.80540943145752,0.9998501025763484,0.9983840013560059
d:\Pneum Det\archive\chest_xray\chest_xray\train\PNEUMONIA\person437_bacteria_1885.jpeg,person437,PNEUMONIA,8.201354026794434,0.9997257932766113,0.9974909663672819
d:\Pneum Det\archive\chest_xray\chest_xray\train\PNEUMONIA\person437_bacteria_1886.jpeg,person437,PNEUMONIA,6.514310359954834,0.9985201156563009,0.9914576621046818
d:\Pneum Det\archive\chest_xray\chest_xray\train\PNEUMONIA\person437_bacteria_1887.jpeg,person437,PNEUMONIA,7.977659225463867,0.999657076170917,0.9970473436415979
d:\Pneum Det\archive\chest_xray\chest_xray\train\PNEUMONIA\person437_bacteria_1888.jpeg,person437,PNEUMONIA,6.239919662475586,0.9980537829711995,0.9895834816353569
d:\Pneum Det\archive\chest_xray\chest_xray\train\PNEUMONIA\person437_virus_888.jpeg,person437,PNEUMONIA,6.161753177642822,0.997895883281609,0.9889787258733111
d:\Pneum Det\archive\chest_xray\chest_xray\train\PNEUMONIA\person446_bacteria_1931.jpeg,person446,PNEUMONIA,7.689375400543213,0.9995425454213359,0.9963584714911997
d:\Pneum Det\archive\chest_xray\chest_xray\train\PNEUMONIA\person446_virus_920.jpeg,person446,PNEUMONIA,9.54719066619873,0.9999286035254024,0.9990589159249902
d:\Pneum Det\archive\chest_xray\chest_xray\train\PNEUMONIA\person44_bacteria_218.jpeg,person44,PNEUMONIA,10.650347709655762,0.9999763079593071,0.9995790688215114
d:\Pneum Det\archive\chest_xray\chest_xray\train\PNEUMONIA\person44_bacteria_219.jpeg,person44,PNEUMONIA,6.941976547241211,0.9990345752888584,0.9937335067303936
d:\Pneum Det\archive\chest_xray\chest_xray\train\PNEUMONIA\person454_bacteria_1945.jpeg,person454,PNEUMONIA,10.758827209472656,0.9999787435135864,0.9996110957823738
d:\Pneum Det\archive\chest_xray\chest_xray\train\PNEUMONIA\person454_virus_938.jpeg,person454,PNEUMONIA,-3.1361591815948486,0.041640122309269265,0.0920574790244976
d:\Pneum Det\archive\chest_xray\chest_xray\train\PNEUMONIA\person459_bacteria_1956.jpeg,person459,PNEUMONIA,10.787657737731934,0.9999793475869437,0.9996191899579314
d:\Pneum Det\archive\chest_xray\chest_xray\train\PNEUMONIA\person459_bacteria_1957.jpeg,person459,PNEUMONIA,6.430112838745117,0.9983903263289726,0.9909212108372515
d:\Pneum Det\archive\chest_xray\chest_xray\train\PNEUMONIA\person459_virus_947.jpeg,person459,PNEUMONIA,9.540204048156738,0.9999281029948968,0.9990541097922282
d:\Pneum Det\archive\chest_xray\chest_xray\train\PNEUMONIA\person465_bacteria_1976.jpeg,person465,PNEUMONIA,6.969067573547363,0.9990603542928156,0.9938554311680197
d:\Pneum Det\archive\chest_xray\chest_xray\train\PNEUMONIA\person465_bacteria_1977.jpeg,person465,PNEUMONIA,8.077679634094238,0.9996897058924923,0.9972546234643532
d:\Pneum Det\archive\chest_xray\chest_xray\train\PNEUMONIA\person465_bacteria_1979.jpeg,person465,PNEUMONIA,12.290160179138184,0.9999954032672377,0.999872765920487
d:\Pneum Det\archive\chest_xray\chest_xray\train\PNEUMONIA\person465_bacteria_1980.jpeg,person465,PNEUMONIA,9.003959655761719,0.9998770929980554,0.9986016831767284
d:\Pneum Det\archive\chest_xray\chest_xray\train\PNEUMONIA\person465_bacteria_1981.jpeg,person465,PNEUMONIA,9.244433403015137,0.9999033611811969,0.998826493021104
d:\Pneum Det\archive\chest_xray\chest_xray\train\PNEUMONIA\person465_bacteria_1982.jpeg,person465,PNEUMONIA,12.367161750793457,0.9999957439370148,0.9998797179059963
d:\Pneum Det\archive\chest_xray\chest_xray\train\PNEUMONIA\person465_virus_957.jpeg,person465,PNEUMONIA,-0.41360828280448914,0.3980472390310834,0.42510500782295346
d:\Pneum Det\archive\chest_xray\chest_xray\train\PNEUMONIA\person469_bacteria_1992.jpeg,person469,PNEUMONIA,9.64589786529541,0.9999353137923844,0.9991242668584651
d:\Pneum Det\archive\chest_xray\chest_xray\train\PNEUMONIA\person469_bacteria_1993.jpeg,person469,PNEUMONIA,7.754524230957031,0.9995713856254955,0.9965269713596094
d:\Pneum Det\archive\chest_xray\chest_xray\train\PNEUMONIA\person469_bacteria_1994.jpeg,person469,PNEUMONIA,3.8215198516845703,0.9785745992179722,0.94207544136753
d:\Pneum Det\archive\chest_xray\chest_xray\train\PNEUMONIA\person469_bacteria_1995.jpeg,person469,PNEUMONIA,7.826079845428467,0.9996009719940023,0.9967031004906682
d:\Pneum Det\archive\chest_xray\chest_xray\train\PNEUMONIA\person469_virus_965.jpeg,person469,PNEUMONIA,8.499531745910645,0.9997964777635163,0.9979806443772159
d:\Pneum Det\archive\chest_xray\chest_xray\train\PNEUMONIA\person476_bacteria_2026.jpeg,person476,PNEUMONIA,3.0534067153930664,0.9549293764827232,0.9027688316048829
d:\Pneum Det\archive\chest_xray\chest_xray\train\PNEUMONIA\person476_virus_973.jpeg,person476,PNEUMONIA,10.774166107177734,0.9999790670699887,0.9996154233599674
d:\Pneum Det\archive\chest_xray\chest_xray\train\PNEUMONIA\person478_bacteria_2032.jpeg,person478,PNEUMONIA,9.006451606750488,0.9998773988574787,0.9986042203334015
d:\Pneum Det\archive\chest_xray\chest_xray\train\PNEUMONIA\person478_bacteria_2035.jpeg,person478,PNEUMONIA,12.604582786560059,0.9999966434139033,0.9998988515630385
d:\Pneum Det\archive\chest_xray\chest_xray\train\PNEUMONIA\person478_virus_975.jpeg,person478,PNEUMONIA,6.569730758666992,0.9985997884567054,0.9917934911196153
d:\Pneum Det\archive\chest_xray\chest_xray\train\PNEUMONIA\person482_bacteria_2043.jpeg,person482,PNEUMONIA,10.212607383728027,0.9999632967073041,0.9994207271147029
d:\Pneum Det\archive\chest_xray\chest_xray\train\PNEUMONIA\person482_bacteria_2044.jpeg,person482,PNEUMONIA,8.822449684143066,0.9998526348533168,0.9984039415477809
d:\Pneum Det\archive\chest_xray\chest_xray\train\PNEUMONIA\person482_bacteria_2045.jpeg,person482,PNEUMONIA,9.825665473937988,0.9999459564048219,0.9992318578934721
d:\Pneum Det\archive\chest_xray\chest_xray\train\PNEUMONIA\person482_virus_984.jpeg,person482,PNEUMONIA,5.510945796966553,0.9959739918655605,0.9823963123119218
d:\Pneum Det\archive\chest_xray\chest_xray\train\PNEUMONIA\person487_bacteria_2055.jpeg,person487,PNEUMONIA,9.73924732208252,0.9999410786023331,0.9991818933683468
d:\Pneum Det\archive\chest_xray\chest_xray\train\PNEUMONIA\person487_bacteria_2056.jpeg,person487,PNEUMONIA,10.284859657287598,0.9999658549797636,0.9994504642999501
d:\Pneum Det\archive\chest_xray\chest_xray\train\PNEUMONIA\person487_bacteria_2057.jpeg,person487,PNEUMONIA,9.809053421020508,0.9999450511810954,0.999222495950779
d:\Pneum Det\archive\chest_xray\chest_xray\train\PNEUMONIA\person487_bacteria_2058.jpeg,person487,PNEUMONIA,11.43809986114502,0.9999892231542576,0.9997630729809218
d:\Pneum Det\archive\chest_xray\chest_xray\train\PNEUMONIA\person487_bacteria_2059.jpeg,person487,PNEUMONIA,11.096756935119629,0.9999848388162409,0.9996960700979822
d:\Pneum Det\archive\chest_xray\chest_xray\train\PNEUMONIA\person487_bacteria_2060.jpeg,person487,PNEUMONIA,11.191615104675293,0.9999862108553362,0.9997163928636618
d:\Pneum Det\archive\chest_xray\chest_xray\train\PNEUMONIA\person487_virus_991.jpeg,person487,PNEUMONIA,12.415051460266113,0.9999959429543326,0.9998838486589849
d:\Pneum Det\archive\chest_xray\chest_xray\train\PNEUMONIA\person499_bacteria_2103.jpeg,person499,PNEUMONIA,10.012931823730469,0.9999551854027136,0.9993299140699338
d:\Pneum Det\archive\chest_xray\chest_xray\train\PNEUMONIA\person499_bacteria_2104.jpeg,person499,PNEUMONIA,4.642630577087402,0.9904595708255983,0.9673334055240606
d:\Pneum Det\archive\chest_xray\chest_xray\train\PNEUMONIA\person499_virus_1008.jpeg,person499,PNEUMONIA,4.049955368041992,0.9828752154764882,0.950530130339939
d:\Pneum Det\archive\chest_xray\chest_xray\train\PNEUMONIA\person49_bacteria_235.jpeg,person49,PNEUMONIA,8.071500778198242,0.9996877832949081,0.9972422499271195
d:\Pneum Det\archive\chest_xray\chest_xray\train\PNEUMONIA\person49_bacteria_236.jpeg,person49,PNEUMONIA,6.165838241577148,0.9979044432248112,0.9890111739010709
d:\Pneum Det\archive\chest_xray\chest_xray\train\PNEUMONIA\person49_bacteria_237.jpeg,person49,PNEUMONIA,10.365546226501465,0.9999685017234169,0.9994818731303317
d:\Pneum Det\archive\chest_xray\chest_xray\train\PNEUMONIA\person503_bacteria_2125.jpeg,person503,PNEUMONIA,10.037619590759277,0.9999562781820356,0.9993418711065334
d:\Pneum Det\archive\chest_xray\chest_xray\train\PNEUMONIA\person503_bacteria_2126.jpeg,person503,PNEUMONIA,6.303160190582275,0.9981728337838851,0.990048633564365
d:\Pneum Det\archive\chest_xray\chest_xray\train\PNEUMONIA\person503_virus_1013.jpeg,person503,PNEUMONIA,6.167002201080322,0.9979068758465933,0.9890204020296479
d:\Pneum Det\archive\chest_xray\chest_xray\train\PNEUMONIA\person505_bacteria_2135.jpeg,person505,PNEUMONIA,4.827840328216553,0.9920597637992727,0.9713450693797577
d:\Pneum Det\archive\chest_xray\chest_xray\train\PNEUMONIA\person505_virus_1017.jpeg,person505,PNEUMONIA,9.444540977478027,0.9999208859514995,0.9989857821683957
d:\Pneum Det\archive\chest_xray\chest_xray\train\PNEUMONIA\person506_bacteria_2136.jpeg,person506,PNEUMONIA,6.45808744430542,0.9984346627890373,0.9911030505220555
d:\Pneum Det\archive\chest_xray\chest_xray\train\PNEUMONIA\person506_bacteria_2138.jpeg,person506,PNEUMONIA,4.415414810180664,0.9880548728499468,0.9616674112439848
d:\Pneum Det\archive\chest_xray\chest_xray\train\PNEUMONIA\person506_virus_1018.jpeg,person506,PNEUMONIA,6.387150287628174,0.9983197823131646,0.9906347525128085
d:\Pneum Det\archive\chest_xray\chest_xray\train\PNEUMONIA\person512_bacteria_2154.jpeg,person512,PNEUMONIA,8.382116317749023,0.9997711274401457,0.9978003735508327
d:\Pneum Det\archive\chest_xray\chest_xray\train\PNEUMONIA\person512_bacteria_2155.jpeg,person512,PNEUMONIA,8.96385669708252,0.9998720645400987,0.9985602134960976
d:\Pneum Det\archive\chest_xray\chest_xray\train\PNEUMONIA\person512_virus_1029.jpeg,person512,PNEUMONIA,5.568019390106201,0.9961964869591825,0.9831023501526428
d:\Pneum Det\archive\chest_xray\chest_xray\train\PNEUMONIA\person514_bacteria_2184.jpeg,person514,PNEUMONIA,8.148681640625,0.9997109672964283,0.9973928970056289
d:\Pneum Det\archive\chest_xray\chest_xray\train\PNEUMONIA\person514_virus_1031.jpeg,person514,PNEUMONIA,6.274569034576416,0.9981199386420548,0.9898409403352436
d:\Pneum Det\archive\chest_xray\chest_xray\train\PNEUMONIA\person518_bacteria_2197.jpeg,person518,PNEUMONIA,7.481581211090088,0.9994369512919439,0.9957646942634856
d:\Pneum Det\archive\chest_xray\chest_xray\train\PNEUMONIA\person518_bacteria_2198.jpeg,person518,PNEUMONIA,8.34961223602295,0.9997635677111896,0.997747690312906
d:\Pneum Det\archive\chest_xray\chest_xray\train\PNEUMONIA\person518_bacteria_2199.jpeg,person518,PNEUMONIA,8.060586929321289,0.9996843582281836,0.9972202582524718
d:\Pneum Det\archive\chest_xray\chest_xray\train\PNEUMONIA\person518_bacteria_2200.jpeg,person518,PNEUMONIA,5.020998954772949,0.9934453149883774,0.9750185599269293
d:\Pneum Det\archive\chest_xray\chest_xray\train\PNEUMONIA\person518_virus_1036.jpeg,person518,PNEUMONIA,7.804689884185791,0.9995923483792064,0.9966514045059562
d:\Pneum Det\archive\chest_xray\chest_xray\train\PNEUMONIA\person521_virus_1040.jpeg,person521,PNEUMONIA,7.039823055267334,0.9991244855952102,0.9941628624437846
d:\Pneum Det\archive\chest_xray\chest_xray\train\PNEUMONIA\person530_bacteria_2231.jpeg,person530,PNEUMONIA,8.589652061462402,0.9998140137971007,0.9981089405391519
d:\Pneum Det\archive\chest_xray\chest_xray\train\PNEUMONIA\person530_bacteria_2233.jpeg,person530,PNEUMONIA,8.423985481262207,0.9997805102437515,0.9978664278380944
d:\Pneum Det\archive\chest_xray\chest_xray\train\PNEUMONIA\person530_virus_1052.jpeg,person530,PNEUMONIA,7.991063594818115,0.9996616406330415,0.9970760031477697
d:\Pneum Det\archive\chest_xray\chest_xray\train\PNEUMONIA\person531_bacteria_2235.jpeg,person531,PNEUMONIA,10.095768928527832,0.9999587479678193,0.9993691987876843
d:\Pneum Det\archive\chest_xray\chest_xray\train\PNEUMONIA\person531_bacteria_2236.jpeg,person531,PNEUMONIA,11.123010635375977,0.9999852316680651,0.9997018362251533
d:\Pneum Det\archive\chest_xray\chest_xray\train\PNEUMONIA\person531_bacteria_2237.jpeg,person531,PNEUMONIA,10.085164070129395,0.9999583081863098,0.9993643009254802
d:\Pneum Det\archive\chest_xray\chest_xray\train\PNEUMONIA\person531_bacteria_2238.jpeg,person531,PNEUMONIA,12.38241195678711,0.9999958083501747,0.999881049016675
d:\Pneum Det\archive\chest_xray\chest_xray\train\PNEUMONIA\person531_bacteria_2239.jpeg,person531,PNEUMONIA,9.886504173278809,0.9999491461654063,0.9992651928761584
d:\Pneum Det\archive\chest_xray\chest_xray\train\PNEUMONIA\person531_bacteria_2240.jpeg,person531,PNEUMONIA,10.944443702697754,0.999982344467337,0.9996603487002268
d:\Pneum Det\archive\chest_xray\chest_xray\train\PNEUMONIA\person531_bacteria_2241.jpeg,person531,PNEUMONIA,10.84447956085205,0.9999804883546397,0.9996346529970818
d:\Pneum Det\archive\chest_xray\chest_xray\train\PNEUMONIA\person531_bacteria_2242.jpeg,person531,PNEUMONIA,10.211546897888184,0.9999632577647666,0.9994202788774359
d:\Pneum Det\archive\chest_xray\chest_xray\train\PNEUMONIA\person531_virus_1053.jpeg,person531,PNEUMONIA,5.070159435272217,0.9937577913441592,0.9758777025761232
d:\Pneum Det\archive\chest_xray\chest_xray\train\PNEUMONIA\person536_bacteria_2257.jpeg,person536,PNEUMONIA,11.293726921081543,0.9999875493704714,0.9997367539476729
d:\Pneum Det\archive\chest_xray\chest_xray\train\PNEUMONIA\person536_bacteria_2258.jpeg,person536,PNEUMONIA,9.328302383422852,0.9999111349163516,0.9988960895775576
d:\Pneum Det\archive\chest_xray\chest_xray\train\PNEUMONIA\person536_bacteria_2259.jpeg,person536,PNEUMONIA,9.313029289245605,0.9999097673773351,0.9988837300434985
d:\Pneum Det\archive\chest_xray\chest_xray\train\PNEUMONIA\person536_bacteria_2260.jpeg,person536,PNEUMONIA,9.270393371582031,0.9999058374052534,0.9988484911444055
d:\Pneum Det\archive\chest_xray\chest_xray\train\PNEUMONIA\person536_virus_1064.jpeg,person536,PNEUMONIA,-0.7800728678703308,0.3143041815798494,0.36139907327880394
d:\Pneum Det\archive\chest_xray\chest_xray\train\PNEUMONIA\person536_virus_1065.jpeg,person536,PNEUMONIA,9.289198875427246,0.9999075914719096,0.998864168960846
d:\Pneum Det\archive\chest_xray\chest_xray\train\PNEUMONIA\person53_bacteria_252.jpeg,person53,PNEUMONIA,7.1303019523620605,0.9992001626070715,0.994533808520634
d:\Pneum Det\archive\chest_xray\chest_xray\train\PNEUMONIA\person53_bacteria_253.jpeg,person53,PNEUMONIA,10.194731712341309,0.9999626347368643,0.9994131250741934
d:\Pneum Det\archive\chest_xray\chest_xray\train\PNEUMONIA\person53_bacteria_254.jpeg,person53,PNEUMONIA,10.217598915100098,0.9999634794497885,0.9994228322457879
d:\Pneum Det\archive\chest_xray\chest_xray\train\PNEUMONIA\person53_bacteria_255.jpeg,person53,PNEUMONIA,8.458964347839355,0.9997880534243877,0.9979200915917122
d:\Pneum Det\archive\chest_xray\chest_xray\train\PNEUMONIA\person547_bacteria_2292.jpeg,person547,PNEUMONIA,8.843327522277832,0.9998556791848578,0.9984280378473276
d:\Pneum Det\archive\chest_xray\chest_xray\train\PNEUMONIA\person547_bacteria_2294.jpeg,person547,PNEUMONIA,7.411953449249268,0.9993963749051272,0.9955449018862477
d:\Pneum Det\archive\chest_xray\chest_xray\train\PNEUMONIA\person547_bacteria_2296.jpeg,person547,PNEUMONIA,10.032575607299805,0.9999560571025077,0.9993394456087247
d:\Pneum Det\archive\chest_xray\chest_xray\train\PNEUMONIA\person547_virus_1086.jpeg,person547,PNEUMONIA,5.9231085777282715,0.9973302804973808,0.9869093848658901
d:\Pneum Det\archive\chest_xray\chest_xray\train\PNEUMONIA\person552_bacteria_2313.jpeg,person552,PNEUMONIA,3.9776108264923096,0.9816140392761024,0.9479875890485451
d:\Pneum Det\archive\chest_xray\chest_xray\train\PNEUMONIA\person552_bacteria_2315.jpeg,person552,PNEUMONIA,0.5322231650352478,0.6300014804839963,0.595901394687028
d:\Pneum Det\archive\chest_xray\chest_xray\train\PNEUMONIA\person552_virus_1092.jpeg,person552,PNEUMONIA,6.397381782531738,0.9983368573599654,0.9907037741745641
d:\Pneum Det\archive\chest_xray\chest_xray\train\PNEUMONIA\person556_bacteria_2326.jpeg,person556,PNEUMONIA,10.28432559967041,0.9999658367401084,0.9994502501916505
d:\Pneum Det\archive\chest_xray\chest_xray\train\PNEUMONIA\person556_virus_1096.jpeg,person556,PNEUMONIA,3.779853582382202,0.9776833668968136,0.9403936177997972
d:\Pneum Det\archive\chest_xray\chest_xray\train\PNEUMONIA\person565_bacteria_2348.jpeg,person565,PNEUMONIA,9.343199729919434,0.9999124488430783,0.9989080133370247
d:\Pneum Det\archive\chest_xray\chest_xray\train\PNEUMONIA\person565_virus_1105.jpeg,person565,PNEUMONIA,6.087409496307373,0.9977338619726827,0.9883713822232872
d:\Pneum Det\archive\chest_xray\chest_xray\train\PNEUMONIA\person566_bacteria_2351.jpeg,person566,PNEUMONIA,8.90247631072998,0.9998639669045696,0.9984943506501819
d:\Pneum Det\archive\chest_xray\chest_xray\train\PNEUMONIA\person566_virus_1106.jpeg,person566,PNEUMONIA,10.4878568649292,0.9999721279102551,0.9995260972567866
d:\Pneum Det\archive\chest_xray\chest_xray\train\PNEUMONIA\person567_bacteria_2352.jpeg,person567,PNEUMONIA,7.860330104827881,0.9996144022294297,0.9967842260907269
d:\Pneum Det\archive\chest_xray\chest_xray\train\PNEUMONIA\person567_bacteria_2353.jpeg,person567,PNEUMONIA,10.481449127197266,0.9999719487448144,0.9995238769824523
d:\Pneum Det\archive\chest_xray\chest_xray\train\PNEUMONIA\person567_bacteria_2354.jpeg,person567,PNEUMONIA,9.519560813903809,0.9999266034930786,0.9990397654569497
d:\Pneum Det\archive\chest_xray\chest_xray\train\PNEUMONIA\person567_virus_1107.jpeg,person567,PNEUMONIA,8.42955493927002,0.9997817290188004,0.9978750639405201
d:\Pneum Det\archive\chest_xray\chest_xray\train\PNEUMONIA\person574_bacteria_2370.jpeg,person574,PNEUMONIA,11.068968772888184,0.999984411613271,0.9996898454708849
d:\Pneum Det\archive\chest_xray\chest_xray\train\PNEUMONIA\person574_bacteria_2371.jpeg,person574,PNEUMONIA,8.64477252960205,0.9998239862707425,0.9981833667985356
d:\Pneum Det\archive\chest_xray\chest_xray\train\PNEUMONIA\person574_bacteria_2372.jpeg,person574,PNEUMONIA,7.662744998931885,0.9995302053642474,0.9962872720257929
d:\Pneum Det\archive\chest_xray\chest_xray\train\PNEUMONIA\person574_bacteria_2373.jpeg,person574,PNEUMONIA,8.714242935180664,0.999835797010007,0.9982730182519954
d:\Pneum Det\archive\chest_xray\chest_xray\train\PNEUMONIA\person574_virus_1118.jpeg,person574,PNEUMONIA,8.154051780700684,0.9997125148373393,0.9974030680936412
d:\Pneum Det\archive\chest_xray\chest_xray\train\PNEUMONIA\person579_bacteria_2381.jpeg,person579,PNEUMONIA,1.3346492052078247,0.7916086279942557,0.7259213452380873
d:\Pneum Det\archive\chest_xray\chest_xray\train\PNEUMONIA\person579_bacteria_2382.jpeg,person579,PNEUMONIA,8.055156707763672,0.999682640106718,0.9972092511555516
d:\Pneum Det\archive\chest_xray\chest_xray\train\PNEUMONIA\person579_bacteria_2383.jpeg,person579,PNEUMONIA,9.038773536682129,0.9998812977434482,0.998636715085195
d:\Pneum Det\archive\chest_xray\chest_xray\train\PNEUMONIA\person579_bacteria_2384.jpeg,person579,PNEUMONIA,8.366500854492188,0.9997675262762011,0.9977752189648442
d:\Pneum Det\archive\chest_xray\chest_xray\train\PNEUMONIA\person579_bacteria_2386.jpeg,person579,PNEUMONIA,5.02695894241333,0.9934840108494616,0.9751242860485106
d:\Pneum Det\archive\chest_xray\chest_xray\train\PNEUMONIA\person579_virus_1123.jpeg,person579,PNEUMONIA,4.350133895874023,0.9872593348336836,0.959872025505212
d:\Pneum Det\archive\chest_xray\chest_xray\train\PNEUMONIA\person582_bacteria_2403.jpeg,person582,PNEUMONIA,7.4047322273254395,0.9993920028778728,0.9955214667689194
d:\Pneum Det\archive\chest_xray\chest_xray\train\PNEUMONIA\person582_bacteria_2404.jpeg,person582,PNEUMONIA,7.194403648376465,0.9992497875631167,0.994782331890826
d:\Pneum Det\archive\chest_xray\chest_xray\train\PNEUMONIA\person582_bacteria_2405.jpeg,person582,PNEUMONIA,12.08802318572998,0.9999943735328218,0.9998525442956232
d:\Pneum Det\archive\chest_xray\chest_xray\train\PNEUMONIA\person589_bacteria_2424.jpeg,person589,PNEUMONIA,8.125664710998535,0.9997042394889025,0.9973488507474664
d:\Pneum Det\archive\chest_xray\chest_xray\train\PNEUMONIA\person589_bacteria_2425.jpeg,person589,PNEUMONIA,8.357768058776855,0.9997654877185577,0.9977610265784591
d:\Pneum Det\archive\chest_xray\chest_xray\train\PNEUMONIA\person598_bacteria_2453.jpeg,person598,PNEUMONIA,12.768692970275879,0.9999971514367648,0.9999102675046229
d:\Pneum Det\archive\chest_xray\chest_xray\train\PNEUMONIA\person598_bacteria_2454.jpeg,person598,PNEUMONIA,10.13879108428955,0.9999604850153613,0.9993886847887256
d:\Pneum Det\archive\chest_xray\chest_xray\train\PNEUMONIA\person598_virus_1151.jpeg,person598,PNEUMONIA,7.330257892608643,0.999345024732423,0.9952724986169578
d:\Pneum Det\archive\chest_xray\chest_xray\train\PNEUMONIA\person598_virus_1153.jpeg,person598,PNEUMONIA,6.4250807762146,0.9983822190733959,0.9908881129758569
d:\Pneum Det\archive\chest_xray\chest_xray\train\PNEUMONIA\person598_virus_1154.jpeg,person598,PNEUMONIA,6.974964141845703,0.9990658735139797,0.9938816549281245
d:\Pneum Det\archive\chest_xray\chest_xray\train\PNEUMONIA\person601_bacteria_2459.jpeg,person601,PNEUMONIA,6.917459964752197,0.9990106375547038,0.9936210980094164
d:\Pneum Det\archive\chest_xray\chest_xray\train\PNEUMONIA\person602_bacteria_2460.jpeg,person602,PNEUMONIA,4.645199298858643,0.9904838131740585,0.9673925917070697
d:\Pneum Det\archive\chest_xray\chest_xray\train\PNEUMONIA\person609_bacteria_2474.jpeg,person609,PNEUMONIA,7.270747661590576,0.9993048917794577,0.9950636927026674
d:\Pneum Det\archive\chest_xray\chest_xray\train\PNEUMONIA\person609_virus_1176.jpeg,person609,PNEUMONIA,9.94176959991455,0.9999518802431965,0.9992942194130348
d:\Pneum Det\archive\chest_xray\chest_xray\train\PNEUMONIA\person615_virus_1184.jpeg,person615,PNEUMONIA,7.870692253112793,0.9996183757034628,0.9968083756690649
d:\Pneum Det\archive\chest_xray\chest_xray\train\PNEUMONIA\person618_bacteria_2489.jpeg,person618,PNEUMONIA,1.8850141763687134,0.8681860042256716,0.7982967301281765
d:\Pneum Det\archive\chest_xray\chest_xray\train\PNEUMONIA\person618_virus_1189.jpeg,person618,PNEUMONIA,5.342335224151611,0.9952380998455089,0.9801370156344601
d:\Pneum Det\archive\chest_xray\chest_xray\train\PNEUMONIA\person624_bacteria_2497.jpeg,person624,PNEUMONIA,1.3826651573181152,0.7994186951275962,0.7328378270270915
d:\Pneum Det\archive\chest_xray\chest_xray\train\PNEUMONIA\person624_virus_1198.jpeg,person624,PNEUMONIA,10.076661109924316,0.9999579521859998,0.9993603463880263
d:\Pneum Det\archive\chest_xray\chest_xray\train\PNEUMONIA\person625_bacteria_2499.jpeg,person625,PNEUMONIA,11.056389808654785,0.9999842142921617,0.9996869860000498
d:\Pneum Det\archive\chest_xray\chest_xray\train\PNEUMONIA\person625_bacteria_2500.jpeg,person625,PNEUMONIA,9.734033584594727,0.9999407706176505,0.9991787771172959
d:\Pneum Det\archive\chest_xray\chest_xray\train\PNEUMONIA\person625_virus_1199.jpeg,person625,PNEUMONIA,6.093765735626221,0.9977481880746547,0.9884245769549226
d:\Pneum Det\archive\chest_xray\chest_xray\train\PNEUMONIA\person627_virus_1204.jpeg,person627,PNEUMONIA,7.978639602661133,0.9996574120857548,0.9970494492185054
d:\Pneum Det\archive\chest_xray\chest_xray\train\PNEUMONIA\person637_bacteria_2528.jpeg,person637,PNEUMONIA,8.430187225341797,0.9997818669547851,0.9978760421672821
d:\Pneum Det\archive\chest_xray\chest_xray\train\PNEUMONIA\person637_bacteria_2529.jpeg,person637,PNEUMONIA,9.588913917541504,0.9999315209294609,0.9990871139254626
d:\Pneum Det\archive\chest_xray\chest_xray\train\PNEUMONIA\person637_virus_1218.jpeg,person637,PNEUMONIA,7.205113410949707,0.9992577733573927,0.994822743816496
d:\Pneum Det\archive\chest_xray\chest_xray\train\PNEUMONIA\person644_bacteria_2536.jpeg,person644,PNEUMONIA,10.005847930908203,0.9999548668281961,0.9993264432137712
d:\Pneum Det\archive\chest_xray\chest_xray\train\PNEUMONIA\person644_virus_1225.jpeg,person644,PNEUMONIA,10.514311790466309,0.9999728555766798,0.99953515482945
d:\Pneum Det\archive\chest_xray\chest_xray\train\PNEUMONIA\person652_bacteria_2544.jpeg,person652,PNEUMONIA,7.417211055755615,0.9993995382994859,0.9955618876213442
d:\Pneum Det\archive\chest_xray\chest_xray\train\PNEUMONIA\person652_virus_1234.jpeg,person652,PNEUMONIA,9.748005867004395,0.9999415923846221,0.9991871017774769
d:\Pneum Det\archive\chest_xray\chest_xray\train\PNEUMONIA\person658_bacteria_2550.jpeg,person658,PNEUMONIA,8.622050285339355,0.9998199417880733,0.9981530470825718
d:\Pneum Det\archive\chest_xray\chest_xray\train\PNEUMONIA\person658_virus_1241.jpeg,person658,PNEUMONIA,8.864667892456055,0.9998587259838363,0.9984522926367223
d:\Pneum Det\archive\chest_xray\chest_xray\train\PNEUMONIA\person65_bacteria_322.jpeg,person65,PNEUMONIA,7.810532569885254,0.999594722252568,0.9966656049772739
d:\Pneum Det\archive\chest_xray\chest_xray\train\PNEUMONIA\person663_bacteria_2555.jpeg,person663,PNEUMONIA,8.875319480895996,0.9998602225814569,0.9984642587332876
d:\Pneum Det\archive\chest_xray\chest_xray\train\PNEUMONIA\person663_virus_1247.jpeg,person663,PNEUMONIA,8.336943626403809,0.9997605541112706,0.9977268174723605
d:\Pneum Det\archive\chest_xray\chest_xray\train\PNEUMONIA\person663_virus_1248.jpeg,person663,PNEUMONIA,4.648427486419678,0.9905141927438014,0.9674668257817802
d:\Pneum Det\archive\chest_xray\chest_xray\train\PNEUMONIA\person666_bacteria_2558.jpeg,person666,PNEUMONIA,7.698995113372803,0.9995469229203137,0.9963838550541141
d:\Pneum Det\archive\chest_xray\chest_xray\train\PNEUMONIA\person666_virus_1251.jpeg,person666,PNEUMONIA,8.732333183288574,0.9998387403011179,0.9982956298585897
d:\Pneum Det\archive\chest_xray\chest_xray\train\PNEUMONIA\person671_bacteria_2564.jpeg,person671,PNEUMONIA,8.60727596282959,0.9998172622909683,0.9981330623219726
d:\Pneum Det\archive\chest_xray\chest_xray\train\PNEUMONIA\person671_virus_1260.jpeg,person671,PNEUMONIA,4.693845272064209,0.9909315604979912,0.9684940739264604
d:\Pneum Det\archive\chest_xray\chest_xray\train\PNEUMONIA\person677_bacteria_2571.jpeg,person677,PNEUMONIA,8.438262939453125,0.9997836210613631,0.9978884968692705
d:\Pneum Det\archive\chest_xray\chest_xray\train\PNEUMONIA\person677_virus_1268.jpeg,person677,PNEUMONIA,10.497458457946777,0.9999723942386949,0.9995294048419614
d:\Pneum Det\archive\chest_xray\chest_xray\train\PNEUMONIA\person680_bacteria_2575.jpeg,person680,PNEUMONIA,7.545657634735107,0.9994718794018957,0.9959574079594274
d:\Pneum Det\archive\chest_xray\chest_xray\train\PNEUMONIA\person682_virus_1273.jpeg,person682,PNEUMONIA,11.05879020690918,0.9999842521381096,0.9996875336898532
d:\Pneum Det\archive\chest_xray\chest_xray\train\PNEUMONIA\person684_bacteria_2580.jpeg,person684,PNEUMONIA,12.090367317199707,0.9999943867064802,0.9998527963021785
d:\Pneum Det\archive\chest_xray\chest_xray\train\PNEUMONIA\person684_virus_1275.jpeg,person684,PNEUMONIA,8.19513988494873,0.9997240844834432,0.9974795906058601
d:\Pneum Det\archive\chest_xray\chest_xray\train\PNEUMONIA\person691_bacteria_2588.jpeg,person691,PNEUMONIA,10.293925285339355,0.999966163116506,0.9994540860997568
d:\Pneum Det\archive\chest_xray\chest_xray\train\PNEUMONIA\person6_bacteria_22.jpeg,person6,PNEUMONIA,10.115988731384277,0.9999595736661969,0.9993784330604
d:\Pneum Det\archive\chest_xray\chest_xray\train\PNEUMONIA\person701_bacteria_2600.jpeg,person701,PNEUMONIA,0.8560537695884705,0.7018355148851562,0.6512975795427396
d:\Pneum Det\archive\chest_xray\chest_xray\train\PNEUMONIA\person701_virus_1297.jpeg,person701,PNEUMONIA,10.435347557067871,0.9999706253039325,0.999507593359608
d:\Pneum Det\archive\chest_xray\chest_xray\train\PNEUMONIA\person702_bacteria_2601.jpeg,person702,PNEUMONIA,8.775225639343262,0.999845509838218,0.9983480684318178
d:\Pneum Det\archive\chest_xray\chest_xray\train\PNEUMONIA\person702_virus_1299.jpeg,person702,PNEUMONIA,-4.4257426261901855,0.01182384611010761,0.03805570685873595
d:\Pneum Det\archive\chest_xray\chest_xray\train\PNEUMONIA\person711_bacteria_2612.jpeg,person711,PNEUMONIA,7.899209976196289,0.9996291010646533,0.9968739085143548
d:\Pneum Det\archive\chest_xray\chest_xray\train\PNEUMONIA\person711_virus_1309.jpeg,person711,PNEUMONIA,8.957268714904785,0.9998712190300658,0.9985532845072851
d:\Pneum Det\archive\chest_xray\chest_xray\train\PNEUMONIA\person713_bacteria_2614.jpeg,person713,PNEUMONIA,9.419825553894043,0.9999189064110202,0.9989673414902143
d:\Pneum Det\archive\chest_xray\chest_xray\train\PNEUMONIA\person725_bacteria_2627.jpeg,person725,PNEUMONIA,10.839505195617676,0.9999803910566956,0.9996333247583207
d:\Pneum Det\archive\chest_xray\chest_xray\train\PNEUMONIA\person726_bacteria_2628.jpeg,person726,PNEUMONIA,8.374174118041992,0.9997693028719665,0.9977876153114935
d:\Pneum Det\archive\chest_xray\chest_xray\train\PNEUMONIA\person728_bacteria_2630.jpeg,person728,PNEUMONIA,9.21353816986084,0.9999003292042952,0.9987997651397366
d:\Pneum Det\archive\chest_xray\chest_xray\train\PNEUMONIA\person731_bacteria_2633.jpeg,person731,PNEUMONIA,8.386419296264648,0.9997721099340787,0.9978072551075899
d:\Pneum Det\archive\chest_xray\chest_xray\train\PNEUMONIA\person731_virus_1352.jpeg,person731,PNEUMONIA,5.713267803192139,0.9967090013823363,0.9847759978110792
d:\Pneum Det\archive\chest_xray\chest_xray\train\PNEUMONIA\person732_bacteria_2634.jpeg,person732,PNEUMONIA,7.738988399505615,0.9995646776716751,0.9964875090285409
d:\Pneum Det\archive\chest_xray\chest_xray\train\PNEUMONIA\person732_virus_1353.jpeg,person732,PNEUMONIA,4.697899341583252,0.9909679187766756,0.9685842273424983
d:\Pneum Det\archive\chest_xray\chest_xray\train\PNEUMONIA\person741_bacteria_2644.jpeg,person741,PNEUMONIA,9.347612380981445,0.9999128342910597,0.9989115204398491
d:\Pneum Det\archive\chest_xray\chest_xray\train\PNEUMONIA\person741_virus_1364.jpeg,person741,PNEUMONIA,9.355692863464355,0.9999135357333311,0.9989179135342199
d:\Pneum Det\archive\chest_xray\chest_xray\train\PNEUMONIA\person749_bacteria_2652.jpeg,person749,PNEUMONIA,8.217265129089355,0.9997301205135257,0.9975198607157353
d:\Pneum Det\archive\chest_xray\chest_xray\train\PNEUMONIA\person749_virus_1374.jpeg,person749,PNEUMONIA,8.612226486206055,0.99981816453863,0.9981397826685126
d:\Pneum Det\archive\chest_xray\chest_xray\train\PNEUMONIA\person754_virus_1379.jpeg,person754,PNEUMONIA,9.9865083694458,0.9999539855180024,0.9993168757650929
d:\Pneum Det\archive\chest_xray\chest_xray\train\PNEUMONIA\person757_bacteria_2661.jpeg,person757,PNEUMONIA,9.068886756896973,0.9998848185612873,0.998666309139427
d:\Pneum Det\archive\chest_xray\chest_xray\train\PNEUMONIA\person757_virus_1385.jpeg,person757,PNEUMONIA,6.36931848526001,0.9982896039817759,0.9905132438089062
d:\Pneum Det\archive\chest_xray\chest_xray\train\PNEUMONIA\person760_bacteria_2664.jpeg,person760,PNEUMONIA,9.063060760498047,0.9998841456340514,0.9986606340779125
d:\Pneum Det\archive\chest_xray\chest_xray\train\PNEUMONIA\person760_virus_1388.jpeg,person760,PNEUMONIA,9.689388275146484,0.9999380665545831,0.9991516023234249
d:\Pneum Det\archive\chest_xray\chest_xray\train\PNEUMONIA\person772_virus_1401.jpeg,person772,PNEUMONIA,8.948914527893066,0.9998701388035472,0.9985444499868245
d:\Pneum Det\archive\chest_xray\chest_xray\train\PNEUMONIA\person773_virus_1402.jpeg,person773,PNEUMONIA,7.498083114624023,0.999446161320981,0.9958151823272308
d:\Pneum Det\archive\chest_xray\chest_xray\train\PNEUMONIA\person775_bacteria_2679.jpeg,person775,PNEUMONIA,7.807861328125,0.9995936386510127,0.9966591200674639
d:\Pneum Det\archive\chest_xray\chest_xray\train\PNEUMONIA\person775_virus_1404.jpeg,person775,PNEUMONIA,7.263769626617432,0.9993000277341907,0.9950386151454221
d:\Pneum Det\archive\chest_xray\chest_xray\train\PNEUMONIA\person781_virus_1412.jpeg,person781,PNEUMONIA,-5.5902533531188965,0.0037201902093960924,0.016630198387971976
d:\Pneum Det\archive\chest_xray\chest_xray\train\PNEUMONIA\person789_bacteria_2694.jpeg,person789,PNEUMONIA,9.683621406555176,0.9999377083830188,0.9991480272312804
d:\Pneum Det\archive\chest_xray\chest_xray\train\PNEUMONIA\person789_virus_1420.jpeg,person789,PNEUMONIA,10.42505168914795,0.9999703213126762,0.9995038813622621
d:\Pneum Det\archive\chest_xray\chest_xray\train\PNEUMONIA\person797_virus_1429.jpeg,person797,PNEUMONIA,8.997523307800293,0.999876299472717,0.9985951087394774
d:\Pneum Det\archive\chest_xray\chest_xray\train\PNEUMONIA\person798_virus_1430.jpeg,person798,PNEUMONIA,1.2438892126083374,0.776240262410346,0.7125477013660044
d:\Pneum Det\archive\chest_xray\chest_xray\train\PNEUMONIA\person801_virus_1434.jpeg,person801,PNEUMONIA,5.958570957183838,0.9974230563829151,0.9872395615434791
d:\Pneum Det\archive\chest_xray\chest_xray\train\PNEUMONIA\person81_virus_152.jpeg,person81,PNEUMONIA,2.6974024772644043,0.9368731959624307,0.8774567270408101
d:\Pneum Det\archive\chest_xray\chest_xray\train\PNEUMONIA\person81_virus_153.jpeg,person81,PNEUMONIA,-2.863699436187744,0.05397748079325279,0.11007973628656638
d:\Pneum Det\archive\chest_xray\chest_xray\train\PNEUMONIA\person820_bacteria_2731.jpeg,person820,PNEUMONIA,9.021470069885254,0.9998792261598566,0.9986194141948882
d:\Pneum Det\archive\chest_xray\chest_xray\train\PNEUMONIA\person820_virus_1456.jpeg,person820,PNEUMONIA,7.149441242218018,0.9992153134637287,0.9946092199637699
d:\Pneum Det\archive\chest_xray\chest_xray\train\PNEUMONIA\person82_virus_154.jpeg,person82,PNEUMONIA,7.083923816680908,0.9991622257976104,0.9943466928851175
d:\Pneum Det\archive\chest_xray\chest_xray\train\PNEUMONIA\person82_virus_155.jpeg,person82,PNEUMONIA,7.564781188964844,0.999481877804788,0.9960132125885732
d:\Pneum Det\archive\chest_xray\chest_xray\train\PNEUMONIA\person830_bacteria_2741.jpeg,person830,PNEUMONIA,8.413076400756836,0.9997781032384105,0.9978494104031123
d:\Pneum Det\archive\chest_xray\chest_xray\train\PNEUMONIA\person830_virus_1466.jpeg,person830,PNEUMONIA,10.435317039489746,0.9999706244075006,0.9995075823981443
d:\Pneum Det\archive\chest_xray\chest_xray\train\PNEUMONIA\person839_bacteria_2757.jpeg,person839,PNEUMONIA,8.225624084472656,0.9997323664205591,0.9975349072277668
d:\Pneum Det\archive\chest_xray\chest_xray\train\PNEUMONIA\person844_virus_1487.jpeg,person844,PNEUMONIA,4.627756595611572,0.9903179902531157,0.9669886466898154
d:\Pneum Det\archive\chest_xray\chest_xray\train\PNEUMONIA\person847_bacteria_2767.jpeg,person847,PNEUMONIA,5.106932163238525,0.9939818088407446,0.9765014468611608
d:\Pneum Det\archive\chest_xray\chest_xray\train\PNEUMONIA\person847_virus_1492.jpeg,person847,PNEUMONIA,11.942898750305176,0.9999934947775873,0.9998360726877585
d:\Pneum Det\archive\chest_xray\chest_xray\train\PNEUMONIA\person849_bacteria_2770.jpeg,person849,PNEUMONIA,8.459500312805176,0.9997881669658335,0.9979209032915488
d:\Pneum Det\archive\chest_xray\chest_xray\train\PNEUMONIA\person849_virus_1494.jpeg,person849,PNEUMONIA,9.617817878723145,0.9999334717846394,0.9991061517257284
d:\Pneum Det\archive\chest_xray\chest_xray\train\PNEUMONIA\person84_virus_157.jpeg,person84,PNEUMONIA,4.9146037101745605,0.9927148375404069,0.9730558726923841
d:\Pneum Det\archive\chest_xray\chest_xray\train\PNEUMONIA\person858_bacteria_2780.jpeg,person858,PNEUMONIA,8.139623641967773,0.9997083381125798,0.9973756509767325
d:\Pneum Det\archive\chest_xray\chest_xray\train\PNEUMONIA\person859_virus_1504.jpeg,person859,PNEUMONIA,8.380420684814453,0.9997707391161333,0.9977976558874874
d:\Pneum Det\archive\chest_xray\chest_xray\train\PNEUMONIA\person86_virus_159.jpeg,person86,PNEUMONIA,-1.8612700700759888,0.13455508361682508,0.20450790617051157
d:\Pneum Det\archive\chest_xray\chest_xray\train\PNEUMONIA\person870_bacteria_2792.jpeg,person870,PNEUMONIA,10.005314826965332,0.9999548427621964,0.9993261812860154
d:\Pneum Det\archive\chest_xray\chest_xray\train\PNEUMONIA\person870_virus_1516.jpeg,person870,PNEUMONIA,4.70690393447876,0.9910481591279302,0.9687835772524
d:\Pneum Det\archive\chest_xray\chest_xray\train\PNEUMONIA\person872_bacteria_2795.jpeg,person872,PNEUMONIA,7.934084415435791,0.9996418084544267,0.996952228383861
d:\Pneum Det\archive\chest_xray\chest_xray\train\PNEUMONIA\person874_bacteria_2797.jpeg,person874,PNEUMONIA,9.116353034973145,0.9998901574832094,0.9987116598063599
d:\Pneum Det\archive\chest_xray\chest_xray\train\PNEUMONIA\person887_bacteria_2811.jpeg,person887,PNEUMONIA,10.962470054626465,0.9999826598752953,0.9996647862741844
d:\Pneum Det\archive\chest_xray\chest_xray\train\PNEUMONIA\person897_bacteria_2822.jpeg,person897,PNEUMONIA,8.030416488647461,0.9996746932089264,0.9971585498955354
d:\Pneum Det\archive\chest_xray\chest_xray\train\PNEUMONIA\person898_bacteria_2823.jpeg,person898,PNEUMONIA,7.697211742401123,0.9995461145619563,0.9963791626169267
d:\Pneum Det\archive\chest_xray\chest_xray\train\PNEUMONIA\person898_virus_1552.jpeg,person898,PNEUMONIA,4.31800651550293,0.9868488348920592,0.9589591162555522
d:\Pneum Det\archive\chest_xray\chest_xray\train\PNEUMONIA\person89_virus_168.jpeg,person89,PNEUMONIA,7.23899507522583,0.9992824822346233,0.9949485524299521
d:\Pneum Det\archive\chest_xray\chest_xray\train\PNEUMONIA\person907_bacteria_2832.jpeg,person907,PNEUMONIA,11.501975059509277,0.9999898899964074,0.9997738616793854
d:\Pneum Det\archive\chest_xray\chest_xray\train\PNEUMONIA\person907_virus_1563.jpeg,person907,PNEUMONIA,6.31925630569458,0.9982019561732333,0.9901637046291163
d:\Pneum Det\archive\chest_xray\chest_xray\train\PNEUMONIA\person913_bacteria_2838.jpeg,person913,PNEUMONIA,10.091202735900879,0.9999585591802079,0.9993670945282804
d:\Pneum Det\archive\chest_xray\chest_xray\train\PNEUMONIA\person913_virus_1570.jpeg,person913,PNEUMONIA,8.899571418762207,0.9998635712226062,0.9984911601252572
d:\Pneum Det\archive\chest_xray\chest_xray\train\PNEUMONIA\person914_bacteria_2839.jpeg,person914,PNEUMONIA,7.2310614585876465,0.9992767712161694,0.9949193689898519
d:\Pneum Det\archive\chest_xray\chest_xray\train\PNEUMONIA\person914_virus_1571.jpeg,person914,PNEUMONIA,4.897924900054932,0.992593218268089,0.9727348962341105
d:\Pneum Det\archive\chest_xray\chest_xray\train\PNEUMONIA\person918_bacteria_2843.jpeg,person918,PNEUMONIA,9.957039833068848,0.9999526094267092,0.9993020356572653
d:\Pneum Det\archive\chest_xray\chest_xray\train\PNEUMONIA\person918_virus_1575.jpeg,person918,PNEUMONIA,10.706292152404785,0.999977596974823,0.9995959017856928
d:\Pneum Det\archive\chest_xray\chest_xray\train\PNEUMONIA\person924_bacteria_2849.jpeg,person924,PNEUMONIA,7.258225917816162,0.999296139254731,0.9950186019232952
d:\Pneum Det\archive\chest_xray\chest_xray\train\PNEUMONIA\person924_virus_1581.jpeg,person924,PNEUMONIA,7.40095853805542,0.9993897055539446,0.9955091711885805
d:\Pneum Det\archive\chest_xray\chest_xray\train\PNEUMONIA\person927_bacteria_2852.jpeg,person927,PNEUMONIA,7.489743232727051,0.999441525647758,0.9957897415676509
d:\Pneum Det\archive\chest_xray\chest_xray\train\PNEUMONIA\person927_virus_1584.jpeg,person927,PNEUMONIA,6.669854640960693,0.9987330241265968,0.9923673456733277
d:\Pneum Det\archive\chest_xray\chest_xray\train\PNEUMONIA\person932_virus_1593.jpeg,person932,PNEUMONIA,8.440556526184082,0.9997841166695087,0.9978920208269454
d:\Pneum Det\archive\chest_xray\chest_xray\train\PNEUMONIA\person936_bacteria_2861.jpeg,person936,PNEUMONIA,12.336874961853027,0.9999956130632295,0.9998770300068389
d:\Pneum Det\archive\chest_xray\chest_xray\train\PNEUMONIA\person936_virus_1598.jpeg,person936,PNEUMONIA,7.830482482910156,0.9996027242117133,0.9967136418151473
d:\Pneum Det\archive\chest_xray\chest_xray\train\PNEUMONIA\person93_virus_175.jpeg,person93,PNEUMONIA,5.232315540313721,0.9946872329105564,0.9785120781591977
d:\Pneum Det\archive\chest_xray\chest_xray\train\PNEUMONIA\person943_bacteria_2868.jpeg,person943,PNEUMONIA,9.567488670349121,0.9999300380219902,0.9990727410732069
d:\Pneum Det\archive\chest_xray\chest_xray\train\PNEUMONIA\person952_bacteria_2877.jpeg,person952,PNEUMONIA,8.509064674377441,0.9997984083187745,0.9979946164601573
d:\Pneum Det\archive\chest_xray\chest_xray\train\PNEUMONIA\person952_virus_1623.jpeg,person952,PNEUMONIA,10.9959077835083,0.9999832300934325,0.9996728647958562
d:\Pneum Det\archive\chest_xray\chest_xray\train\PNEUMONIA\person961_bacteria_2886.jpeg,person961,PNEUMONIA,11.919391632080078,0.9999933400480759,0.9998332366465871
d:\Pneum Det\archive\chest_xray\chest_xray\train\PNEUMONIA\person961_virus_1634.jpeg,person961,PNEUMONIA,13.280123710632324,0.9999982918940258,0.9999382175749304
d:\Pneum Det\archive\chest_xray\chest_xray\train\PNEUMONIA\person963_bacteria_2888.jpeg,person963,PNEUMONIA,8.340754508972168,0.9997614646576758,0.9977331165090335
d:\Pneum Det\archive\chest_xray\chest_xray\train\PNEUMONIA\person963_virus_1636.jpeg,person963,PNEUMONIA,10.466127395629883,0.9999715156538757,0.9995185257737061
d:\Pneum Det\archive\chest_xray\chest_xray\train\PNEUMONIA\person965_bacteria_2890.jpeg,person965,PNEUMONIA,7.878478527069092,0.9996213344757515,0.9968264029946317
d:\Pneum Det\archive\chest_xray\chest_xray\train\PNEUMONIA\person965_virus_1638.jpeg,person965,PNEUMONIA,9.843903541564941,0.999946933069946,0.9992420065296311
d:\Pneum Det\archive\chest_xray\chest_xray\train\PNEUMONIA\person96_virus_178.jpeg,person96,PNEUMONIA,10.869532585144043,0.9999809710987143,0.9996412698174135
d:\Pneum Det\archive\chest_xray\chest_xray\train\PNEUMONIA\person96_virus_179.jpeg,person96,PNEUMONIA,8.750467300415039,0.9998416377891902,0.9983179996677158
d:\Pneum Det\archive\chest_xray\chest_xray\train\PNEUMONIA\person977_bacteria_2902.jpeg,person977,PNEUMONIA,11.654725074768066,0.9999913221239392,0.9997977117227017
d:\Pneum Det\archive\chest_xray\chest_xray\train\PNEUMONIA\person977_virus_1652.jpeg,person977,PNEUMONIA,4.707199573516846,0.991050781569659,0.9687901015147486
d:\Pneum Det\archive\chest_xray\chest_xray\train\PNEUMONIA\person978_bacteria_2904.jpeg,person978,PNEUMONIA,9.0780668258667,0.9998858709761502,0.9986752026874657
d:\Pneum Det\archive\chest_xray\chest_xray\train\PNEUMONIA\person978_virus_1653.jpeg,person978,PNEUMONIA,9.40803050994873,0.9999179443242874,0.9989584232757329
d:\Pneum Det\archive\chest_xray\chest_xray\train\PNEUMONIA\person985_bacteria_2912.jpeg,person985,PNEUMONIA,8.505127906799316,0.9997976132959144,0.9979888582090706
d:\Pneum Det\archive\chest_xray\chest_xray\train\PNEUMONIA\person989_virus_1667.jpeg,person989,PNEUMONIA,6.930464267730713,0.9990234077452138,0.9936809701006017
d:\Pneum Det\archive\chest_xray\chest_xray\train\PNEUMONIA\person993_bacteria_2921.jpeg,person993,PNEUMONIA,7.050235748291016,0.9991335469007891,0.9942067957901192
d:\Pneum Det\archive\chest_xray\chest_xray\train\PNEUMONIA\person993_virus_1671.jpeg,person993,PNEUMONIA,7.859364032745361,0.9996140296780415,0.9967819653436549
d:\Pneum Det\archive\chest_xray\chest_xray\train\PNEUMONIA\person994_bacteria_2922.jpeg,person994,PNEUMONIA,5.564695835113525,0.9961838730649171,0.9830620097199804
d:\Pneum Det\archive\chest_xray\chest_xray\train\PNEUMONIA\person994_virus_1672.jpeg,person994,PNEUMONIA,10.14732551574707,0.9999608208051509,0.9993924781809521
d:\Pneum Det\archive\chest_xray\chest_xray\val\NORMAL\NORMAL2-IM-1430-0001.jpeg,normal:im-1430,NORMAL,0.028467977419495583,0.5071165137442067,0.505193793276237
d:\Pneum Det\archive\chest_xray\chest_xray\val\NORMAL\NORMAL2-IM-1442-0001.jpeg,normal:im-1442,NORMAL,-9.89519214630127,5.04139537278567e-05,0.0007301662242944934
d:\Pneum Det\archive\chest_xray\chest_xray\val\PNEUMONIA\person1947_bacteria_4876.jpeg,person1947,PNEUMONIA,3.20320200920105,0.9609545968277702,0.9119512384795143
d:\Pneum Det\archive\chest_xray\chest_xray\val\PNEUMONIA\person1952_bacteria_4883.jpeg,person1952,PNEUMONIA,8.25417709350586,0.9997398981386371,0.9975856205356809
