path,patient_id,label,logit,probability,calibrated_probability
d:\Pneum Det\archive\chest_xray\chest_xray\train\NORMAL\IM-0119-0001.jpeg,normal:im-0119,NORMAL,-8.601919174194336,0.00018371904252576467,0.004012456143323929
d:\Pneum Det\archive\chest_xray\chest_xray\train\NORMAL\IM-0133-0001.jpeg,normal:im-0133,NORMAL,-6.81896448135376,0.001091658983469611,0.012476500357369035
d:\Pneum Det\archive\chest_xray\chest_xray\train\NORMAL\IM-0154-0001.jpeg,normal:im-0154,NORMAL,-9.28644847869873,9.26630144612895e-05,0.002590903527041949
d:\Pneum Det\archive\chest_xray\chest_xray\train\NORMAL\IM-0160-0001.jpeg,normal:im-0160,NORMAL,-9.840085983276367,5.326989252509116e-05,0.0018182366451060174
d:\Pneum Det\archive\chest_xray\chest_xray\train\NORMAL\IM-0177-0001.jpeg,normal:im-0177,NORMAL,-8.309950828552246,0.00024599561326982294,0.004834350211615386
d:\Pneum Det\archive\chest_xray\chest_xray\train\NORMAL\IM-0187-0001.jpeg,normal:im-0187,NORMAL,-7.955625057220459,0.0003505610525170527,0.0060596869227577165
d:\Pneum Det\archive\chest_xray\chest_xray\train\NORMAL\IM-0191-0001.jpeg,normal:im-0191,NORMAL,-7.1873297691345215,0.0007555341398651351,0.009878206481369238
d:\Pneum Det\archive\chest_xray\chest_xray\train\NORMAL\IM-0203-0001.jpeg,normal:im-0203,NORMAL,-8.507560729980469,0.00020189503074707432,0.004261591349232326
d:\Pneum Det\archive\chest_xray\chest_xray\train\NORMAL\IM-0206-0001.jpeg,normal:im-0206,NORMAL,-6.35992431640625,0.001726511603820093,0.016674134031144892
d:\Pneum Det\archive\chest_xray\chest_xray\train\NORMAL\IM-0214-0001.jpeg,normal:im-0214,NORMAL,-6.471987247467041,0.0015437632054256822,0.015536254580554243
d:\Pneum Det\archive\chest_xray\chest_xray\train\NORMAL\IM-0218-0001.jpeg,normal:im-0218,NORMAL,-10.050439834594727,4.316489536191087e-05,0.0015892266045083715
d:\Pneum Det\archive\chest_xray\chest_xray\train\NORMAL\IM-0222-0001.jpeg,normal:im-0222,NORMAL,-6.655068874359131,0.0012858239939238807,0.013839575578489614
d:\Pneum Det\archive\chest_xray\chest_xray\train\NORMAL\IM-0223-0001.jpeg,normal:im-0223,NORMAL,-9.033183097839355,0.00011936763318612893,0.0030462395759485784
d:\Pneum Det\archive\chest_xray\chest_xray\train\NORMAL\IM-0235-0001.jpeg,normal:im-0235,NORMAL,-8.639707565307617,0.00017690733593064525,0.003916800162947511
d:\Pneum Det\archive\chest_xray\chest_xray\train\NORMAL\IM-0236-0001.jpeg,normal:im-0236,NORMAL,-6.575720310211182,0.0013918616082700516,0.014551257335082113
d:\Pneum Det\archive\chest_xray\chest_xray\train\NORMAL\IM-0243-0001.jpeg,normal:im-0243,NORMAL,-8.763093948364258,0.0001563755087006363,0.0036200038758829618
d:\Pneum Det\archive\chest_xray\chest_xray\train\NORMAL\IM-0249-0001.jpeg,normal:im-0249,NORMAL,-7.671358585357666,0.0004657672737525958,0.007262171961107902
d:\Pneum Det\archive\chest_xray\chest_xray\train\NORMAL\IM-0265-0001.jpeg,normal:im-0265,NORMAL,-5.938490390777588,0.0026290757284874603,0.021733692677412892
d:\Pneum Det\archive\chest_xray\chest_xray\train\NORMAL\IM-0273-0001.jpeg,normal:im-0273,NORMAL,-7.636562347412109,0.00048225153881727726,0.007424768959187849
d:\Pneum Det\archive\chest_xray\chest_xray\train\NORMAL\IM-0274-0001.jpeg,normal:im-0274,NORMAL,-9.700153350830078,6.127034361390182e-05,0.0019885415744917067
d:\Pneum Det\archive\chest_xray\chest_xray\train\NORMAL\IM-0277-0001.jpeg,normal:im-0277,NORMAL,-9.18583869934082,0.00010246992936049203,0.0027630379996855573
d:\Pneum Det\archive\chest_xray\chest_xray\train\NORMAL\IM-0288-0001.jpeg,normal:im-0288,NORMAL,-8.014303207397461,0.0003305892627030924,0.005837284798564605
d:\Pneum Det\archive\chest_xray\chest_xray\train\NORMAL\IM-0291-0001.jpeg,normal:im-0291,NORMAL,-8.833870887756348,0.00014569187810915368,0.003459982550738748
d:\Pneum Det\archive\chest_xray\chest_xray\train\NORMAL\IM-0292-0001.jpeg,normal:im-0292,NORMAL,-10.063316345214844,4.261266881864403e-05,0.0015761827721233223
d:\Pneum Det\archive\chest_xray\chest_xray\train\NORMAL\IM-0298-0001.jpeg,normal:im-0298,NORMAL,-9.29988956451416,9.14259690430312e-05,0.0025687319618071993
d:\Pneum Det\archive\chest_xray\chest_xray\train\NORMAL\IM-0300-0001.jpeg,normal:im-0300,NORMAL,-5.849030017852783,0.0028744079257164027,0.02298704968439765
d:\Pneum Det\archive\chest_xray\chest_xray\train\NORMAL\IM-0307-0001.jpeg,normal:im-0307,NORMAL,-8.97909164428711,0.00012600138568016623,0.0031533841153582216
d:\Pneum Det\archive\chest_xray\chest_xray\train\NORMAL\IM-0319-0001.jpeg,normal:im-0319,NORMAL,-8.333343505859375,0.00024030926884165498,0.00476273754101979
d:\Pneum Det\archive\chest_xray\chest_xray\train\NORMAL\IM-0326-0001.jpeg,normal:im-0326,NORMAL,-3.5862643718719482,0.026954925224329334,0.09120545493162943
d:\Pneum Det\archive\chest_xray\chest_xray\train\NORMAL\IM-0332-0001.jpeg,normal:im-0332,NORMAL,-8.664716720581055,0.00017253865250164163,0.0038547455783858662
d:\Pneum Det\archive\chest_xray\chest_xray\train\NORMAL\IM-0347-0001.jpeg,normal:im-0347,NORMAL,-6.8327789306640625,0.0010766981290132478,0.012367858431188006
d:\Pneum Det\archive\chest_xray\chest_xray\train\NORMAL\IM-0348-0001.jpeg,normal:im-0348,NORMAL,-5.163660526275635,0.005688179976415879,0.03522267932302201
d:\Pneum Det\archive\chest_xray\chest_xray\train\NORMAL\IM-0349-0001.jpeg,normal:im-0349,NORMAL,-9.024032592773438,0.0001204647878418058,0.0030641064367228636
d:\Pneum Det\archive\chest_xray\chest_xray\train\NORMAL\IM-0355-0001.jpeg,normal:im-0355,NORMAL,-7.9601898193359375,0.0003489650286349495,0.006042087495180399
d:\Pneum Det\archive\chest_xray\chest_xray\train\NORMAL\IM-0370-0001.jpeg,normal:im-0370,NORMAL,-7.00858736038208,0.0009032682017188248,0.011064222374588203
d:\Pneum Det\archive\chest_xray\chest_xray\train\NORMAL\IM-0375-0001.jpeg,normal:im-0375,NORMAL,-10.115190505981445,4.0458614706090484e-05,0.0015247083606489025
d:\Pneum Det\archive\chest_xray\chest_xray\train\NORMAL\IM-0383-0001.jpeg,normal:im-0383,NORMAL,-7.930868625640869,0.0003593448537766393,0.006156026487985992
d:\Pneum Det\archive\chest_xray\chest_xray\train\NORMAL\IM-0386-0001.jpeg,normal:im-0386,NORMAL,-9.075947761535645,0.00011437109932918606,0.0029641065192947715
d:\Pneum Det\archive\chest_xray\chest_xray\train\NORMAL\IM-0388-0001.jpeg,normal:im-0388,NORMAL,-8.995298385620117,0.00012397602357402458,0.003120893460216974
d:\Pneum Det\archive\chest_xray\chest_xray\train\NORMAL\IM-0393-0001.jpeg,normal:im-0393,NORMAL,-5.334064483642578,0.004801258035189922,0.031693225348930994
d:\Pneum Det\archive\chest_xray\chest_xray\train\NORMAL\IM-0399-0001.jpeg,normal:im-0399,NORMAL,-7.782309055328369,0.00041687421828987025,0.0067669600198682735
d:\Pneum Det\archive\chest_xray\chest_xray\train\NORMAL\IM-0408-0001.jpeg,normal:im-0408,NORMAL,-8.840996742248535,0.00014465753881791967,0.0034442674065834427
d:\Pneum Det\archive\chest_xray\chest_xray\train\NORMAL\IM-0410-0001.jpeg,normal:im-0410,NORMAL,-9.19332218170166,0.00010170603729442798,0.0027498508516485783
d:\Pneum Det\archive\chest_xray\chest_xray\train\NORMAL\IM-0414-0001.jpeg,normal:im-0414,NORMAL,-7.810095310211182,0.00040545492593016763,0.006648284281113505
d:\Pneum Det\archive\chest_xray\chest_xray\train\NORMAL\IM-0416-0001.jpeg,normal:im-0416,NORMAL,-8.461568832397461,0.00021139539879900398,0.004388548886722181
d:\Pneum Det\archive\chest_xray\chest_xray\train\NORMAL\IM-0424-0001.jpeg,normal:im-0424,NORMAL,-8.089025497436523,0.00030679452349709755,0.005565781893129457
d:\Pneum Det\archive\chest_xray\chest_xray\train\NORMAL\IM-0433-0001.jpeg,normal:im-0433,NORMAL,-8.127227783203125,0.00029529871358399765,0.005431863415488882
d:\Pneum Det\archive\chest_xray\chest_xray\train\NORMAL\IM-0434-0001.jpeg,normal:im-0434,NORMAL,-9.528397560119629,7.275082486758042e-05,0.0022194857551508765
d:\Pneum Det\archive\chest_xray\chest_xray\train\NORMAL\IM-0438-0001.jpeg,normal:im-0438,NORMAL,-8.538143157958984,0.0001958152407828132,0.004179201785477797
d:\Pneum Det\archive\chest_xray\chest_xray\train\NORMAL\IM-0444-0001.jpeg,normal:im-0444,NORMAL,-8.989114761352539,0.00012474492393531593,0.0031332505927631777
d:\Pneum Det\archive\chest_xray\chest_xray\train\NORMAL\IM-0452-0001.jpeg,normal:im-0452,NORMAL,-6.722318649291992,0.0012022966584456518,0.013263360601604074
d:\Pneum Det\archive\chest_xray\chest_xray\train\NORMAL\IM-0453-0001-0002.jpeg,normal:im-0453-0001,NORMAL,-8.894294738769531,0.0001371504720619347,0.0033289595489830862
d:\Pneum Det\archive\chest_xray\chest_xray\train\NORMAL\IM-0456-0001.jpeg,normal:im-0456,NORMAL,-7.73272705078125,0.0004380553866068267,0.006983976009368278
d:\Pneum Det\archive\chest_xray\chest_xray\train\NORMAL\IM-0465-0001.jpeg,normal:im-0465,NORMAL,-7.670176029205322,0.00046631813851164683,0.007267639383098495
d:\Pneum Det\archive\chest_xray\chest_xray\train\NORMAL\IM-0472-0001.jpeg,normal:im-0472,NORMAL,-7.34690523147583,0.0006441688943500387,0.008926236001791554
d:\Pneum Det\archive\chest_xray\chest_xray\train\NORMAL\IM-0476-0001.jpeg,normal:im-0476,NORMAL,-8.618934631347656,0.00018061998437561853,0.003969099290098578
d:\Pneum Det\archive\chest_xray\chest_xray\train\NORMAL\IM-0477-0001.jpeg,normal:im-0477,NORMAL,-9.085847854614258,0.00011324452880330742,0.0029454095116049255
d:\Pneum Det\archive\chest_xray\chest_xray\train\NORMAL\IM-0486-0001.jpeg,normal:im-0486,NORMAL,-9.660879135131836,6.372441029982916e-05,0.0020391393930725694
d:\Pneum Det\archive\chest_xray\chest_xray\train\NORMAL\IM-0491-0001-0001.jpeg,normal:im-0491-0001,NORMAL,-8.683420181274414,0.00016934211541193417,0.0038089781187798373
d:\Pneum Det\archive\chest_xray\chest_xray\train\NORMAL\IM-0491-0001-0002.jpeg,normal:im-0491-0001,NORMAL,-7.495907306671143,0.0005550443679652881,0.008119668257514508
d:\Pneum Det\archive\chest_xray\chest_xray\train\NORMAL\IM-0492-0001.jpeg,normal:im-0492,NORMAL,-7.921989917755127,0.00036254841574669534,0.006190947532314484
d:\Pneum Det\archive\chest_xray\chest_xray\train\NORMAL\IM-0497-0001.jpeg,normal:im-0497,NORMAL,-8.98268985748291,0.00012554887735179675,0.003146141557702195
d:\Pneum Det\archive\chest_xray\chest_xray\train\NORMAL\IM-0499-0001-0001.jpeg,normal:im-0499-0001,NORMAL,-7.79046630859375,0.0004134889020134732,0.00673190368534082
d:\Pneum Det\archive\chest_xray\chest_xray\train\NORMAL\IM-0499-0001-0002.jpeg,normal:im-0499-0001,NORMAL,-7.868963241577148,0.00038228444764425043,0.006403644571580642
d:\Pneum Det\archive\chest_xray\chest_xray\train\NORMAL\IM-0507-0001.jpeg,normal:im-0507,NORMAL,-8.991388320922852,0.0001244616663423729,0.0031287015334527644
d:\Pneum Det\archive\chest_xray\chest_xray\train\NORMAL\IM-0508-0001.jpeg,normal:im-0508,NORMAL,-9.343774795532227,8.750082813996174e-05,0.002497650898559461
d:\Pneum Det\archive\chest_xray\chest_xray\train\NORMAL\IM-0509-0001.jpeg,normal:im-0509,NORMAL,-6.632152080535889,0.0013155919814176829,0.01404151762882268
d:\Pneum Det\archive\chest_xray\chest_xray\train\NORMAL\IM-0510-0001.jpeg,normal:im-0510,NORMAL,-5.776571273803711,0.003089747814775664,0.02405370238751962
d:\Pneum Det\archive\chest_xray\chest_xray\train\NORMAL\IM-0514-0001.jpeg,normal:im-0514,NORMAL,-8.928224563598633,0.00013257564788309782,0.0032575664942519475
d:\Pneum Det\archive\chest_xray\chest_xray\train\NORMAL\IM-0520-0001.jpeg,normal:im-0520,NORMAL,-7.3492817878723145,0.0006426407909960536,0.008912768250875376
d:\Pneum Det\archive\chest_xray\chest_xray\train\NORMAL\IM-0521-0001.jpeg,normal:im-0521,NORMAL,-7.386834621429443,0.0006189699806074614,0.008702613235925041
d:\Pneum Det\archive\chest_xray\chest_xray\train\NORMAL\IM-0525-0001.jpeg,normal:im-0525,NORMAL,-9.029842376708984,0.00011976702615944654,0.003052750446689064
d:\Pneum Det\archive\chest_xray\chest_xray\train\NORMAL\IM-0528-0001.jpeg,normal:im-0528,NORMAL,-6.334303379058838,0.0017712386264438743,0.016945580858876107
d:\Pneum Det\archive\chest_xray\chest_xray\train\NORMAL\IM-0532-0001.jpeg,normal:im-0532,NORMAL,-9.05424976348877,0.00011687954892041569,0.0030054995927177885
d:\Pneum Det\archive\chest_xray\chest_xray\train\NORMAL\IM-0543-0001-0002.jpeg,normal:im-0543-0001,NORMAL,-8.404430389404297,0.0002238231699734646,0.004551532444409101
d:\Pneum Det\archive\chest_xray\chest_xray\train\NORMAL\IM-0545-0001.jpeg,normal:im-0545,NORMAL,-8.776708602905273,0.00015426126360900387,0.0035886596191516814
d:\Pneum Det\archive\chest_xray\chest_xray\train\NORMAL\IM-0548-0001.jpeg,normal:im-0548,NORMAL,-8.039932250976562,0.00032222692331756146,0.005742709706229164
d:\Pneum Det\archive\chest_xray\chest_xray\train\NORMAL\IM-0549-0001-0001.jpeg,normal:im-0549-0001,NORMAL,-9.660249710083008,6.376453010719625e-05,0.002039960669199383
d:\Pneum Det\archive\chest_xray\chest_xray\train\NORMAL\IM-0549-0001-0002.jpeg,normal:im-0549-0001,NORMAL,-8.058992385864258,0.00031614531857788704,0.005673364115925919
d:\Pneum Det\archive\chest_xray\chest_xray\train\NORMAL\IM-0556-0001.jpeg,normal:im-0556,NORMAL,-9.69212532043457,6.176417300062572e-05,0.00199878134580023
d:\Pneum Det\archive\chest_xray\chest_xray\train\NORMAL\IM-0565-0001.jpeg,normal:im-0565,NORMAL,-7.974635124206543,0.0003439620778578543,0.005986727747578207
d:\Pneum Det\archive\chest_xray\chest_xray\train\NORMAL\IM-0568-0001.jpeg,normal:im-0568,NORMAL,-8.54983139038086,0.0001935402707875185,0.004148134137394143
d:\Pneum Det\archive\chest_xray\chest_xray\train\NORMAL\IM-0570-0001.jpeg,normal:im-0570,NORMAL,-8.350008964538574,0.0002363385301475767,0.004712364034286843
d:\Pneum Det\archive\chest_xray\chest_xray\train\NORMAL\IM-0583-0001.jpeg,normal:im-0583,NORMAL,-9.121326446533203,0.00010929764052643249,0.0028793663508551283
d:\Pneum Det\archive\chest_xray\chest_xray\train\NORMAL\IM-0596-0001.jpeg,normal:im-0596,NORMAL,-6.430227756500244,0.001609488999277345,0.01595105746776684
d:\Pneum Det\archive\chest_xray\chest_xray\train\NORMAL\IM-0598-0001.jpeg,normal:im-0598,NORMAL,-9.221415519714355,9.888881562752806e-05,0.0027009033464294395
d:\Pneum Det\archive\chest_xray\chest_xray\train\NORMAL\IM-0606-0001.jpeg,normal:im-0606,NORMAL,-7.142967224121094,0.0007897790657478891,0.01016027005467329
d:\Pneum Det\archive\chest_xray\chest_xray\train\NORMAL\IM-0615-0001.jpeg,normal:im-0615,NORMAL,-9.784680366516113,5.6304467596311804e-05,0.0018838539340888132
d:\Pneum Det\archive\chest_xray\chest_xray\train\NORMAL\IM-0616-0001.jpeg,normal:im-0616,NORMAL,-9.997827529907227,4.549659693057237e-05,0.001643651882402835
d:\Pneum Det\archive\chest_xray\chest_xray\train\NORMAL\IM-0622-0001-0001.jpeg,normal:im-0622-0001,NORMAL,-8.196067810058594,0.0002756596769160176,0.005198584124161215
d:\Pneum Det\archive\chest_xray\chest_xray\train\NORMAL\IM-0622-0001-0002.jpeg,normal:im-0622-0001,NORMAL,-8.194814682006836,0.00027600523491650596,0.005202740234314343
d:\Pneum Det\archive\chest_xray\chest_xray\train\NORMAL\IM-0629-0001-0001.jpeg,normal:im-0629-0001,NORMAL,-8.334720611572266,0.0002399786446955599,0.0047585548268544355
d:\Pneum Det\archive\chest_xray\chest_xray\train\NORMAL\IM-0629-0001-0002.jpeg,normal:im-0629-0001,NORMAL,-7.903425216674805,0.0003693393738493091,0.006264602183555227
d:\Pneum Det\archive\chest_xray\chest_xray\train\NORMAL\IM-0629-0001-0003.jpeg,normal:im-0629-0001,NORMAL,-9.318374633789062,8.97516281830458e-05,0.0025385489324341076
d:\Pneum Det\archive\chest_xray\chest_xray\train\NORMAL\IM-0629-0001.jpeg,normal:im-0629,NORMAL,-7.919595718383789,0.0003634171530350278,0.006200397864362043
d:\Pneum Det\archive\chest_xray\chest_xray\train\NORMAL\IM-0636-0001.jpeg,normal:im-0636,NORMAL,-8.281585693359375,0.000253071425003553,0.0049226240135364354
d:\Pneum Det\archive\chest_xray\chest_xray\train\NORMAL\IM-0640-0001-0001.jpeg,normal:im-0640-0001,NORMAL,-8.357287406921387,0.00023462500084620245,0.004690530697625634
d:\Pneum Det\archive\chest_xray\chest_xray\train\NORMAL\IM-0640-0001-0002.jpeg,normal:im-0640-0001,NORMAL,-8.987345695495605,0.00012496577363461437,0.003136794794799255
d:\Pneum Det\archive\chest_xray\chest_xray\train\NORMAL\IM-0641-0001.jpeg,normal:im-0641,NORMAL,-7.603227615356445,0.0004985900565813949,0.0075839237751891145
d:\Pneum Det\archive\chest_xray\chest_xray\train\NORMAL\IM-0642-0001.jpeg,normal:im-0642,NORMAL,-6.696314334869385,0.0012339325318777546,0.013483311553201191
d:\Pneum Det\archive\chest_xray\chest_xray\train\NORMAL\IM-0651-0001.jpeg,normal:im-0651,NORMAL,-4.674472332000732,0.009244194746270033,0.047579301619785505
d:\Pneum Det\archive\chest_xray\chest_xray\train\NORMAL\IM-0657-0001.jpeg,normal:im-0657,NORMAL,-9.869583129882812,5.172161116666019e-05,0.0017842386995868082
d:\Pneum Det\archive\chest_xray\chest_xray\train\NORMAL\IM-0658-0001.jpeg,normal:im-0658,NORMAL,-9.283153533935547,9.296880910190374e-05,0.0025963677267706663
d:\Pneum Det\archive\chest_xray\chest_xray\train\NORMAL\IM-0659-0001.jpeg,normal:im-0659,NORMAL,-8.260515213012695,0.0002584589427729517,0.004989232991328644
d:\Pneum Det\archive\chest_xray\chest_xray\train\NORMAL\IM-0660-0001.jpeg,normal:im-0660,NORMAL,-8.452573776245117,0.0002133050826596466,0.0044138159006247586
d:\Pneum Det\archive\chest_xray\chest_xray\train\NORMAL\IM-0666-0001.jpeg,normal:im-0666,NORMAL,-6.799376010894775,0.0011132296868021547,0.012632168383852543
d:\Pneum Det\archive\chest_xray\chest_xray\train\NORMAL\IM-0671-0001.jpeg,normal:im-0671,NORMAL,-9.921485900878906,4.9105721237373906e-05,0.001725949817179096
d:\Pneum Det\archive\chest_xray\chest_xray\train\NORMAL\IM-0673-0001.jpeg,normal:im-0673,NORMAL,-7.905691623687744,0.000368503556475718,0.006255563854527812
d:\Pneum Det\archive\chest_xray\chest_xray\train\NORMAL\IM-0683-0001.jpeg,normal:im-0683,NORMAL,-8.380130767822266,0.0002293273448834745,0.004622658608723742
d:\Pneum Det\archive\chest_xray\chest_xray\train\NORMAL\IM-0689-0001.jpeg,normal:im-0689,NORMAL,-8.727764129638672,0.0001619980692794404,0.0037026198935990414
d:\Pneum Det\archive\chest_xray\chest_xray\train\NORMAL\IM-0692-0001.jpeg,normal:im-0692,NORMAL,-8.438448905944824,0.00021633871185075928,0.004453785088176886
d:\Pneum Det\archive\chest_xray\chest_xray\train\NORMAL\IM-0695-0001.jpeg,normal:im-0695,NORMAL,-9.05670166015625,0.00011659335675702938,0.0030007933982466313
d:\Pneum Det\archive\chest_xray\chest_xray\train\NORMAL\IM-0702-0001.jpeg,normal:im-0702,NORMAL,-8.513853073120117,0.00020062888051638623,0.004244508560331856
d:\Pneum Det\archive\chest_xray\chest_xray\train\NORMAL\IM-0710-0001.jpeg,normal:im-0710,NORMAL,-9.519888877868652,7.337243388790658e-05,0.002231598062545154
d:\Pneum Det\archive\chest_xray\chest_xray\train\NORMAL\IM-0714-0001.jpeg,normal:im-0714,NORMAL,-9.096921920776367,0.00011199750938415188,0.002924634674295875
d:\Pneum Det\archive\chest_xray\chest_xray\train\NORMAL\IM-0721-0001.jpeg,normal:im-0721,NORMAL,-9.909147262573242,4.971534205932249e-05,0.0017396320014925733
d:\Pneum Det\archive\chest_xray\chest_xray\train\NORMAL\IM-0728-0001.jpeg,normal:im-0728,NORMAL,-8.5265474319458,0.00019809862401521945,0.004210252499913648
d:\Pneum Det\archive\chest_xray\chest_xray\train\NORMAL\IM-0739-0001.jpeg,normal:im-0739,NORMAL,-6.0097832679748535,0.002448609710900549,0.02078293538141824
d:\Pneum Det\archive\chest_xray\chest_xray\train\NORMAL\IM-0751-0001.jpeg,normal:im-0751,NORMAL,-8.53958797454834,0.00019553258323732052,0.004175348906981918
d:\Pneum Det\archive\chest_xray\chest_xray\train\NORMAL\IM-0752-0001.jpeg,normal:im-0752,NORMAL,-7.91288423538208,0.0003658635289363748,0.00622696577183481
d:\Pneum Det\archive\chest_xray\chest_xray\train\NORMAL\NORMAL2-IM-0383-0001.jpeg,normal:im-0383,NORMAL,-7.646576404571533,0.0004774486384783818,0.007377608142684479
d:\Pneum Det\archive\chest_xray\chest_xray\train\NORMAL\NORMAL2-IM-0386-0001.jpeg,normal:im-0386,NORMAL,-8.581104278564453,0.00018758248699643989,0.004066136236853943
d:\Pneum Det\archive\chest_xray\chest_xray\train\NORMAL\NORMAL2-IM-0388-0001.jpeg,normal:im-0388,NORMAL,-8.108184814453125,0.0003009742533225515,0.005498213290202499
d:\Pneum Det\archive\chest_xray\chest_xray\train\NORMAL\NORMAL2-IM-0393-0001.jpeg,normal:im-0393,NORMAL,-6.9074225425720215,0.0009993331260770952,0.011796798565970063
d:\Pneum Det\archive\chest_xray\chest_xray\train\NORMAL\NORMAL2-IM-0399-0001.jpeg,normal:im-0399,NORMAL,-9.226093292236328,9.842736190274411e-05,0.002692837989974133
d:\Pneum Det\archive\chest_xray\chest_xray\train\NORMAL\NORMAL2-IM-0408-0001.jpeg,normal:im-0408,NORMAL,-9.11998176574707,0.00010944469372613158,0.0028818423325905895
d:\Pneum Det\archive\chest_xray\chest_xray\train\NORMAL\NORMAL2-IM-0410-0001.jpeg,normal:im-0410,NORMAL,-8.653223991394043,0.00017453268289891981,0.003883139637919677
d:\Pneum Det\archive\chest_xray\chest_xray\train\NORMAL\NORMAL2-IM-0414-0001.jpeg,normal:im-0414,NORMAL,-8.266220092773438,0.00025698904129798386,0.004971110430764672
d:\Pneum Det\archive\chest_xray\chest_xray\train\NORMAL\NORMAL2-IM-0416-0001.jpeg,normal:im-0416,NORMAL,-8.170758247375488,0.0002827235449065642,0.005283169372609911
d:\Pneum Det\archive\chest_xray\chest_xray\train\NORMAL\NORMAL2-IM-0424-0001.jpeg,normal:im-0424,NORMAL,-9.399063110351562,8.279474965652603e-05,0.002410886681041289
d:\Pneum Det\archive\chest_xray\chest_xray\train\NORMAL\NORMAL2-IM-0433-0001.jpeg,normal:im-0433,NORMAL,-8.194252014160156,0.00027616053498725985,0.005204607447145731
d:\Pneum Det\archive\chest_xray\chest_xray\train\NORMAL\NORMAL2-IM-0452-0001.jpeg,normal:im-0452,NORMAL,-6.02297830581665,0.0024165900070919157,0.020611486555729752
d:\Pneum Det\archive\chest_xray\chest_xray\train\NORMAL\NORMAL2-IM-0456-0001.jpeg,normal:im-0456,NORMAL,-8.305486679077148,0.0002470959573293036,0.0048481377032257526
d:\Pneum Det\archive\chest_xray\chest_xray\train\NORMAL\NORMAL2-IM-0465-0001.jpeg,normal:im-0465,NORMAL,-9.029644012451172,0.00011979078316696454,0.0030531374831130986
d:\Pneum Det\archive\chest_xray\chest_xray\train\NORMAL\NORMAL2-IM-0472-0001.jpeg,normal:im-0472,NORMAL,-9.150636672973633,0.00010614092989954774,0.002825920886415661
d:\Pneum Det\archive\chest_xray\chest_xray\train\NORMAL\NORMAL2-IM-0476-0001.jpeg,normal:im-0476,NORMAL,-9.841163635253906,5.3212520094116915e-05,0.001816983254033303
d:\Pneum Det\archive\chest_xray\chest_xray\train\NORMAL\NORMAL2-IM-0486-0001.jpeg,normal:im-0486,NORMAL,-6.638826847076416,0.0013068513910445086,0.013982401843705018
d:\Pneum Det\archive\chest_xray\chest_xray\train\NORMAL\NORMAL2-IM-0497-0001.jpeg,normal:im-0497,NORMAL,-8.73288631439209,0.00016117054016345387,0.00369052663654245
d:\Pneum Det\archive\chest_xray\chest_xray\train\NORMAL\NORMAL2-IM-0507-0001.jpeg,normal:im-0507,NORMAL,-9.001514434814453,0.0001232078673833615,0.0031085204962750406
d:\Pneum Det\archive\chest_xray\chest_xray\train\NORMAL\NORMAL2-IM-0508-0001.jpeg,normal:im-0508,NORMAL,-8.4839506149292,0.00020671751597559022,0.004326301915150485
d:\Pneum Det\archive\chest_xray\chest_xray\train\NORMAL\NORMAL2-IM-0509-0001.jpeg,normal:im-0509,NORMAL,-8.407167434692383,0.00022321152998827382,0.004543589556918592
d:\Pneum Det\archive\chest_xray\chest_xray\train\NORMAL\NORMAL2-IM-0520-0001.jpeg,normal:im-0520,NORMAL,-8.698555946350098,0.00016679871715612792,0.0037723374251907014
d:\Pneum Det\archive\chest_xray\chest_xray\train\NORMAL\NORMAL2-IM-0521-0001.jpeg,normal:im-0521,NORMAL,-8.970657348632812,0.00012706847733741985,0.003170426042972363
d:\Pneum Det\archive\chest_xray\chest_xray\train\NORMAL\NORMAL2-IM-0525-0001.jpeg,normal:im-0525,NORMAL,-7.074228286743164,0.0008459294669693508,0.010613142154668716
d:\Pneum Det\archive\chest_xray\chest_xray\train\NORMAL\NORMAL2-IM-0528-0001.jpeg,normal:im-0528,NORMAL,-8.279949188232422,0.00025348581168671065,0.004927765562327396
d:\Pneum Det\archive\chest_xray\chest_xray\train\NORMAL\NORMAL2-IM-0535-0001-0002.jpeg,normal:im-0535-0001,NORMAL,-7.266703128814697,0.0006979233354646463,0.00939275077286938
d:\Pneum Det\archive\chest_xray\chest_xray\train\NORMAL\NORMAL2-IM-0545-0001.jpeg,normal:im-0545,NORMAL,-7.111578464508057,0.0008149418975200176,0.010364645569962522
d:\Pneum Det\archive\chest_xray\chest_xray\train\NORMAL\NORMAL2-IM-0558-0001.jpeg,normal:im-0558,NORMAL,-7.801140785217285,0.0004091003942551721,0.006686301745734957
d:\Pneum Det\archive\chest_xray\chest_xray\train\NORMAL\NORMAL2-IM-0568-0001.jpeg,normal:im-0568,NORMAL,-8.170560836791992,0.00028277934725168155,0.005283834475923582
d:\Pneum Det\archive\chest_xray\chest_xray\train\NORMAL\NORMAL2-IM-0576-0001.jpeg,normal:im-0576,NORMAL,-9.407539367675781,8.209598331280024e-05,0.0023978533207957417
d:\Pneum Det\archive\chest_xray\chest_xray\train\NORMAL\NORMAL2-IM-0583-0001.jpeg,normal:im-0583,NORMAL,-8.155119895935059,0.00028717834744810405,0.005336115973112247
d:\Pneum Det\archive\chest_xray\chest_xray\train\NORMAL\NORMAL2-IM-0594-0001.jpeg,normal:im-0594,NORMAL,-8.856258392333984,0.0001424668995093151,0.00341084873003226
d:\Pneum Det\archive\chest_xray\chest_xray\train\NORMAL\NORMAL2-IM-0596-0001.jpeg,normal:im-0596,NORMAL,-9.471813201904297,7.698575212113529e-05,0.0023012844245198292
d:\Pneum Det\archive\chest_xray\chest_xray\train\NORMAL\NORMAL2-IM-0603-0001.jpeg,normal:im-0603,NORMAL,-8.457687377929688,0.00021221734041778232,0.004399434138690499
d:\Pneum Det\archive\chest_xray\chest_xray\train\NORMAL\NORMAL2-IM-0616-0001.jpeg,normal:im-0616,NORMAL,-9.205135345458984,0.00010051175599147671,0.002729161705392034
d:\Pneum Det\archive\chest_xray\chest_xray\train\NORMAL\NORMAL2-IM-0629-0001.jpeg,normal:im-0629,NORMAL,-9.610350608825684,6.702682551405022e-05,0.0021061306537530564
d:\Pneum Det\archive\chest_xray\chest_xray\train\NORMAL\NORMAL2-IM-0636-0001.jpeg,normal:im-0636,NORMAL,-7.358148097991943,0.0006369717367527639,0.008862701062968064
d:\Pneum Det\archive\chest_xray\chest_xray\train\NORMAL\NORMAL2-IM-0641-0001.jpeg,normal:im-0641,NORMAL,-8.575827598571777,0.00018857472866748844,0.004079857668602644
d:\Pneum Det\archive\chest_xray\chest_xray\train\NORMAL\NORMAL2-IM-0642-0001.jpeg,normal:im-0642,NORMAL,-8.711048126220703,0.0001647283395095371,0.0037423609811549504
d:\Pneum Det\archive\chest_xray\chest_xray\train\NORMAL\NORMAL2-IM-0651-0001.jpeg,normal:im-0651,NORMAL,-4.5874505043029785,0.01007621255538954,0.05017204064419224
d:\Pneum Det\archive\chest_xray\chest_xray\train\NORMAL\NORMAL2-IM-0651-0004.jpeg,normal:im-0651,NORMAL,-6.971322536468506,0.0009375312124085018,0.011328686721321786
d:\Pneum Det\archive\chest_xray\chest_xray\train\NORMAL\NORMAL2-IM-0657-0001.jpeg,normal:im-0657,NORMAL,-6.752320766448975,0.0011668024151183065,0.01301399057958509
d:\Pneum Det\archive\chest_xray\chest_xray\train\NORMAL\NORMAL2-IM-0659-0001.jpeg,normal:im-0659,NORMAL,2.36601185798645,0.9141985487680498,0.8200596102114608
d:\Pneum Det\archive\chest_xray\chest_xray\train\NORMAL\NORMAL2-IM-0660-0001.jpeg,normal:im-0660,NORMAL,-8.6341552734375,0.0001778921337733086,0.003930711339790592
d:\Pneum Det\archive\chest_xray\chest_xray\train\NORMAL\NORMAL2-IM-0666-0001.jpeg,normal:im-0666,NORMAL,-9.23245620727539,9.780312629921917e-05,0.002681905676024316
d:\Pneum Det\archive\chest_xray\chest_xray\train\NORMAL\NORMAL2-IM-0671-0001.jpeg,normal:im-0671,NORMAL,-6.912220478057861,0.0009945546314573466,0.01176099631549624
d:\Pneum Det\archive\chest_xray\chest_xray\train\NORMAL\NORMAL2-IM-0673-0001.jpeg,normal:im-0673,NORMAL,-8.489771842956543,0.0002055179084697605,0.004310256798772823
d:\Pneum Det\archive\chest_xray\chest_xray\train\NORMAL\NORMAL2-IM-0683-0001.jpeg,normal:im-0683,NORMAL,-8.089004516601562,0.0003068009583950484,0.005565856336390248
d:\Pneum Det\archive\chest_xray\chest_xray\train\NORMAL\NORMAL2-IM-0689-0001.jpeg,normal:im-0689,NORMAL,-7.901723861694336,0.0003699680534048316,0.006271395636496342
d:\Pneum Det\archive\chest_xray\chest_xray\train\NORMAL\NORMAL2-IM-0692-0001.jpeg,normal:im-0692,NORMAL,-9.588464736938477,6.850983481089265e-05,0.002135824622389465
d:\Pneum Det\archive\chest_xray\chest_xray\train\NORMAL\NORMAL2-IM-0695-0001.jpeg,normal:im-0695,NORMAL,-7.16626501083374,0.0007716056809853964,0.010011159428074467
d:\Pneum Det\archive\chest_xray\chest_xray\train\NORMAL\NORMAL2-IM-0699-0001.jpeg,normal:im-0699,NORMAL,-8.637454986572266,0.0001773062120588525,0.003922438040587292
d:\Pneum Det\archive\chest_xray\chest_xray\train\NORMAL\NORMAL2-IM-0702-0001.jpeg,normal:im-0702,NORMAL,-8.557497024536133,0.0001920626176332119,0.0041278836588018765
d:\Pneum Det\archive\chest_xray\chest_xray\train\NORMAL\NORMAL2-IM-0744-0001.jpeg,normal:im-0744,NORMAL,-5.142408847808838,0.005809647178028068,0.035688578671080204
d:\Pneum Det\archive\chest_xray\chest_xray\train\NORMAL\NORMAL2-IM-0771-0001.jpeg,normal:im-0771,NORMAL,-3.9247100353240967,0.01936543625674433,0.0747463371802325
d:\Pneum Det\archive\chest_xray\chest_xray\train\NORMAL\NORMAL2-IM-0777-0001.jpeg,normal:im-0777,NORMAL,-8.51708984375,0.00019998067033357084,0.004235747778506735
d:\Pneum Det\archive\chest_xray\chest_xray\train\NORMAL\NORMAL2-IM-0806-0001.jpeg,normal:im-0806,NORMAL,-7.766096591949463,0.0004236849731652073,0.006837173315537211
d:\Pneum Det\archive\chest_xray\chest_xray\train\NORMAL\NORMAL2-IM-0807-0001.jpeg,normal:im-0807,NORMAL,-9.197139739990234,0.00010131854800964315,0.0027431478701203603
d:\Pneum Det\archive\chest_xray\chest_xray\train\NORMAL\NORMAL2-IM-0809-0001.jpeg,normal:im-0809,NORMAL,-7.946094989776611,0.00035391670500083155,0.006096594465180677
d:\Pneum Det\archive\chest_xray\chest_xray\train\NORMAL\NORMAL2-IM-0816-0001.jpeg,normal:im-0816,NORMAL,-10.031291961669922,4.399933833604429e-05,0.0016088228456208045
d:\Pneum Det\archive\chest_xray\chest_xray\train\NORMAL\NORMAL2-IM-0819-0001.jpeg,normal:im-0819,NORMAL,-9.342312812805176,8.762883517865225e-05,0.0024999869796092666
d:\Pneum Det\archive\chest_xray\chest_xray\train\NORMAL\NORMAL2-IM-0830-0001.jpeg,normal:im-0830,NORMAL,-8.18214225769043,0.0002795241622659447,0.005244955617404493
d:\Pneum Det\archive\chest_xray\chest_xray\train\NORMAL\NORMAL2-IM-0831-0001.jpeg,normal:im-0831,NORMAL,-8.22412395477295,0.00026803525811959863,0.005106393336957651
d:\Pneum Det\archive\chest_xray\chest_xray\train\NORMAL\NORMAL2-IM-0832-0001-0001.jpeg,normal:im-0832-0001,NORMAL,-7.948948860168457,0.0003529084684168119,0.006085518773672594
d:\Pneum Det\archive\chest_xray\chest_xray\train\NORMAL\NORMAL2-IM-0832-0001-0002.jpeg,normal:im-0832-0001,NORMAL,-7.6949076652526855,0.0004549319545120276,0.007154141610362056
d:\Pneum Det\archive\chest_xray\chest_xray\train\NORMAL\NORMAL2-IM-0840-0001.jpeg,normal:im-0840,NORMAL,-5.664449214935303,0.00345507789856187,0.025800006728044434
d:\Pneum Det\archive\chest_xray\chest_xray\train\NORMAL\NORMAL2-IM-0846-0001.jpeg,normal:im-0846,NORMAL,-9.494525909423828,7.525703507842552e-05,0.0022680955373149863
d:\Pneum Det\archive\chest_xray\chest_xray\train\NORMAL\NORMAL2-IM-0853-0001.jpeg,normal:im-0853,NORMAL,-8.212652206420898,0.00027112695717103054,0.005143890596500523
d:\Pneum Det\archive\chest_xray\chest_xray\train\NORMAL\NORMAL2-IM-0859-0001.jpeg,normal:im-0859,NORMAL,-9.433452606201172,7.999610551750432e-05,0.0023584426258589884
d:\Pneum Det\archive\chest_xray\chest_xray\train\NORMAL\NORMAL2-IM-0865-0001.jpeg,normal:im-0865,NORMAL,-7.420635223388672,0.0005984103634400174,0.008517660863972749
d:\Pneum Det\archive\chest_xray\chest_xray\train\NORMAL\NORMAL2-IM-0870-0001.jpeg,normal:im-0870,NORMAL,-8.644588470458984,0.00017604612347147048,0.003904611644011891
d:\Pneum Det\archive\chest_xray\chest_xray\train\NORMAL\NORMAL2-IM-0875-0001.jpeg,normal:im-0875,NORMAL,-9.86422061920166,5.199969939561638e-05,0.0017903718987176416
d:\Pneum Det\archive\chest_xray\chest_xray\train\NORMAL\NORMAL2-IM-0881-0001.jpeg,normal:im-0881,NORMAL,-7.002782344818115,0.0009085221587621805,0.011105014870619972
d:\Pneum Det\archive\chest_xray\chest_xray\train\NORMAL\NORMAL2-IM-0892-0001.jpeg,normal:im-0892,NORMAL,-10.16496753692627,3.8494082424277596e-05,0.0014768937481171585
d:\Pneum Det\archive\chest_xray\chest_xray\train\NORMAL\NORMAL2-IM-0898-0001.jpeg,normal:im-0898,NORMAL,-9.31723403930664,8.985404759496634e-05,0.0025404010493300126
d:\Pneum Det\archive\chest_xray\chest_xray\train\NORMAL\NORMAL2-IM-0900-0001.jpeg,normal:im-0900,NORMAL,-7.932141304016113,0.00035888797827182873,0.006151036955292511
d:\Pneum Det\archive\chest_xray\chest_xray\train\NORMAL\NORMAL2-IM-0915-0001.jpeg,normal:im-0915,NORMAL,-9.023221969604492,0.0001205624672019883,0.0030656942511229873
d:\Pneum Det\archive\chest_xray\chest_xray\train\NORMAL\NORMAL2-IM-0917-0001.jpeg,normal:im-0917,NORMAL,-8.001811981201172,0.0003347432357473256,0.005883938974665738
d:\Pneum Det\archive\chest_xray\chest_xray\train\NORMAL\NORMAL2-IM-0926-0001.jpeg,normal:im-0926,NORMAL,-8.243206024169922,0.00026297041327553387,0.005044621966688437
d:\Pneum Det\archive\chest_xray\chest_xray\train\NORMAL\NORMAL2-IM-0929-0001.jpeg,normal:im-0929,NORMAL,-8.624366760253906,0.0001796416691658985,0.003955356264066046
d:\Pneum Det\archive\chest_xray\chest_xray\train\NORMAL\NORMAL2-IM-0932-0001.jpeg,normal:im-0932,NORMAL,-7.020084857940674,0.0008929515727226263,0.010983865030797117
d:\Pneum Det\archive\chest_xray\chest_xray\train\NORMAL\NORMAL2-IM-0934-0001.jpeg,normal:im-0934,NORMAL,-6.499815940856934,0.0015014581735861012,0.015265741933802892
d:\Pneum Det\archive\chest_xray\chest_xray\train\NORMAL\NORMAL2-IM-0945-0001.jpeg,normal:im-0945,NORMAL,-6.262027263641357,0.0019037439683992324,0.01773494504524714
d:\Pneum Det\archive\chest_xray\chest_xray\train\NORMAL\NORMAL2-IM-0951-0001.jpeg,normal:im-0951,NORMAL,-9.348442077636719,8.709342413310357e-05,0.0024902076777641295
d:\Pneum Det\archive\chest_xray\chest_xray\train\NORMAL\NORMAL2-IM-0962-0001.jpeg,normal:im-0962,NORMAL,-7.292996883392334,0.0006798237814131022,0.009237205245713503
d:\Pneum Det\archive\chest_xray\chest_xray\train\NORMAL\NORMAL2-IM-0970-0001.jpeg,normal:im-0970,NORMAL,-9.629891395568848,6.572986775741241e-05,0.0020799667063304697
d:\Pneum Det\archive\chest_xray\chest_xray\train\NORMAL\NORMAL2-IM-0978-0001.jpeg,normal:im-0978,NORMAL,-8.613809585571289,0.00018154787772433175,0.003982109010496391
d:\Pneum Det\archive\chest_xray\chest_xray\train\NORMAL\NORMAL2-IM-0983-0001-0001.jpeg,normal:im-0983-0001,NORMAL,-8.847495079040527,0.00014372068779696314,0.0034299981911023758
d:\Pneum Det\archive\chest_xray\chest_xray\train\NORMAL\NORMAL2-IM-0983-0001-0002.jpeg,normal:im-0983-0001,NORMAL,-9.61962890625,6.640784795962126e-05,0.0020936668692688
d:\Pneum Det\archive\chest_xray\chest_xray\train\NORMAL\NORMAL2-IM-0983-0001.jpeg,normal:im-0983,NORMAL,-9.058738708496094,0.000116356119802131,0.002996889055832187
d:\Pneum Det\archive\chest_xray\chest_xray\train\NORMAL\NORMAL2-IM-0997-0001.jpeg,normal:im-0997,NORMAL,-6.03122615814209,0.002396787876366888,0.02050502268158729
d:\Pneum Det\archive\chest_xray\chest_xray\train\NORMAL\NORMAL2-IM-1004-0001.jpeg,normal:im-1004,NORMAL,-9.025762557983398,0.00012025659314798718,0.003060720595274193
d:\Pneum Det\archive\chest_xray\chest_xray\train\NORMAL\NORMAL2-IM-1008-0001.jpeg,normal:im-1008,NORMAL,-8.106819152832031,0.0003013854391375369,0.005503002410792378
d:\Pneum Det\archive\chest_xray\chest_xray\train\NORMAL\NORMAL2-IM-1015-0001.jpeg,normal:im-1015,NORMAL,-6.188438415527344,0.002048823934030136,0.018575720980804233
d:\Pneum Det\archive\chest_xray\chest_xray\train\NORMAL\NORMAL2-IM-1017-0001.jpeg,normal:im-1017,NORMAL,-6.784129619598389,0.0011303131372664493,0.012754655846637526
d:\Pneum Det\archive\chest_xray\chest_xray\train\NORMAL\NORMAL2-IM-1026-0001.jpeg,normal:im-1026,NORMAL,-10.11867904663086,4.0317724767597975e-05,0.0015213075587724267
d:\Pneum Det\archive\chest_xray\chest_xray\train\NORMAL\NORMAL2-IM-1028-0001.jpeg,normal:im-1028,NORMAL,-9.121313095092773,0.00010929909965761171,0.0028793909246420148
d:\Pneum Det\archive\chest_xray\chest_xray\train\NORMAL\NORMAL2-IM-1033-0001.jpeg,normal:im-1033,NORMAL,-7.244790554046631,0.0007133743908474467,0.009524358499651737
d:\Pneum Det\archive\chest_xray\chest_xray\train\NORMAL\NORMAL2-IM-1038-0001.jpeg,normal:im-1038,NORMAL,-7.3185577392578125,0.0006626784768257174,0.009088442203061455
d:\Pneum Det\archive\chest_xray\chest_xray\train\NORMAL\NORMAL2-IM-1047-0001.jpeg,normal:im-1047,NORMAL,-8.189054489135742,0.00027759922339695595,0.005221886979927536
d:\Pneum Det\archive\chest_xray\chest_xray\train\NORMAL\NORMAL2-IM-1054-0001.jpeg,normal:im-1054,NORMAL,-6.648646831512451,0.0012940974623947808,0.01389587585340447
d:\Pneum Det\archive\chest_xray\chest_xray\train\NORMAL\NORMAL2-IM-1064-0001.jpeg,normal:im-1064,NORMAL,1.0022528171539307,0.7315012787387507,0.6553189190732196
d:\Pneum Det\archive\chest_xray\chest_xray\train\NORMAL\NORMAL2-IM-1067-0001-0001.jpeg,normal:im-1067-0001,NORMAL,-8.439216613769531,0.00021617272655417258,0.0044516034725967735
d:\Pneum Det\archive\chest_xray\chest_xray\train\NORMAL\NORMAL2-IM-1089-0001.jpeg,normal:im-1089,NORMAL,-9.293167114257812,9.204258927936192e-05,0.0025797971336936664
d:\Pneum Det\archive\chest_xray\chest_xray\train\NORMAL\NORMAL2-IM-1096-0001.jpeg,normal:im-1096,NORMAL,-9.780447006225586,5.6543316425980535e-05,0.0018889636674592617
d:\Pneum Det\archive\chest_xray\chest_xray\train\NORMAL\NORMAL2-IM-1109-0001.jpeg,normal:im-1109,NORMAL,-10.43352222442627,2.9428362045285702e-05,0.0012436063090325337
d:\Pneum Det\archive\chest_xray\chest_xray\train\NORMAL\NORMAL2-IM-1111-0001.jpeg,normal:im-1111,NORMAL,-8.471481323242188,0.0002093107316365653,0.0043608715653363685
d:\Pneum Det\archive\chest_xray\chest_xray\train\NORMAL\NORMAL2-IM-1114-0001.jpeg,normal:im-1114,NORMAL,-9.100266456604004,0.00011162359714333097,0.002918389131577529
d:\Pneum Det\archive\chest_xray\chest_xray\train\NORMAL\NORMAL2-IM-1116-0001-0001.jpeg,normal:im-1116-0001,NORMAL,-8.291303634643555,0.0002506246163515478,0.004892202103281697
d:\Pneum Det\archive\chest_xray\chest_xray\train\NORMAL\NORMAL2-IM-1116-0001-0002.jpeg,normal:im-1116-0001,NORMAL,-9.083035469055176,0.00011356342813599604,0.0029507089056873188
d:\Pneum Det\archive\chest_xray\chest_xray\train\NORMAL\NORMAL2-IM-1128-0001-0001.jpeg,normal:im-1128-0001,NORMAL,-8.07242488861084,0.0003119284056129189,0.005624994040198825
d:\Pneum Det\archive\chest_xray\chest_xray\train\NORMAL\NORMAL2-IM-1128-0001-0002.jpeg,normal:im-1128-0001,NORMAL,-9.207470893859863,0.00010027730335491964,0.002725089727180657
d:\Pneum Det\archive\chest_xray\chest_xray\train\NORMAL\NORMAL2-IM-1128-0001.jpeg,normal:im-1128,NORMAL,-8.819019317626953,0.00014787145631396756,0.0034929657801287843
d:\Pneum Det\archive\chest_xray\chest_xray\train\NORMAL\NORMAL2-IM-1138-0001.jpeg,normal:im-1138,NORMAL,-8.12348747253418,0.0002964049626990027,0.005444832330813841
d:\Pneum Det\archive\chest_xray\chest_xray\train\NORMAL\NORMAL2-IM-1145-0001.jpeg,normal:im-1145,NORMAL,-8.859173774719238,0.00014205221779235236,0.0034045017281845204
d:\Pneum Det\archive\chest_xray\chest_xray\train\NORMAL\NORMAL2-IM-1150-0001.jpeg,normal:im-1150,NORMAL,-9.190062522888184,0.00010203807131171145,0.002755587182889048
d:\Pneum Det\archive\chest_xray\chest_xray\train\NORMAL\NORMAL2-IM-1153-0001.jpeg,normal:im-1153,NORMAL,-7.782346248626709,0.0004168587201142792,0.0067667997684639995
d:\Pneum Det\archive\chest_xray\chest_xray\train\NORMAL\NORMAL2-IM-1154-0001-0001.jpeg,normal:im-1154-0001,NORMAL,-7.280864715576172,0.0006881160420529729,0.009308655668221944
d:\Pneum Det\archive\chest_xray\chest_xray\train\NORMAL\NORMAL2-IM-1154-0001-0002.jpeg,normal:im-1154-0001,NORMAL,-6.494414806365967,0.0015095774159009255,0.01531787923248155
d:\Pneum Det\archive\chest_xray\chest_xray\train\NORMAL\NORMAL2-IM-1160-0001.jpeg,normal:im-1160,NORMAL,-6.868555068969727,0.00103889824492984,0.012090825236946205
d:\Pneum Det\archive\chest_xray\chest_xray\train\NORMAL\NORMAL2-IM-1162-0001.jpeg,normal:im-1162,NORMAL,-6.677219390869141,0.0012576908812098556,0.013647108414091108
d:\Pneum Det\archive\chest_xray\chest_xray\train\NORMAL\NORMAL2-IM-1175-0001.jpeg,normal:im-1175,NORMAL,-8.466682434082031,0.00021031739287848854,0.004374249091867419
d:\Pneum Det\archive\chest_xray\chest_xray\train\NORMAL\NORMAL2-IM-1178-0001.jpeg,normal:im-1178,NORMAL,-8.59101676940918,0.00018573260627435023,0.004040484027753879
d:\Pneum Det\archive\chest_xray\chest_xray\train\NORMAL\NORMAL2-IM-1183-0001.jpeg,normal:im-1183,NORMAL,-9.21613883972168,9.941194737443434e-05,0.002710030250422533
d:\Pneum Det\archive\chest_xray\chest_xray\train\NORMAL\NORMAL2-IM-1187-0001.jpeg,normal:im-1187,NORMAL,-9.698013305664062,6.140159725978776e-05,0.0019912660780686637
d:\Pneum Det\archive\chest_xray\chest_xray\train\NORMAL\NORMAL2-IM-1198-0001.jpeg,normal:im-1198,NORMAL,-8.290536880493164,0.00025081680929044575,0.004894595605525577
d:\Pneum Det\archive\chest_xray\chest_xray\train\NORMAL\NORMAL2-IM-1200-0001.jpeg,normal:im-1200,NORMAL,-7.90496826171875,0.0003687701160319112,0.006258447180680492
d:\Pneum Det\archive\chest_xray\chest_xray\train\NORMAL\NORMAL2-IM-1221-0001.jpeg,normal:im-1221,NORMAL,-6.951030254364014,0.0009567318118985829,0.011475316876762363
d:\Pneum Det\archive\chest_xray\chest_xray\train\NORMAL\NORMAL2-IM-1223-0001.jpeg,normal:im-1223,NORMAL,-8.187238693237305,0.00027810360453434135,0.005227937160801091
d:\Pneum Det\archive\chest_xray\chest_xray\train\NORMAL\NORMAL2-IM-1227-0001.jpeg,normal:im-1227,NORMAL,-6.8724799156188965,0.0010348329312675404,0.012060808733578737
d:\Pneum Det\archive\chest_xray\chest_xray\train\NORMAL\NORMAL2-IM-1236-0001.jpeg,normal:im-1236,NORMAL,-8.876727104187012,0.00013958083044980142,0.0033665348564243767
d:\Pneum Det\archive\chest_xray\chest_xray\train\NORMAL\NORMAL2-IM-1242-0001.jpeg,normal:im-1242,NORMAL,-9.454484939575195,7.83313012789467e-05,0.002326930767569767
d:\Pneum Det\archive\chest_xray\chest_xray\train\NORMAL\NORMAL2-IM-1253-0001.jpeg,normal:im-1253,NORMAL,-8.374963760375977,0.00023051507369580766,0.004637924738637222
d:\Pneum Det\archive\chest_xray\chest_xray\train\NORMAL\NORMAL2-IM-1269-0001-0001.jpeg,normal:im-1269-0001,NORMAL,-9.204360961914062,0.0001005896129537149,0.0027305131654250052
d:\Pneum Det\archive\chest_xray\chest_xray\train\NORMAL\NORMAL2-IM-1269-0001-0002.jpeg,normal:im-1269-0001,NORMAL,-5.957984924316406,0.002578450338285198,0.021469569019504184
d:\Pneum Det\archive\chest_xray\chest_xray\train\NORMAL\NORMAL2-IM-1269-0001.jpeg,normal:im-1269,NORMAL,-7.744064807891846,0.00043311900875168187,0.006933750043931409
d:\Pneum Det\archive\chest_xray\chest_xray\train\NORMAL\NORMAL2-IM-1276-0001.jpeg,normal:im-1276,NORMAL,-5.131986141204834,0.005870158774239791,0.035919238709889896
d:\Pneum Det\archive\chest_xray\chest_xray\train\NORMAL\NORMAL2-IM-1278-0001.jpeg,normal:im-1278,NORMAL,-8.377950668334961,0.00022982773165491238,0.004629093690637906
d:\Pneum Det\archive\chest_xray\chest_xray\train\NORMAL\NORMAL2-IM-1281-0001.jpeg,normal:im-1281,NORMAL,-8.022660255432129,0.000327838926445151,0.005806277104416282
d:\Pneum Det\archive\chest_xray\chest_xray\train\NORMAL\NORMAL2-IM-1288-0001.jpeg,normal:im-1288,NORMAL,-8.930532455444336,0.0001322700708521207,0.003252766175881936
d:\Pneum Det\archive\chest_xray\chest_xray\train\NORMAL\NORMAL2-IM-1291-0001.jpeg,normal:im-1291,NORMAL,-7.6621809005737305,0.000470059596289531,0.007304711356445914
d:\Pneum Det\archive\chest_xray\chest_xray\train\NORMAL\NORMAL2-IM-1292-0001.jpeg,normal:im-1292,NORMAL,-9.746990203857422,5.846696450616199e-05,0.0019298362654184443
d:\Pneum Det\archive\chest_xray\chest_xray\train\NORMAL\NORMAL2-IM-1302-0001.jpeg,normal:im-1302,NORMAL,-4.4722161293029785,0.011292986990423273,0.05381168307993786
d:\Pneum Det\archive\chest_xray\chest_xray\train\NORMAL\NORMAL2-IM-1304-0001.jpeg,normal:im-1304,NORMAL,-8.679641723632812,0.000169983068803008,0.0038181801821355055
d:\Pneum Det\archive\chest_xray\chest_xray\train\NORMAL\NORMAL2-IM-1314-0001.jpeg,normal:im-1314,NORMAL,-9.408740997314453,8.199740167616476e-05,0.0023960113546237136
d:\Pneum Det\archive\chest_xray\chest_xray\train\NORMAL\NORMAL2-IM-1323-0001.jpeg,normal:im-1323,NORMAL,-9.679598808288574,6.254268008467266e-05,0.002014864155424496
d:\Pneum Det\archive\chest_xray\chest_xray\train\NORMAL\NORMAL2-IM-1333-0001.jpeg,normal:im-1333,NORMAL,-6.028682231903076,0.002402878220390411,0.0205378023163127
d:\Pneum Det\archive\chest_xray\chest_xray\train\NORMAL\NORMAL2-IM-1338-0001.jpeg,normal:im-1338,NORMAL,-9.943330764770508,4.8044696145845365e-05,0.0017019892078780365
d:\Pneum Det\archive\chest_xray\chest_xray\train\NORMAL\NORMAL2-IM-1342-0001.jpeg,normal:im-1342,NORMAL,-9.092361450195312,0.00011250937956270135,0.002933172318068784
d:\Pneum Det\archive\chest_xray\chest_xray\train\NORMAL\NORMAL2-IM-1345-0001-0001.jpeg,normal:im-1345-0001,NORMAL,-7.583881855010986,0.0005083246148429456,0.007677836779494332
d:\Pneum Det\archive\chest_xray\chest_xray\train\NORMAL\NORMAL2-IM-1345-0001-0002.jpeg,normal:im-1345-0001,NORMAL,-8.5154390335083,0.00020031100693009853,0.004240213679989338
d:\Pneum Det\archive\chest_xray\chest_xray\train\NORMAL\NORMAL2-IM-1350-0001.jpeg,normal:im-1350,NORMAL,-9.616495132446289,6.66162676701431e-05,0.002097868297727275
d:\Pneum Det\archive\chest_xray\chest_xray\train\NORMAL\NORMAL2-IM-1356-0001.jpeg,normal:im-1356,NORMAL,2.3504421710968018,0.9129693672558484,0.818582076420988
d:\Pneum Det\archive\chest_xray\chest_xray\train\NORMAL\NORMAL2-IM-1385-0001.jpeg,normal:im-1385,NORMAL,-5.1531219482421875,0.005748095893222223,0.03545297889773548
d:\Pneum Det\archive\chest_xray\chest_xray\train\NORMAL\NORMAL2-IM-1406-0001.jpeg,normal:im-1406,NORMAL,-1.670648217201233,0.1583377737997751,0.2552162256441014
d:\Pneum Det\archive\chest_xray\chest_xray\train\PNEUMONIA\person1002_bacteria_2933.jpeg,person1002,PNEUMONIA,2.295076608657837,0.9084684641851025,0.8132515243813447
d:\Pneum Det\archive\chest_xray\chest_xray\train\PNEUMONIA\person1004_bacteria_2935.jpeg,person1004,PNEUMONIA,6.473424434661865,0.998458450459978,0.9844778306205119
d:\Pneum Det\archive\chest_xray\chest_xray\train\PNEUMONIA\person1004_virus_1686.jpeg,person1004,PNEUMONIA,9.901823043823242,0.999949919213472,0.9982521950941361
d:\Pneum Det\archive\chest_xray\chest_xray\train\PNEUMONIA\person1010_bacteria_2941.jpeg,person1010,PNEUMONIA,5.020867824554443,0.9934444610497111,0.9615308010981712
d:\Pneum Det\archive\chest_xray\chest_xray\train\PNEUMONIA\person1010_virus_1695.jpeg,person1010,PNEUMONIA,9.216010093688965,0.9999005752541804,0.9972897466777327
d:\Pneum Det\archive\chest_xray\chest_xray\train\PNEUMONIA\person1012_bacteria_2943.jpeg,person1012,PNEUMONIA,8.784013748168945,0.999846861359304,0.9964280469798158
d:\Pneum Det\archive\chest_xray\chest_xray\train\PNEUMONIA\person1020_bacteria_2951.jpeg,person1020,PNEUMONIA,9.278449058532715,0.9999065928319598,0.9973958106394185
d:\Pneum Det\archive\chest_xray\chest_xray\train\PNEUMONIA\person1020_virus_1710.jpeg,person1020,PNEUMONIA,5.645679950714111,0.9964796908647636,0.9738958400341932
d:\Pneum Det\archive\chest_xray\chest_xray\train\PNEUMONIA\person1022_bacteria_2953.jpeg,person1022,PNEUMONIA,5.583746910095215,0.996255616598074,0.97286727191384
d:\Pneum Det\archive\chest_xray\chest_xray\train\PNEUMONIA\person1022_virus_1712.jpeg,person1022,PNEUMONIA,-1.274919033050537,0.21841635770327344,0.3063376572978043
d:\Pneum Det\archive\chest_xray\chest_xray\train\PNEUMONIA\person1023_bacteria_2954.jpeg,person1023,PNEUMONIA,-3.4714114665985107,0.030136699093324254,0.09749466563278264
d:\Pneum Det\archive\chest_xray\chest_xray\train\PNEUMONIA\person1023_virus_1714.jpeg,person1023,PNEUMONIA,5.077270984649658,0.9938017514704104,0.9628461564004688
d:\Pneum Det\archive\chest_xray\chest_xray\train\PNEUMONIA\person1035_bacteria_2969.jpeg,person1035,PNEUMONIA,6.4961419105529785,0.9984930236058253,0.9846988115878915
d:\Pneum Det\archive\chest_xray\chest_xray\train\PNEUMONIA\person1035_virus_1729.jpeg,person1035,PNEUMONIA,3.4403021335601807,0.9689406097489346,0.900736429355085
d:\Pneum Det\archive\chest_xray\chest_xray\train\PNEUMONIA\person1039_bacteria_2973.jpeg,person1039,PNEUMONIA,4.807078838348389,0.9918945396451678,0.9561280848404496
d:\Pneum Det\archive\chest_xray\chest_xray\train\PNEUMONIA\person1040_bacteria_2974.jpeg,person1040,PNEUMONIA,3.928204298019409,0.9807008099204892,0.9254084339966286
d:\Pneum Det\archive\chest_xray\chest_xray\train\PNEUMONIA\person1040_virus_1735.jpeg,person1040,PNEUMONIA,5.457054615020752,0.9957520197469231,0.9706390709489289
d:\Pneum Det\archive\chest_xray\chest_xray\train\PNEUMONIA\person1051_bacteria_2985.jpeg,person1051,PNEUMONIA,7.860867023468018,0.999614609128722,0.9935632476576821
d:\Pneum Det\archive\chest_xray\chest_xray\train\PNEUMONIA\person1051_virus_1750.jpeg,person1051,PNEUMONIA,5.881004333496094,0.9972157936601963,0.9774688208727654
d:\Pneum Det\archive\chest_xray\chest_xray\train\PNEUMONIA\person1058_bacteria_2992.jpeg,person1058,PNEUMONIA,7.3550190925598145,0.9993610333292877,0.9911196616557317
d:\Pneum Det\archive\chest_xray\chest_xray\train\PNEUMONIA\person1058_virus_1757.jpeg,person1058,PNEUMONIA,4.440433502197266,0.9883465774160276,0.945141447659552
d:\Pneum Det\archive\chest_xray\chest_xray\train\PNEUMONIA\person1063_bacteria_2997.jpeg,person1063,PNEUMONIA,2.8622448444366455,0.9459481938533006,0.8623403447052373
d:\Pneum Det\archive\chest_xray\chest_xray\train\PNEUMONIA\person1063_virus_1765.jpeg,person1063,PNEUMONIA,6.579286575317383,0.9986130864266811,0.9854814890799312
d:\Pneum Det\archive\chest_xray\chest_xray\train\PNEUMONIA\person1068_bacteria_3002.jpeg,person1068,PNEUMONIA,5.468851566314697,0.9958016293727038,0.9708538291554933
d:\Pneum Det\archive\chest_xray\chest_xray\train\PNEUMONIA\person1068_virus_1771.jpeg,person1068,PNEUMONIA,6.658299446105957,0.9987183179347023,0.9861886608669889
d:\Pneum Det\archive\chest_xray\chest_xray\train\PNEUMONIA\person1075_bacteria_3015.jpeg,person1075,PNEUMONIA,-4.142449378967285,0.015635544732426402,0.0656476800752045
d:\Pneum Det\archive\chest_xray\chest_xray\train\PNEUMONIA\person1076_bacteria_3016.jpeg,person1076,PNEUMONIA,4.215048789978027,0.9854434229059753,0.9371499618355504
d:\Pneum Det\archive\chest_xray\chest_xray\train\PNEUMONIA\person1082_bacteria_3022.jpeg,person1082,PNEUMONIA,7.136857509613037,0.9992053846849055,0.9898002640465752
d:\Pneum Det\archive\chest_xray\chest_xray\train\PNEUMONIA\person1082_virus_1794.jpeg,person1082,PNEUMONIA,4.988269329071045,0.9932287098963709,0.9607503162642376
d:\Pneum Det\archive\chest_xray\chest_xray\train\PNEUMONIA\person1085_bacteria_3025.jpeg,person1085,PNEUMONIA,8.0020170211792,0.9996653253699941,0.9941168298248118
d:\Pneum Det\archive\chest_xray\chest_xray\train\PNEUMONIA\person1085_virus_1797.jpeg,person1085,PNEUMONIA,5.579039573669434,0.9962380154399219,0.9727875019093544
d:\Pneum Det\archive\chest_xray\chest_xray\train\PNEUMONIA\person1096_bacteria_3037.jpeg,person1096,PNEUMONIA,7.048039436340332,0.9991316434624693,0.9892091131257527
d:\Pneum Det\archive\chest_xray\chest_xray\train\PNEUMONIA\person1096_virus_1816.jpeg,person1096,PNEUMONIA,7.322910785675049,0.999340198024718,0.9909366547101813
d:\Pneum Det\archive\chest_xray\chest_xray\train\PNEUMONIA\person1099_bacteria_3040.jpeg,person1099,PNEUMONIA,2.8792150020599365,0.9468093438619984,0.8636266851453969
d:\Pneum Det\archive\chest_xray\chest_xray\train\PNEUMONIA\person1099_virus_1819.jpeg,person1099,PNEUMONIA,2.1704719066619873,0.8975663622613057,0.8008154768019287
d:\Pneum Det\archive\chest_xray\chest_xray\train\PNEUMONIA\person1101_bacteria_3042.jpeg,person1101,PNEUMONIA,8.847129821777344,0.9998562268151383,0.9965692013324685
d:\Pneum Det\archive\chest_xray\chest_xray\train\PNEUMONIA\person1104_virus_1826.jpeg,person1104,PNEUMONIA,6.693711280822754,0.9987628552698029,0.9864944740611612
d:\Pneum Det\archive\chest_xray\chest_xray\train\PNEUMONIA\person1111_bacteria_3052.jpeg,person1111,PNEUMONIA,4.951949596405029,0.9929800159739945,0.9598628514558802
d:\Pneum Det\archive\chest_xray\chest_xray\train\PNEUMONIA\person1111_virus_1836.jpeg,person1111,PNEUMONIA,5.868592262268066,0.9971811185572867,0.9772929153904903
d:\Pneum Det\archive\chest_xray\chest_xray\train\PNEUMONIA\person1113_virus_1838.jpeg,person1113,PNEUMONIA,9.894126892089844,0.9999495323166931,0.9982435658578729
d:\Pneum Det\archive\chest_xray\chest_xray\train\PNEUMONIA\person1115_bacteria_3056.jpeg,person1115,PNEUMONIA,3.818230390548706,0.9785055225328124,0.920393684467845
d:\Pneum Det\archive\chest_xray\chest_xray\train\PNEUMONIA\person1115_virus_1840.jpeg,person1115,PNEUMONIA,6.50543737411499,0.9985069459277536,0.9847883363709905
d:\Pneum Det\archive\chest_xray\chest_xray\train\PNEUMONIA\person1116_virus_1841.jpeg,person1116,PNEUMONIA,6.459177494049072,0.9984363654882584,0.9843376460042619
d:\Pneum Det\archive\chest_xray\chest_xray\train\PNEUMONIA\person1123_virus_1848.jpeg,person1123,PNEUMONIA,1.8569194078445435,0.8649374757159699,0.7668114327768863
d:\Pneum Det\archive\chest_xray\chest_xray\train\PNEUMONIA\person1125_bacteria_3066.jpeg,person1125,PNEUMONIA,6.6030073165893555,0.9986455538868364,0.9856974591751441
d:\Pneum Det\archive\chest_xray\chest_xray\train\PNEUMONIA\person1125_virus_1852.jpeg,person1125,PNEUMONIA,4.848305702209473,0.9922193606743933,0.9572234310154291
d:\Pneum Det\archive\chest_xray\chest_xray\train\PNEUMONIA\person1130_bacteria_3072.jpeg,person1130,PNEUMONIA,6.361923694610596,0.998276930955267,0.9833468681392528
d:\Pneum Det\archive\chest_xray\chest_xray\train\PNEUMONIA\person1130_virus_1860.jpeg,person1130,PNEUMONIA,6.921233177185059,0.9990143599228557,0.9883059665289505
d:\Pneum Det\archive\chest_xray\chest_xray\train\PNEUMONIA\person1134_bacteria_3076.jpeg,person1134,PNEUMONIA,5.820488452911377,0.99704261609853,0.9765984224955163
d:\Pneum Det\archive\chest_xray\chest_xray\train\PNEUMONIA\person1141_bacteria_3084.jpeg,person1141,PNEUMONIA,7.20849084854126,0.9992602741017629,0.9902535941393347
d:\Pneum Det\archive\chest_xray\chest_xray\train\PNEUMONIA\person1141_bacteria_3085.jpeg,person1141,PNEUMONIA,7.663705348968506,0.999530656103322,0.9927023716908747
d:\Pneum Det\archive\chest_xray\chest_xray\train\PNEUMONIA\person1141_virus_1886.jpeg,person1141,PNEUMONIA,3.2153310775756836,0.9614071541268273,0.8870758854906553
d:\Pneum Det\archive\chest_xray\chest_xray\train\PNEUMONIA\person1141_virus_1890.jpeg,person1141,PNEUMONIA,3.664350748062134,0.9750192271518199,0.9128596615350307
d:\Pneum Det\archive\chest_xray\chest_xray\train\PNEUMONIA\person1147_virus_1917.jpeg,person1147,PNEUMONIA,1.82058846950531,0.8606367237298695,0.7626210146973424
d:\Pneum Det\archive\chest_xray\chest_xray\train\PNEUMONIA\person1147_virus_1919.jpeg,person1147,PNEUMONIA,6.676785945892334,0.9987417645468971,0.9863491507977172
d:\Pneum Det\archive\chest_xray\chest_xray\train\PNEUMONIA\person1147_virus_1920.jpeg,person1147,PNEUMONIA,6.536322593688965,0.9985522886574776,0.9850821047669291
d:\Pneum Det\archive\chest_xray\chest_xray\train\PNEUMONIA\person1149_bacteria_3094.jpeg,person1149,PNEUMONIA,8.161683082580566,0.9997146997500177,0.9946861689059315
d:\Pneum Det\archive\chest_xray\chest_xray\train\PNEUMONIA\person1149_virus_1924.jpeg,person1149,PNEUMONIA,3.063263177871704,0.9553516942682463,0.8769360693389111
d:\Pneum Det\archive\chest_xray\chest_xray\train\PNEUMONIA\person1149_virus_1925.jpeg,person1149,PNEUMONIA,5.111606121063232,0.9940097038718498,0.9636255871146304
d:\Pneum Det\archive\chest_xray\chest_xray\train\PNEUMONIA\person1155_bacteria_3100.jpeg,person1155,PNEUMONIA,8.476564407348633,0.9997917502919301,0.9956532537712297
d:\Pneum Det\archive\chest_xray\chest_xray\train\PNEUMONIA\person1155_virus_1934.jpeg,person1155,PNEUMONIA,-0.30875658988952637,0.4234182701499046,0.4506781777330365
d:\Pneum Det\archive\chest_xray\chest_xray\train\PNEUMONIA\person1157_bacteria_3102.jpeg,person1157,PNEUMONIA,6.78512716293335,0.9988708125643088,0.987253394003323
d:\Pneum Det\archive\chest_xray\chest_xray\train\PNEUMONIA\person1157_virus_1937.jpeg,person1157,PNEUMONIA,1.191637635231018,0.7670338260361464,0.6822018456318942
d:\Pneum Det\archive\chest_xray\chest_xray\train\PNEUMONIA\person1161_virus_1948.jpeg,person1161,PNEUMONIA,-3.668937921524048,0.02486928740688465,0.08690670306192025
d:\Pneum Det\archive\chest_xray\chest_xray\train\PNEUMONIA\person1170_bacteria_3117.jpeg,person1170,PNEUMONIA,4.310916423797607,0.9867564998434765,0.9406739736367776
d:\Pneum Det\archive\chest_xray\chest_xray\train\PNEUMONIA\person1170_virus_1969.jpeg,person1170,PNEUMONIA,6.335766792297363,0.998231346950821,0.9830700398843025
d:\Pneum Det\archive\chest_xray\chest_xray\train\PNEUMONIA\person1170_virus_1970.jpeg,person1170,PNEUMONIA,8.223201751708984,0.999731717511278,0.9948906023718554
d:\Pneum Det\archive\chest_xray\chest_xray\train\PNEUMONIA\person1175_bacteria_3122.jpeg,person1175,PNEUMONIA,2.277146339416504,0.9069665395125649,0.8114995489777906
d:\Pneum Det\archive\chest_xray\chest_xray\train\PNEUMONIA\person1175_virus_1981.jpeg,person1175,PNEUMONIA,-3.823976516723633,0.02137395398739849,0.07933683878379566
d:\Pneum Det\archive\chest_xray\chest_xray\train\PNEUMONIA\person1182_virus_2017.jpeg,person1182,PNEUMONIA,-2.992600202560425,0.047761293084825525,0.12803662923928077
d:\Pneum Det\archive\chest_xray\chest_xray\train\PNEUMONIA\person1184_bacteria_3132.jpeg,person1184,PNEUMONIA,9.118488311767578,0.9998903917514755,0.9971154052589276
d:\Pneum Det\archive\chest_xray\chest_xray\train\PNEUMONIA\person1184_virus_2019.jpeg,person1184,PNEUMONIA,-2.502203941345215,0.07570381989770479,0.16741515283725358
d:\Pneum Det\archive\chest_xray\chest_xray\train\PNEUMONIA\person1191_virus_2032.jpeg,person1191,PNEUMONIA,-6.355996608734131,0.0017332943945092313,0.016715467895412502
d:\Pneum Det\archive\chest_xray\chest_xray\train\PNEUMONIA\person1197_bacteria_3147.jpeg,person1197,PNEUMONIA,6.867873668670654,0.9989603943444504,0.987903956026975
d:\Pneum Det\archive\chest_xray\chest_xray\train\PNEUMONIA\person1197_virus_2039.jpeg,person1197,PNEUMONIA,4.452714443206787,0.9884871796232509,0.9455482174787715
d:\Pneum Det\archive\chest_xray\chest_xray\train\PNEUMONIA\person1199_bacteria_3149.jpeg,person1199,PNEUMONIA,-3.418452024459839,0.03172374362963318,0.1005230069984009
d:\Pneum Det\archive\chest_xray\chest_xray\train\PNEUMONIA\person120_virus_226.jpeg,person120,PNEUMONIA,2.4239325523376465,0.9186341691953518,0.8254736980693679
d:\Pneum Det\archive\chest_xray\chest_xray\train\PNEUMONIA\person1211_bacteria_3163.jpeg,person1211,PNEUMONIA,5.34808874130249,0.9952652895065677,0.9685815192841629
d:\Pneum Det\archive\chest_xray\chest_xray\train\PNEUMONIA\person1211_virus_2056.jpeg,person1211,PNEUMONIA,3.188352584838867,0.960393604023159,0.8853317956425061
d:\Pneum Det\archive\chest_xray\chest_xray\train\PNEUMONIA\person1217_bacteria_3169.jpeg,person1217,PNEUMONIA,8.504786491394043,0.9997975442001706,0.9957308552712442
d:\Pneum Det\archive\chest_xray\chest_xray\train\PNEUMONIA\person1217_virus_2063.jpeg,person1217,PNEUMONIA,5.400686740875244,0.99550679968439,0.9695915613076459
d:\Pneum Det\archive\chest_xray\chest_xray\train\PNEUMONIA\person1225_bacteria_3180.jpeg,person1225,PNEUMONIA,5.96406888961792,0.9974371491586285,0.9786122155815026
d:\Pneum Det\archive\chest_xray\chest_xray\train\PNEUMONIA\person1225_virus_2076.jpeg,person1225,PNEUMONIA,3.021470308303833,0.9535347128110471,0.8740154142036203
d:\Pneum Det\archive\chest_xray\chest_xray\train\PNEUMONIA\person1227_bacteria_3182.jpeg,person1227,PNEUMONIA,4.795267581939697,0.9917990261434962,0.9558093741161277
d:\Pneum Det\archive\chest_xray\chest_xray\train\PNEUMONIA\person1227_virus_2078.jpeg,person1227,PNEUMONIA,-1.7024190425872803,0.15414958823609107,0.25136419492404
d:\Pneum Det\archive\chest_xray\chest_xray\train\PNEUMONIA\person1230_bacteria_3185.jpeg,person1230,PNEUMONIA,6.143015384674072,0.9978561703979086,0.9808859148006015
d:\Pneum Det\archive\chest_xray\chest_xray\train\PNEUMONIA\person1230_virus_2081.jpeg,person1230,PNEUMONIA,-0.7761499285697937,0.315150257194859,0.37811488159390183
d:\Pneum Det\archive\chest_xray\chest_xray\train\PNEUMONIA\person1231_bacteria_3186.jpeg,person1231,PNEUMONIA,8.298402786254883,0.9997511478640366,0.9951299033920721
d:\Pneum Det\archive\chest_xray\chest_xray\train\PNEUMONIA\person1231_virus_2088.jpeg,person1231,PNEUMONIA,5.5352959632873535,0.9960704613148138,0.9720352452273749
d:\Pneum Det\archive\chest_xray\chest_xray\train\PNEUMONIA\person1237_bacteria_3193.jpeg,person1237,PNEUMONIA,7.149254322052002,0.9992151668914073,0.9898801838736346
d:\Pneum Det\archive\chest_xray\chest_xray\train\PNEUMONIA\person1237_virus_2097.jpeg,person1237,PNEUMONIA,9.817947387695312,0.9999455377006916,0.998155822652388
d:\Pneum Det\archive\chest_xray\chest_xray\train\PNEUMONIA\person1241_bacteria_3197.jpeg,person1241,PNEUMONIA,6.2414679527282715,0.9980567880975529,0.9820339935050264
d:\Pneum Det\archive\chest_xray\chest_xray\train\PNEUMONIA\person1241_virus_2106.jpeg,person1241,PNEUMONIA,7.483775615692139,0.9994381848005621,0.9918174566355469
d:\Pneum Det\archive\chest_xray\chest_xray\train\PNEUMONIA\person1249_bacteria_3205.jpeg,person1249,PNEUMONIA,6.988845348358154,0.9990787388709089,0.9887964402078796
d:\Pneum Det\archive\chest_xray\chest_xray\train\PNEUMONIA\person1249_virus_2118.jpeg,person1249,PNEUMONIA,4.508493900299072,0.9891049717106922,0.9473602142824082
d:\Pneum Det\archive\chest_xray\chest_xray\train\PNEUMONIA\person1255_virus_2132.jpeg,person1255,PNEUMONIA,9.115633010864258,0.9998900783741658,0.9971101356930282
d:\Pneum Det\archive\chest_xray\chest_xray\train\PNEUMONIA\person1263_bacteria_3221.jpeg,person1263,PNEUMONIA,6.243331432342529,0.9980603988444386,0.9820550579560982
d:\Pneum Det\archive\chest_xray\chest_xray\train\PNEUMONIA\person1264_bacteria_3222.jpeg,person1264,PNEUMONIA,4.815648078918457,0.9919631446974646,0.9563579401597778
d:\Pneum Det\archive\chest_xray\chest_xray\train\PNEUMONIA\person1264_virus_2155.jpeg,person1264,PNEUMONIA,4.322965621948242,0.9869130400822277,0.9411035714877133
d:\Pneum Det\archive\chest_xray\chest_xray\train\PNEUMONIA\person1267_bacteria_3226.jpeg,person1267,PNEUMONIA,8.188212394714355,0.999722166978367,0.9947753080516774
d:\Pneum Det\archive\chest_xray\chest_xray\train\PNEUMONIA\person1267_virus_2160.jpeg,person1267,PNEUMONIA,5.578639030456543,0.9962365139728196,0.9727807038338576
d:\Pneum Det\archive\chest_xray\chest_xray\train\PNEUMONIA\person1279_bacteria_3242.jpeg,person1279,PNEUMONIA,8.1860990524292,0.999721579364875,0.9947682620269879
d:\Pneum Det\archive\chest_xray\chest_xray\train\PNEUMONIA\person1281_bacteria_3244.jpeg,person1281,PNEUMONIA,9.487640380859375,0.9999242230317703,0.9977218937622488
d:\Pneum Det\archive\chest_xray\chest_xray\train\PNEUMONIA\person1281_virus_2204.jpeg,person1281,PNEUMONIA,-2.4125449657440186,0.08222106876483158,0.17558050550121113
d:\Pneum Det\archive\chest_xray\chest_xray\train\PNEUMONIA\person1287_bacteria_3250.jpeg,person1287,PNEUMONIA,5.321869373321533,0.9951401179117341,0.9680659763978525
d:\Pneum Det\archive\chest_xray\chest_xray\train\PNEUMONIA\person1287_virus_2210.jpeg,person1287,PNEUMONIA,-5.814595699310303,0.0029748104885467344,0.023488066133631816
d:\Pneum Det\archive\chest_xray\chest_xray\train\PNEUMONIA\person1295_bacteria_3258.jpeg,person1295,PNEUMONIA,6.82216739654541,0.9989118281154671,0.9875487721587751
d:\Pneum Det\archive\chest_xray\chest_xray\train\PNEUMONIA\person1295_virus_2223.jpeg,person1295,PNEUMONIA,-0.015267111361026764,0.4961832962940551,0.4975532426341799
d:\Pneum Det\archive\chest_xray\chest_xray\train\PNEUMONIA\person1296_virus_2224.jpeg,person1296,PNEUMONIA,5.072484493255615,0.993772197699742,0.9627362324555203
d:\Pneum Det\archive\chest_xray\chest_xray\train\PNEUMONIA\person1298_bacteria_3261.jpeg,person1298,PNEUMONIA,7.430810451507568,0.9994076441364877,0.9915372496310878
d:\Pneum Det\archive\chest_xray\chest_xray\train\PNEUMONIA\person1298_virus_2226.jpeg,person1298,PNEUMONIA,5.2562994956970215,0.9948124850552394,0.966740643297688
d:\Pneum Det\archive\chest_xray\chest_xray\train\PNEUMONIA\person1298_virus_2228.jpeg,person1298,PNEUMONIA,7.306915283203125,0.999329566434118,0.990844095898775
d:\Pneum Det\archive\chest_xray\chest_xray\train\PNEUMONIA\person1308_bacteria_3280.jpeg,person1308,PNEUMONIA,5.061728000640869,0.9937052707656193,0.9624880629051618
d:\Pneum Det\archive\chest_xray\chest_xray\train\PNEUMONIA\person1308_bacteria_3283.jpeg,person1308,PNEUMONIA,4.526695728302002,0.9892993844079859,0.9479390772017765
d:\Pneum Det\archive\chest_xray\chest_xray\train\PNEUMONIA\person1308_bacteria_3285.jpeg,person1308,PNEUMONIA,7.002773284912109,0.9990914696175535,0.9888949213483199
d:\Pneum Det\archive\chest_xray\chest_xray\train\PNEUMONIA\person1308_bacteria_3286.jpeg,person1308,PNEUMONIA,4.665308475494385,0.9906714973171724,0.9521537807879699
d:\Pneum Det\archive\chest_xray\chest_xray\train\PNEUMONIA\person1308_bacteria_3288.jpeg,person1308,PNEUMONIA,5.322729587554932,0.9951442763630973,0.9680830195773481
d:\Pneum Det\archive\chest_xray\chest_xray\train\PNEUMONIA\person1308_bacteria_3290.jpeg,person1308,PNEUMONIA,4.917771339416504,0.9927377103989209,0.9590101763785103
d:\Pneum Det\archive\chest_xray\chest_xray\train\PNEUMONIA\person1308_bacteria_3292.jpeg,person1308,PNEUMONIA,7.196422100067139,0.9992512991708781,0.9901786394389677
d:\Pneum Det\archive\chest_xray\chest_xray\train\PNEUMONIA\person1308_virus_2252.jpeg,person1308,PNEUMONIA,8.46151351928711,0.9997885929104126,0.9956112961802439
d:\Pneum Det\archive\chest_xray\chest_xray\train\PNEUMONIA\person1308_virus_2253.jpeg,person1308,PNEUMONIA,2.5646066665649414,0.928548695734692,0.8380869299936002
d:\Pneum Det\archive\chest_xray\chest_xray\train\PNEUMONIA\person1309_bacteria_3294.jpeg,person1309,PNEUMONIA,4.226670742034912,0.9856091989844499,0.9375873600844087
d:\Pneum Det\archive\chest_xray\chest_xray\train\PNEUMONIA\person1309_virus_2254.jpeg,person1309,PNEUMONIA,5.979668140411377,0.9974767174145249,0.9788205209313837
d:\Pneum Det\archive\chest_xray\chest_xray\train\PNEUMONIA\person1313_bacteria_3320.jpeg,person1313,PNEUMONIA,5.20376443862915,0.9945342024396131,0.965640600263789
d:\Pneum Det\archive\chest_xray\chest_xray\train\PNEUMONIA\person1313_virus_2264.jpeg,person1313,PNEUMONIA,2.3501737117767334,0.912948034106135,0.8185565175180489
d:\Pneum Det\archive\chest_xray\chest_xray\train\PNEUMONIA\person1317_bacteria_3332.jpeg,person1317,PNEUMONIA,3.9924089908599854,0.9818792205338773,0.9282002627530745
d:\Pneum Det\archive\chest_xray\chest_xray\train\PNEUMONIA\person1317_virus_2273.jpeg,person1317,PNEUMONIA,2.979768991470337,0.9516517435242434,0.8710422300801922
d:\Pneum Det\archive\chest_xray\chest_xray\train\PNEUMONIA\person1323_bacteria_3361.jpeg,person1323,PNEUMONIA,6.2325263023376465,0.9980393688808614,0.9819325804875214
d:\Pneum Det\archive\chest_xray\chest_xray\train\PNEUMONIA\person1323_bacteria_3362.jpeg,person1323,PNEUMONIA,5.711282730102539,0.9967024835847859,0.9749439550293548
d:\Pneum Det\archive\chest_xray\chest_xray\train\PNEUMONIA\person1323_bacteria_3363.jpeg,person1323,PNEUMONIA,5.907882213592529,0.9972894303507035,0.9778451868758432
d:\Pneum Det\archive\chest_xray\chest_xray\train\PNEUMONIA\person1323_virus_2282.jpeg,person1323,PNEUMONIA,8.639042854309082,0.99982297505355,0.996081537001919
d:\Pneum Det\archive\chest_xray\chest_xray\train\PNEUMONIA\person1323_virus_2283.jpeg,person1323,PNEUMONIA,-3.7492382526397705,0.022994476904476688,0.08290770711228125
d:\Pneum Det\archive\chest_xray\chest_xray\train\PNEUMONIA\person1333_bacteria_3383.jpeg,person1333,PNEUMONIA,6.553002834320068,0.998576202450554,0.9852384299007466
d:\Pneum Det\archive\chest_xray\chest_xray\train\PNEUMONIA\person1333_bacteria_3384.jpeg,person1333,PNEUMONIA,7.797450542449951,0.9995893877580398,0.9932979681448441
d:\Pneum Det\archive\chest_xray\chest_xray\train\PNEUMONIA\person1333_bacteria_3385.jpeg,person1333,PNEUMONIA,6.595381259918213,0.9986351994696525,0.9856283738317051
d:\Pneum Det\archive\chest_xray\chest_xray\train\PNEUMONIA\person1333_bacteria_3386.jpeg,person1333,PNEUMONIA,3.748070001602173,0.9769792628511917,0.9170353319312833
d:\Pneum Det\archive\chest_xray\chest_xray\train\PNEUMONIA\person1333_virus_2301.jpeg,person1333,PNEUMONIA,3.919877052307129,0.980542569871208,0.9250391092659488
d:\Pneum Det\archive\chest_xray\chest_xray\train\PNEUMONIA\person1338_bacteria_3394.jpeg,person1338,PNEUMONIA,6.25600528717041,0.9980847791648577,0.9821976791683896
d:\Pneum Det\archive\chest_xray\chest_xray\train\PNEUMONIA\person1338_bacteria_3395.jpeg,person1338,PNEUMONIA,7.854522228240967,0.9996121570802783,0.9935371831489012
d:\Pneum Det\archive\chest_xray\chest_xray\train\PNEUMONIA\person1338_bacteria_3397.jpeg,person1338,PNEUMONIA,7.397486209869385,0.999387584027949,0.9913560963923843
d:\Pneum Det\archive\chest_xray\chest_xray\train\PNEUMONIA\person1338_virus_2308.jpeg,person1338,PNEUMONIA,8.873968124389648,0.9998600335911032,0.9966275256950868
d:\Pneum Det\archive\chest_xray\chest_xray\train\PNEUMONIA\person133_virus_267.jpeg,person133,PNEUMONIA,3.83655047416687,0.9788874800265985,0.9212499376571118
d:\Pneum Det\archive\chest_xray\chest_xray\train\PNEUMONIA\person1340_bacteria_3405.jpeg,person1340,PNEUMONIA,5.004408359527588,0.993336392457462,0.9611386028893806
d:\Pneum Det\archive\chest_xray\chest_xray\train\PNEUMONIA\person1340_virus_2311.jpeg,person1340,PNEUMONIA,-0.4377898573875427,0.3922677278179692,0.4302947220597451
d:\Pneum Det\archive\chest_xray\chest_xray\train\PNEUMONIA\person1340_virus_2312.jpeg,person1340,PNEUMONIA,5.680213451385498,0.9965987779000791,0.974452782434598
d:\Pneum Det\archive\chest_xray\chest_xray\train\PNEUMONIA\person1354_bacteria_3448.jpeg,person1354,PNEUMONIA,0.8054804801940918,0.6911455867532335,0.6262961963400029
d:\Pneum Det\archive\chest_xray\chest_xray\train\PNEUMONIA\person135_virus_270.jpeg,person135,PNEUMONIA,7.002753734588623,0.9990914518714548,0.9888947837142721
d:\Pneum Det\archive\chest_xray\chest_xray\train\PNEUMONIA\person135_virus_271.jpeg,person135,PNEUMONIA,5.989683628082275,0.9975018003672108,0.9789532155622261
d:\Pneum Det\archive\chest_xray\chest_xray\train\PNEUMONIA\person1365_bacteria_3489.jpeg,person1365,PNEUMONIA,7.905791759490967,0.9996315333284805,0.9937448351834967
d:\Pneum Det\archive\chest_xray\chest_xray\train\PNEUMONIA\person1365_virus_2348.jpeg,person1365,PNEUMONIA,4.964980602264404,0.9930702701842188,0.9601834514099011
d:\Pneum Det\archive\chest_xray\chest_xray\train\PNEUMONIA\person1367_virus_2351.jpeg,person1367,PNEUMONIA,0.6630603075027466,0.6599475086524731,0.6046934930849812
d:\Pneum Det\archive\chest_xray\chest_xray\train\PNEUMONIA\person1372_bacteria_3498.jpeg,person1372,PNEUMONIA,6.519302845001221,0.9985274746920744,0.9849209174309723
d:\Pneum Det\archive\chest_xray\chest_xray\train\PNEUMONIA\person1372_bacteria_3499.jpeg,person1372,PNEUMONIA,6.759946823120117,0.9988420515792397,0.9870486542771966
d:\Pneum Det\archive\chest_xray\chest_xray\train\PNEUMONIA\person1372_bacteria_3500.jpeg,person1372,PNEUMONIA,7.863950729370117,0.9996157952744229,0.9935758778244856
d:\Pneum Det\archive\chest_xray\chest_xray\train\PNEUMONIA\person1372_bacteria_3501.jpeg,person1372,PNEUMONIA,4.609506130218506,0.990141424791112,0.9504974784943894
d:\Pneum Det\archive\chest_xray\chest_xray\train\PNEUMONIA\person1372_bacteria_3502.jpeg,person1372,PNEUMONIA,4.609506130218506,0.990141424791112,0.9504974784943894
d:\Pneum Det\archive\chest_xray\chest_xray\train\PNEUMONIA\person1372_bacteria_3503.jpeg,person1372,PNEUMONIA,4.609506130218506,0.990141424791112,0.9504974784943894
d:\Pneum Det\archive\chest_xray\chest_xray\train\PNEUMONIA\person1374_bacteria_3506.jpeg,person1374,PNEUMONIA,4.804076671600342,0.9918703672610286,0.9560472839316678
d:\Pneum Det\archive\chest_xray\chest_xray\train\PNEUMONIA\person1374_bacteria_3507.jpeg,person1374,PNEUMONIA,-5.019505023956299,0.006564420247211059,0.038501527082674146
d:\Pneum Det\archive\chest_xray\chest_xray\train\PNEUMONIA\person1374_virus_2365.jpeg,person1374,PNEUMONIA,8.605558395385742,0.9998169482144355,0.9959968563872627
d:\Pneum Det\archive\chest_xray\chest_xray\train\PNEUMONIA\person1383_bacteria_3521.jpeg,person1383,PNEUMONIA,5.884962558746338,0.9972267618918317,0.9775246368768393
d:\Pneum Det\archive\chest_xray\chest_xray\train\PNEUMONIA\person1383_virus_2377.jpeg,person1383,PNEUMONIA,6.676835536956787,0.9987418268640809,0.9863495788379076
d:\Pneum Det\archive\chest_xray\chest_xray\train\PNEUMONIA\person1392_bacteria_3538.jpeg,person1392,PNEUMONIA,1.0333837270736694,0.7375713758087895,0.6598125873044527
d:\Pneum Det\archive\chest_xray\chest_xray\train\PNEUMONIA\person1397_virus_2400.jpeg,person1397,PNEUMONIA,8.123031616210938,0.9997034599284997,0.9945535849581575
d:\Pneum Det\archive\chest_xray\chest_xray\train\PNEUMONIA\person139_virus_283.jpeg,person139,PNEUMONIA,6.187492847442627,0.99794924182205,0.9814132250178573
d:\Pneum Det\archive\chest_xray\chest_xray\train\PNEUMONIA\person1409_bacteria_3583.jpeg,person1409,PNEUMONIA,0.3270060420036316,0.5810307229228656,0.5522164000807511
d:\Pneum Det\archive\chest_xray\chest_xray\train\PNEUMONIA\person1409_bacteria_3585.jpeg,person1409,PNEUMONIA,5.964532375335693,0.9974383336860012,0.9786184335499993
d:\Pneum Det\archive\chest_xray\chest_xray\train\PNEUMONIA\person1409_virus_2413.jpeg,person1409,PNEUMONIA,7.357504844665527,0.99936261865849,0.9911336759447437
d:\Pneum Det\archive\chest_xray\chest_xray\train\PNEUMONIA\person1415_bacteria_3629.jpeg,person1415,PNEUMONIA,7.465045928955078,0.9994275690972799,0.9917194365674779
d:\Pneum Det\archive\chest_xray\chest_xray\train\PNEUMONIA\person1415_virus_2425.jpeg,person1415,PNEUMONIA,3.020833730697632,0.9535065002911097,0.8739704722822772
d:\Pneum Det\archive\chest_xray\chest_xray\train\PNEUMONIA\person141_virus_287.jpeg,person141,PNEUMONIA,3.5708248615264893,0.9726371505774161,0.9079708343088531
d:\Pneum Det\archive\chest_xray\chest_xray\train\PNEUMONIA\person1422_bacteria_3649.jpeg,person1422,PNEUMONIA,9.496519088745117,0.9999248928050429,0.9977347940970563
d:\Pneum Det\archive\chest_xray\chest_xray\train\PNEUMONIA\person1422_virus_2434.jpeg,person1422,PNEUMONIA,1.5531116724014282,0.825362699720573,0.730199510351044
d:\Pneum Det\archive\chest_xray\chest_xray\train\PNEUMONIA\person1428_virus_2442.jpeg,person1428,PNEUMONIA,6.740990161895752,0.9988199175159679,0.9868923807025829
d:\Pneum Det\archive\chest_xray\chest_xray\train\PNEUMONIA\person1433_bacteria_3701.jpeg,person1433,PNEUMONIA,4.532785892486572,0.9893636638249025,0.9481314126738112
d:\Pneum Det\archive\chest_xray\chest_xray\train\PNEUMONIA\person1433_bacteria_3704.jpeg,person1433,PNEUMONIA,1.8430778980255127,0.8633123185099784,0.7652210438928821
d:\Pneum Det\archive\chest_xray\chest_xray\train\PNEUMONIA\person1433_bacteria_3705.jpeg,person1433,PNEUMONIA,6.094482898712158,0.9977497987795192,0.9802937900308043
d:\Pneum Det\archive\chest_xray\chest_xray\train\PNEUMONIA\person1433_virus_2447.jpeg,person1433,PNEUMONIA,3.274646520614624,0.9635487215042543,0.8908292057515479
d:\Pneum Det\archive\chest_xray\chest_xray\train\PNEUMONIA\person1436_bacteria_3711.jpeg,person1436,PNEUMONIA,4.58819055557251,0.9899311665452868,0.9498505627330165
d:\Pneum Det\archive\chest_xray\chest_xray\train\PNEUMONIA\person1436_bacteria_3712.jpeg,person1436,PNEUMONIA,4.77160120010376,0.9916042728060296,0.9551641120622308
d:\Pneum Det\archive\chest_xray\chest_xray\train\PNEUMONIA\person1447_bacteria_3741.jpeg,person1447,PNEUMONIA,6.174340724945068,0.9979221482643835,0.9812588016373368
d:\Pneum Det\archive\chest_xray\chest_xray\train\PNEUMONIA\person1449_bacteria_3743.jpeg,person1449,PNEUMONIA,0.5312175750732422,0.6297670472236534,0.5843220307756061
d:\Pneum Det\archive\chest_xray\chest_xray\train\PNEUMONIA\person1449_bacteria_3745.jpeg,person1449,PNEUMONIA,3.7309987545013428,0.9765921746244455,0.9161989122507684
d:\Pneum Det\archive\chest_xray\chest_xray\train\PNEUMONIA\person1449_bacteria_3746.jpeg,person1449,PNEUMONIA,-1.694858431816101,0.15513797708849175,0.25227736402140966
d:\Pneum Det\archive\chest_xray\chest_xray\train\PNEUMONIA\person1449_bacteria_3747.jpeg,person1449,PNEUMONIA,4.2819695472717285,0.9863728398704775,0.9396298858094916
d:\Pneum Det\archive\chest_xray\chest_xray\train\PNEUMONIA\person1449_virus_2474.jpeg,person1449,PNEUMONIA,7.402286529541016,0.9993905149882262,0.9913824263844071
d:\Pneum Det\archive\chest_xray\chest_xray\train\PNEUMONIA\person1449_virus_2476.jpeg,person1449,PNEUMONIA,6.630695343017578,0.9986824926766138,0.985945547903082
d:\Pneum Det\archive\chest_xray\chest_xray\train\PNEUMONIA\person1454_bacteria_3774.jpeg,person1454,PNEUMONIA,4.3633551597595215,0.9874245695150308,0.9425224224134907
d:\Pneum Det\archive\chest_xray\chest_xray\train\PNEUMONIA\person1454_bacteria_3778.jpeg,person1454,PNEUMONIA,1.8167942762374878,0.8601810208095286,0.7621804139134165
d:\Pneum Det\archive\chest_xray\chest_xray\train\PNEUMONIA\person1454_bacteria_3779.jpeg,person1454,PNEUMONIA,2.6105854511260986,0.9315397419485936,0.8420468684559838
d:\Pneum Det\archive\chest_xray\chest_xray\train\PNEUMONIA\person1454_bacteria_3780.jpeg,person1454,PNEUMONIA,3.1426851749420166,0.9586195278325196,0.8823260751553836
d:\Pneum Det\archive\chest_xray\chest_xray\train\PNEUMONIA\person1454_bacteria_3781.jpeg,person1454,PNEUMONIA,1.343366265296936,0.7930429774960766,0.7029062996034843
d:\Pneum Det\archive\chest_xray\chest_xray\train\PNEUMONIA\person1454_bacteria_3782.jpeg,person1454,PNEUMONIA,-0.6807743310928345,0.3360885018362832,0.3925952960786502
d:\Pneum Det\archive\chest_xray\chest_xray\train\PNEUMONIA\person1454_virus_2486.jpeg,person1454,PNEUMONIA,5.186635971069336,0.9944403003025096,0.9652744166588261
d:\Pneum Det\archive\chest_xray\chest_xray\train\PNEUMONIA\person145_virus_294.jpeg,person145,PNEUMONIA,3.446662187576294,0.9691314438915936,0.9011003748202937
d:\Pneum Det\archive\chest_xray\chest_xray\train\PNEUMONIA\person145_virus_295.jpeg,person145,PNEUMONIA,8.310839653015137,0.9997542228827939,0.9951683902545686
d:\Pneum Det\archive\chest_xray\chest_xray\train\PNEUMONIA\person1462_virus_2512.jpeg,person1462,PNEUMONIA,-2.0679285526275635,0.1122532977151729,0.2098777196873704
d:\Pneum Det\archive\chest_xray\chest_xray\train\PNEUMONIA\person1467_virus_2544.jpeg,person1467,PNEUMONIA,8.043481826782227,0.9996789144514292,0.9942702680986115
d:\Pneum Det\archive\chest_xray\chest_xray\train\PNEUMONIA\person1478_bacteria_3848.jpeg,person1478,PNEUMONIA,6.525896072387695,0.9985371372949032,0.984983561789189
d:\Pneum Det\archive\chest_xray\chest_xray\train\PNEUMONIA\person1482_bacteria_3870.jpeg,person1482,PNEUMONIA,8.527789115905762,0.9998021471505829,0.9957930833996902
d:\Pneum Det\archive\chest_xray\chest_xray\train\PNEUMONIA\person1482_bacteria_3874.jpeg,person1482,PNEUMONIA,10.508760452270508,0.9999727044738959,0.9988148824758898
d:\Pneum Det\archive\chest_xray\chest_xray\train\PNEUMONIA\person1482_virus_2569.jpeg,person1482,PNEUMONIA,7.211467266082764,0.9992624709400844,0.9902719923704223
d:\Pneum Det\archive\chest_xray\chest_xray\train\PNEUMONIA\person1482_virus_2570.jpeg,person1482,PNEUMONIA,7.185327053070068,0.9992429523702405,0.9901092286805955
d:\Pneum Det\archive\chest_xray\chest_xray\train\PNEUMONIA\person1482_virus_2571.jpeg,person1482,PNEUMONIA,4.882823467254639,0.9924813637778301,0.9581203847318607
d:\Pneum Det\archive\chest_xray\chest_xray\train\PNEUMONIA\person1482_virus_2572.jpeg,person1482,PNEUMONIA,5.4810357093811035,0.9958522616676005,0.9710740362718081
d:\Pneum Det\archive\chest_xray\chest_xray\train\PNEUMONIA\person1482_virus_2573.jpeg,person1482,PNEUMONIA,5.843062400817871,0.9971084371725842,0.9769268757762657
d:\Pneum Det\archive\chest_xray\chest_xray\train\PNEUMONIA\person1490_bacteria_3891.jpeg,person1490,PNEUMONIA,6.922987937927246,0.9990160862685239,0.9883189602222475
d:\Pneum Det\archive\chest_xray\chest_xray\train\PNEUMONIA\person1490_virus_2596.jpeg,person1490,PNEUMONIA,-0.09275911003351212,0.47682683575571044,0.4851383808970248
d:\Pneum Det\archive\chest_xray\chest_xray\train\PNEUMONIA\person1495_virus_2603.jpeg,person1495,PNEUMONIA,8.105829238891602,0.9996983161575485,0.9944935235525338
d:\Pneum Det\archive\chest_xray\chest_xray\train\PNEUMONIA\person1497_bacteria_3912.jpeg,person1497,PNEUMONIA,7.763765811920166,0.9995753267784852,0.993152673182047
d:\Pneum Det\archive\chest_xray\chest_xray\train\PNEUMONIA\person1497_virus_2607.jpeg,person1497,PNEUMONIA,3.7273130416870117,0.9765077714358827,0.9160173249419934
d:\Pneum Det\archive\chest_xray\chest_xray\train\PNEUMONIA\person14_bacteria_51.jpeg,person14,PNEUMONIA,6.1786065101623535,0.9979309747551043,0.9813090250182649
d:\Pneum Det\archive\chest_xray\chest_xray\train\PNEUMONIA\person1503_virus_2613.jpeg,person1503,PNEUMONIA,3.7432262897491455,0.9768700719241233,0.9167987849358047
d:\Pneum Det\archive\chest_xray\chest_xray\train\PNEUMONIA\person1508_bacteria_3949.jpeg,person1508,PNEUMONIA,4.136935710906982,0.9842793669684728,0.9341351823569846
d:\Pneum Det\archive\chest_xray\chest_xray\train\PNEUMONIA\person1510_virus_2628.jpeg,person1510,PNEUMONIA,2.4141061305999756,0.9178966611189843,0.8245643149124002
d:\Pneum Det\archive\chest_xray\chest_xray\train\PNEUMONIA\person1510_virus_2629.jpeg,person1510,PNEUMONIA,7.002622127532959,0.9990913324008999,0.9888938571582502
d:\Pneum Det\archive\chest_xray\chest_xray\train\PNEUMONIA\person1514_bacteria_3964.jpeg,person1514,PNEUMONIA,2.1927831172943115,0.8995995578353578,0.8030871024220838
d:\Pneum Det\archive\chest_xray\chest_xray\train\PNEUMONIA\person1514_virus_2633.jpeg,person1514,PNEUMONIA,7.374785900115967,0.9993735318134809,0.991230499859497
d:\Pneum Det\archive\chest_xray\chest_xray\train\PNEUMONIA\person1522_bacteria_3977.jpeg,person1522,PNEUMONIA,4.4273481369018555,0.9881948980505451,0.9447048849333849
d:\Pneum Det\archive\chest_xray\chest_xray\train\PNEUMONIA\person1522_virus_2651.jpeg,person1522,PNEUMONIA,5.5236382484436035,0.9960245669940286,0.9718313830477676
d:\Pneum Det\archive\chest_xray\chest_xray\train\PNEUMONIA\person1526_bacteria_3986.jpeg,person1526,PNEUMONIA,2.780290365219116,0.9416014131634775,0.8559840957757847
d:\Pneum Det\archive\chest_xray\chest_xray\train\PNEUMONIA\person1526_virus_2660.jpeg,person1526,PNEUMONIA,10.755756378173828,0.9999786781395696,0.9989882548259862
d:\Pneum Det\archive\chest_xray\chest_xray\train\PNEUMONIA\person1537_bacteria_4019.jpeg,person1537,PNEUMONIA,6.3236165046691895,0.9982097649307071,0.9829399152802714
d:\Pneum Det\archive\chest_xray\chest_xray\train\PNEUMONIA\person1537_bacteria_4020.jpeg,person1537,PNEUMONIA,-0.5972945690155029,0.3549628973747001,0.40542749685265084
d:\Pneum Det\archive\chest_xray\chest_xray\train\PNEUMONIA\person1537_virus_2674.jpeg,person1537,PNEUMONIA,-1.7186095714569092,0.15205034633540865,0.24941610345306173
d:\Pneum Det\archive\chest_xray\chest_xray\train\PNEUMONIA\person1539_bacteria_4022.jpeg,person1539,PNEUMONIA,8.304308891296387,0.999752612916659,0.9951482181889987
d:\Pneum Det\archive\chest_xray\chest_xray\train\PNEUMONIA\person1539_virus_2678.jpeg,person1539,PNEUMONIA,6.8249335289001465,0.9989148307218174,0.987570557569875
d:\Pneum Det\archive\chest_xray\chest_xray\train\PNEUMONIA\person1539_virus_2679.jpeg,person1539,PNEUMONIA,7.809216022491455,0.9995941885504885,0.9933479921284795
d:\Pneum Det\archive\chest_xray\chest_xray\train\PNEUMONIA\person153_virus_304.jpeg,person153,PNEUMONIA,5.795899391174316,0.9969692185086688,0.9762354559901512
d:\Pneum Det\archive\chest_xray\chest_xray\train\PNEUMONIA\person1547_virus_2688.jpeg,person1547,PNEUMONIA,7.619103908538818,0.999509259346165,0.9924922945730444
d:\Pneum Det\archive\chest_xray\chest_xray\train\PNEUMONIA\person1555_bacteria_4058.jpeg,person1555,PNEUMONIA,5.1523919105529785,0.9942477303952386,0.9645310139775823
d:\Pneum Det\archive\chest_xray\chest_xray\train\PNEUMONIA\person1555_bacteria_4059.jpeg,person1555,PNEUMONIA,3.834092140197754,0.9788366143188504,0.9211355300066899
d:\Pneum Det\archive\chest_xray\chest_xray\train\PNEUMONIA\person1555_bacteria_4060.jpeg,person1555,PNEUMONIA,7.737401485443115,0.9995639866055707,0.9930367752336245
d:\Pneum Det\archive\chest_xray\chest_xray\train\PNEUMONIA\person155_virus_307.jpeg,person155,PNEUMONIA,4.88554048538208,0.9925016113506576,0.9581902186286111
d:\Pneum Det\archive\chest_xray\chest_xray\train\PNEUMONIA\person1561_bacteria_4077.jpeg,person1561,PNEUMONIA,7.227003574371338,0.9992738326104147,0.9903674706681437
d:\Pneum Det\archive\chest_xray\chest_xray\train\PNEUMONIA\person1564_bacteria_4094.jpeg,person1564,PNEUMONIA,7.5246100425720215,0.9994606519896261,0.992027188263165
d:\Pneum Det\archive\chest_xray\chest_xray\train\PNEUMONIA\person1564_virus_2719.jpeg,person1564,PNEUMONIA,5.091932773590088,0.9938914148308843,0.9631809342357547
d:\Pneum Det\archive\chest_xray\chest_xray\train\PNEUMONIA\person1574_bacteria_4118.jpeg,person1574,PNEUMONIA,8.12900161743164,0.9997052244788096,0.9945742763202909
d:\Pneum Det\archive\chest_xray\chest_xray\train\PNEUMONIA\person1577_virus_2735.jpeg,person1577,PNEUMONIA,7.768226146697998,0.999577215946101,0.9931720905231849
d:\Pneum Det\archive\chest_xray\chest_xray\train\PNEUMONIA\person157_virus_311.jpeg,person157,PNEUMONIA,2.7400901317596436,0.9393512317386673,0.8527779700819383
d:\Pneum Det\archive\chest_xray\chest_xray\train\PNEUMONIA\person1585_bacteria_4149.jpeg,person1585,PNEUMONIA,0.37072068452835083,0.5916331097376871,0.5591353229559173
d:\Pneum Det\archive\chest_xray\chest_xray\train\PNEUMONIA\person1585_bacteria_4151.jpeg,person1585,PNEUMONIA,3.5335235595703125,0.9716267122537495,0.9059531392190523
d:\Pneum Det\archive\chest_xray\chest_xray\train\PNEUMONIA\person1585_bacteria_4155.jpeg,person1585,PNEUMONIA,4.516899585723877,0.9891951827102684,0.9476282873419087
d:\Pneum Det\archive\chest_xray\chest_xray\train\PNEUMONIA\person1589_bacteria_4171.jpeg,person1589,PNEUMONIA,5.641490459442139,0.9964649638683848,0.9738274750293354
d:\Pneum Det\archive\chest_xray\chest_xray\train\PNEUMONIA\person1589_bacteria_4172.jpeg,person1589,PNEUMONIA,-2.022664785385132,0.11684372739640317,0.21473004199428006
d:\Pneum Det\archive\chest_xray\chest_xray\train\PNEUMONIA\person1589_virus_2763.jpeg,person1589,PNEUMONIA,5.458541393280029,0.9957583040890172,0.9706662213626659
d:\Pneum Det\archive\chest_xray\chest_xray\train\PNEUMONIA\person1595_bacteria_4183.jpeg,person1595,PNEUMONIA,4.174094200134277,0.9848441110556544,0.9355857242428075
d:\Pneum Det\archive\chest_xray\chest_xray\train\PNEUMONIA\person1595_virus_2771.jpeg,person1595,PNEUMONIA,9.668498992919922,0.9999367592847522,0.9979707768876023
d:\Pneum Det\archive\chest_xray\chest_xray\train\PNEUMONIA\person15_bacteria_52.jpeg,person15,PNEUMONIA,5.538383960723877,0.9960825295411099,0.9720890055264184
d:\Pneum Det\archive\chest_xray\chest_xray\train\PNEUMONIA\person1603_virus_2781.jpeg,person1603,PNEUMONIA,0.9529098272323608,0.7216999910995681,0.6481393948510487
d:\Pneum Det\archive\chest_xray\chest_xray\train\PNEUMONIA\person1605_bacteria_4226.jpeg,person1605,PNEUMONIA,7.290140628814697,0.9993182330188047,0.9907460223625926
d:\Pneum Det\archive\chest_xray\chest_xray\train\PNEUMONIA\person1616_bacteria_4251.jpeg,person1616,PNEUMONIA,9.533659934997559,0.9999276309840478,0.9977879725055618
d:\Pneum Det\archive\chest_xray\chest_xray\train\PNEUMONIA\person161_virus_317.jpeg,person161,PNEUMONIA,6.3129425048828125,0.998190588374745,0.9828247905367181
d:\Pneum Det\archive\chest_xray\chest_xray\train\PNEUMONIA\person1626_bacteria_4291.jpeg,person1626,PNEUMONIA,9.167872428894043,0.9998956726245162,0.9972050444079442
d:\Pneum Det\archive\chest_xray\chest_xray\train\PNEUMONIA\person1636_bacteria_4337.jpeg,person1636,PNEUMONIA,0.17413359880447388,0.5434237287425031,0.5278785007566079
d:\Pneum Det\archive\chest_xray\chest_xray\train\PNEUMONIA\person1636_bacteria_4338.jpeg,person1636,PNEUMONIA,5.868096828460693,0.9971797255817942,0.9772858662674367
d:\Pneum Det\archive\chest_xray\chest_xray\train\PNEUMONIA\person1637_bacteria_4339.jpeg,person1637,PNEUMONIA,0.5356577634811401,0.6308017259610758,0.58501323062998
d:\Pneum Det\archive\chest_xray\chest_xray\train\PNEUMONIA\person1647_bacteria_4372.jpeg,person1647,PNEUMONIA,5.736400127410889,0.9967840140477614,0.9753342980238116
d:\Pneum Det\archive\chest_xray\chest_xray\train\PNEUMONIA\person1648_bacteria_4373.jpeg,person1648,PNEUMONIA,8.731452941894531,0.9998385983140841,0.99630609320365
d:\Pneum Det\archive\chest_xray\chest_xray\train\PNEUMONIA\person1648_bacteria_4375.jpeg,person1648,PNEUMONIA,7.262781620025635,0.9992993363000265,0.9905838295599493
d:\Pneum Det\archive\chest_xray\chest_xray\train\PNEUMONIA\person1648_bacteria_4376.jpeg,person1648,PNEUMONIA,8.193394660949707,0.9997236026618359,0.9947925461450519
d:\Pneum Det\archive\chest_xray\chest_xray\train\PNEUMONIA\person1665_bacteria_4415.jpeg,person1665,PNEUMONIA,6.3513360023498535,0.9982586226486604,0.9832353547825393
d:\Pneum Det\archive\chest_xray\chest_xray\train\PNEUMONIA\person1674_bacteria_4437.jpeg,person1674,PNEUMONIA,-0.07529128342866898,0.48118606597018326,0.48793581751674964
d:\Pneum Det\archive\chest_xray\chest_xray\train\PNEUMONIA\person1678_bacteria_4446.jpeg,person1678,PNEUMONIA,4.7183146476745605,0.9911488264615459,0.9536782394485265
d:\Pneum Det\archive\chest_xray\chest_xray\train\PNEUMONIA\person1682_bacteria_4459.jpeg,person1682,PNEUMONIA,4.654805660247803,0.99057393385221,0.9518461141283434
d:\Pneum Det\archive\chest_xray\chest_xray\train\PNEUMONIA\person1684_bacteria_4461.jpeg,person1684,PNEUMONIA,7.599371910095215,0.9994994847802671,0.9923974503038197
d:\Pneum Det\archive\chest_xray\chest_xray\train\PNEUMONIA\person1684_bacteria_4462.jpeg,person1684,PNEUMONIA,8.762062072753906,0.9998434630732173,0.9963776094040717
d:\Pneum Det\archive\chest_xray\chest_xray\train\PNEUMONIA\person1684_bacteria_4463.jpeg,person1684,PNEUMONIA,7.670454978942871,0.9995338118620366,0.9927336506793352
d:\Pneum Det\archive\chest_xray\chest_xray\train\PNEUMONIA\person1686_bacteria_4466.jpeg,person1686,PNEUMONIA,7.813930034637451,0.9995960962778649,0.9933679307455102
d:\Pneum Det\archive\chest_xray\chest_xray\train\PNEUMONIA\person1690_bacteria_4475.jpeg,person1690,PNEUMONIA,4.010530948638916,0.9821988539834076,0.9289706467316203
d:\Pneum Det\archive\chest_xray\chest_xray\train\PNEUMONIA\person1702_bacteria_4506.jpeg,person1702,PNEUMONIA,7.887847423553467,0.999624864262069,0.9936729221827433
d:\Pneum Det\archive\chest_xray\chest_xray\train\PNEUMONIA\person1702_bacteria_4508.jpeg,person1702,PNEUMONIA,6.560405254364014,0.9985866882443994,0.9853072864766889
d:\Pneum Det\archive\chest_xray\chest_xray\train\PNEUMONIA\person1702_bacteria_4509.jpeg,person1702,PNEUMONIA,5.953532695770264,0.9974100740163343,0.9784703874987811
d:\Pneum Det\archive\chest_xray\chest_xray\train\PNEUMONIA\person1702_bacteria_4510.jpeg,person1702,PNEUMONIA,5.603941440582275,0.9963301995484598,0.97320691421169
d:\Pneum Det\archive\chest_xray\chest_xray\train\PNEUMONIA\person1702_bacteria_4511.jpeg,person1702,PNEUMONIA,1.3499904870986938,0.7941280729517582,0.703792329824328
d:\Pneum Det\archive\chest_xray\chest_xray\train\PNEUMONIA\person1705_bacteria_4515.jpeg,person1705,PNEUMONIA,9.539012908935547,0.999928017310698,0.9977955335145049
d:\Pneum Det\archive\chest_xray\chest_xray\train\PNEUMONIA\person1707_bacteria_4520.jpeg,person1707,PNEUMONIA,8.537435531616211,0.999804046173319,0.9958189099027576
d:\Pneum Det\archive\chest_xray\chest_xray\train\PNEUMONIA\person1716_bacteria_4533.jpeg,person1716,PNEUMONIA,9.712757110595703,0.9999394970004868,0.9980274290333362
d:\Pneum Det\archive\chest_xray\chest_xray\train\PNEUMONIA\person1723_bacteria_4548.jpeg,person1723,PNEUMONIA,6.0474677085876465,0.9976417341974181,0.979703052729841
d:\Pneum Det\archive\chest_xray\chest_xray\train\PNEUMONIA\person1724_bacteria_4549.jpeg,person1724,PNEUMONIA,3.087048292160034,0.9563553271291697,0.8785721479556987
d:\Pneum Det\archive\chest_xray\chest_xray\train\PNEUMONIA\person1726_bacteria_4552.jpeg,person1726,PNEUMONIA,5.692680835723877,0.9966407774413639,0.974650995016967
d:\Pneum Det\archive\chest_xray\chest_xray\train\PNEUMONIA\person1745_bacteria_4584.jpeg,person1745,PNEUMONIA,5.472527027130127,0.9958169675665502,0.9709204274169613
d:\Pneum Det\archive\chest_xray\chest_xray\train\PNEUMONIA\person1748_bacteria_4588.jpeg,person1748,PNEUMONIA,4.66004753112793,0.9906227526792183,0.9519999021696447
d:\Pneum Det\archive\chest_xray\chest_xray\train\PNEUMONIA\person1751_bacteria_4592.jpeg,person1751,PNEUMONIA,9.1351957321167,0.9998922076137339,0.9971460479430011
d:\Pneum Det\archive\chest_xray\chest_xray\train\PNEUMONIA\person1771_bacteria_4615.jpeg,person1771,PNEUMONIA,2.7411696910858154,0.9394127056046678,0.8528648354655867
d:\Pneum Det\archive\chest_xray\chest_xray\train\PNEUMONIA\person1790_bacteria_4638.jpeg,person1790,PNEUMONIA,5.754597187042236,0.9968418231417339,0.9756133848233823
d:\Pneum Det\archive\chest_xray\chest_xray\train\PNEUMONIA\person1799_bacteria_4647.jpeg,person1799,PNEUMONIA,6.270446300506592,0.9981121863120548,0.9823588302550984
d:\Pneum Det\archive\chest_xray\chest_xray\train\PNEUMONIA\person1814_bacteria_4669.jpeg,person1814,PNEUMONIA,6.887959957122803,0.9989810467762138,0.9880568637384975
d:\Pneum Det\archive\chest_xray\chest_xray\train\PNEUMONIA\person1835_bacteria_4699.jpeg,person1835,PNEUMONIA,6.3785929679870605,0.9983053669284968,0.98352095874417
d:\Pneum Det\archive\chest_xray\chest_xray\train\PNEUMONIA\person1839_bacteria_4705.jpeg,person1839,PNEUMONIA,4.10119104385376,0.9837165900749608,0.9327112323279095
d:\Pneum Det\archive\chest_xray\chest_xray\train\PNEUMONIA\person1855_bacteria_4727.jpeg,person1855,PNEUMONIA,4.913453102111816,0.9927065115213635,0.958901219370469
d:\Pneum Det\archive\chest_xray\chest_xray\train\PNEUMONIA\person1863_bacteria_4735.jpeg,person1863,PNEUMONIA,4.30792236328125,0.9867173160553854,0.9405667699289211
d:\Pneum Det\archive\chest_xray\chest_xray\train\PNEUMONIA\person1865_bacteria_4737.jpeg,person1865,PNEUMONIA,3.9096322059631348,0.980346144802671,0.9245824311321561
d:\Pneum Det\archive\chest_xray\chest_xray\train\PNEUMONIA\person1865_bacteria_4739.jpeg,person1865,PNEUMONIA,7.633045673370361,0.9995160503763998,0.9925585985101849
d:\Pneum Det\archive\chest_xray\chest_xray\train\PNEUMONIA\person1866_bacteria_4740.jpeg,person1866,PNEUMONIA,7.321094036102295,0.999338999033296,0.9909261888407754
d:\Pneum Det\archive\chest_xray\chest_xray\train\PNEUMONIA\person1885_bacteria_4772.jpeg,person1885,PNEUMONIA,6.468809604644775,0.9984513310733572,0.9844325581550607
d:\Pneum Det\archive\chest_xray\chest_xray\train\PNEUMONIA\person1886_bacteria_4773.jpeg,person1886,PNEUMONIA,7.236145496368408,0.9992804361685776,0.9904232180123326
d:\Pneum Det\archive\chest_xray\chest_xray\train\PNEUMONIA\person1903_bacteria_4797.jpeg,person1903,PNEUMONIA,6.523905277252197,0.9985342264071306,0.9849646736661127
d:\Pneum Det\archive\chest_xray\chest_xray\train\PNEUMONIA\person1912_bacteria_4816.jpeg,person1912,PNEUMONIA,7.62900447845459,0.9995140916367906,0.9925394395264497
d:\Pneum Det\archive\chest_xray\chest_xray\train\PNEUMONIA\person1912_bacteria_4817.jpeg,person1912,PNEUMONIA,7.176479339599609,0.9992362296490704,0.9900535293987918
d:\Pneum Det\archive\chest_xray\chest_xray\train\PNEUMONIA\person1918_bacteria_4825.jpeg,person1918,PNEUMONIA,3.358781099319458,0.9663912102498202,0.8959650318510134
d:\Pneum Det\archive\chest_xray\chest_xray\train\PNEUMONIA\person1921_bacteria_4828.jpeg,person1921,PNEUMONIA,5.425817966461182,0.9956178235551123,0.9700629851484983
d:\Pneum Det\archive\chest_xray\chest_xray\train\PNEUMONIA\person1931_bacteria_4842.jpeg,person1931,PNEUMONIA,5.809681415557861,0.9970105782786801,0.976439567858225
d:\Pneum Det\archive\chest_xray\chest_xray\train\PNEUMONIA\person1937_bacteria_4853.jpeg,person1937,PNEUMONIA,5.263923168182373,0.9948516797711878,0.9668974249201303
d:\Pneum Det\archive\chest_xray\chest_xray\train\PNEUMONIA\person1943_bacteria_4868.jpeg,person1943,PNEUMONIA,7.5817999839782715,0.9994906165561392,0.9923119883647296
d:\Pneum Det\archive\chest_xray\chest_xray\train\PNEUMONIA\person21_bacteria_72.jpeg,person21,PNEUMONIA,2.052628993988037,0.8862129945164844,0.7884912159875508
d:\Pneum Det\archive\chest_xray\chest_xray\train\PNEUMONIA\person21_bacteria_73.jpeg,person21,PNEUMONIA,-3.4917309284210205,0.029548428815066505,0.09635451259727595
d:\Pneum Det\archive\chest_xray\chest_xray\train\PNEUMONIA\person24_bacteria_108.jpeg,person24,PNEUMONIA,6.5652899742126465,0.9985935653568192,0.9853525502766074
d:\Pneum Det\archive\chest_xray\chest_xray\train\PNEUMONIA\person24_bacteria_109.jpeg,person24,PNEUMONIA,7.1940226554870605,0.9992495018976094,0.9901636694696528
d:\Pneum Det\archive\chest_xray\chest_xray\train\PNEUMONIA\person24_bacteria_110.jpeg,person24,PNEUMONIA,7.853494167327881,0.9996117583039862,0.9935329499996779
d:\Pneum Det\archive\chest_xray\chest_xray\train\PNEUMONIA\person24_bacteria_111.jpeg,person24,PNEUMONIA,6.979576587677002,0.9990701682033902,0.9887304250022859
d:\Pneum Det\archive\chest_xray\chest_xray\train\PNEUMONIA\person24_bacteria_112.jpeg,person24,PNEUMONIA,3.3244619369506836,0.9652585313081588,0.8938963828337535
d:\Pneum Det\archive\chest_xray\chest_xray\train\PNEUMONIA\person25_bacteria_113.jpeg,person25,PNEUMONIA,9.786394119262695,0.9999437919362861,0.9981182106677944
d:\Pneum Det\archive\chest_xray\chest_xray\train\PNEUMONIA\person25_bacteria_114.jpeg,person25,PNEUMONIA,6.575196743011475,0.9986074104829336,0.9854439290067744
d:\Pneum Det\archive\chest_xray\chest_xray\train\PNEUMONIA\person25_bacteria_115.jpeg,person25,PNEUMONIA,4.990964889526367,0.9932468146440346,0.9608154262372742
d:\Pneum Det\archive\chest_xray\chest_xray\train\PNEUMONIA\person25_bacteria_116.jpeg,person25,PNEUMONIA,7.174991607666016,0.999235093387665,0.9900441331859313
d:\Pneum Det\archive\chest_xray\chest_xray\train\PNEUMONIA\person25_bacteria_117.jpeg,person25,PNEUMONIA,3.2370188236236572,0.9622038404973485,0.888461114260023
d:\Pneum Det\archive\chest_xray\chest_xray\train\PNEUMONIA\person25_bacteria_118.jpeg,person25,PNEUMONIA,6.7276434898376465,0.9988040807288746,0.9867812396726531
d:\Pneum Det\archive\chest_xray\chest_xray\train\PNEUMONIA\person25_bacteria_119.jpeg,person25,PNEUMONIA,6.279162883758545,0.9981285394266295,0.982455406692063
d:\Pneum Det\archive\chest_xray\chest_xray\train\PNEUMONIA\person25_bacteria_120.jpeg,person25,PNEUMONIA,8.33296012878418,0.9997595986065835,0.9952360973681968
d:\Pneum Det\archive\chest_xray\chest_xray\train\PNEUMONIA\person25_bacteria_121.jpeg,person25,PNEUMONIA,5.837128639221191,0.997091278377765,0.9768409775647172
d:\Pneum Det\archive\chest_xray\chest_xray\train\PNEUMONIA\person261_bacteria_1225.jpeg,person261,PNEUMONIA,7.635166645050049,0.9995170752369166,0.9925686343201318
d:\Pneum Det\archive\chest_xray\chest_xray\train\PNEUMONIA\person261_virus_543.jpeg,person261,PNEUMONIA,8.983617782592773,0.9998745675539629,0.9968557234980452
d:\Pneum Det\archive\chest_xray\chest_xray\train\PNEUMONIA\person262_bacteria_1226.jpeg,person262,PNEUMONIA,-4.007265090942383,0.0178583371520779,0.07116762221439633
d:\Pneum Det\archive\chest_xray\chest_xray\train\PNEUMONIA\person262_virus_544.jpeg,person262,PNEUMONIA,7.0979743003845215,0.9991739049651996,0.9895455175390381
d:\Pneum Det\archive\chest_xray\chest_xray\train\PNEUMONIA\person262_virus_545.jpeg,person262,PNEUMONIA,7.369011402130127,0.999369906095313,0.9911982631150636
d:\Pneum Det\archive\chest_xray\chest_xray\train\PNEUMONIA\person272_virus_559.jpeg,person272,PNEUMONIA,2.4922897815704346,0.9235995343011617,0.8316970900304371
d:\Pneum Det\archive\chest_xray\chest_xray\train\PNEUMONIA\person276_bacteria_1295.jpeg,person276,PNEUMONIA,8.539506912231445,0.9998044515688956,0.9958244350186077
d:\Pneum Det\archive\chest_xray\chest_xray\train\PNEUMONIA\person276_bacteria_1296.jpeg,person276,PNEUMONIA,6.355686664581299,0.9982661692293654,0.9832812660729642
d:\Pneum Det\archive\chest_xray\chest_xray\train\PNEUMONIA\person276_bacteria_1297.jpeg,person276,PNEUMONIA,7.031086444854736,0.9991168098412787,0.9890924859021466
d:\Pneum Det\archive\chest_xray\chest_xray\train\PNEUMONIA\person276_bacteria_1298.jpeg,person276,PNEUMONIA,6.549130916595459,0.9985706868320224,0.9852022871941718
d:\Pneum Det\archive\chest_xray\chest_xray\train\PNEUMONIA\person276_bacteria_1299.jpeg,person276,PNEUMONIA,6.633760929107666,0.9986865201272795,0.985972753807456
d:\Pneum Det\archive\chest_xray\chest_xray\train\PNEUMONIA\person276_virus_569.jpeg,person276,PNEUMONIA,6.734903812408447,0.9988127217733576,0.9868418129960465
d:\Pneum Det\archive\chest_xray\chest_xray\train\PNEUMONIA\person27_bacteria_135.jpeg,person27,PNEUMONIA,3.423644781112671,0.9684353768002016,0.89977758225357
d:\Pneum Det\archive\chest_xray\chest_xray\train\PNEUMONIA\person27_bacteria_136.jpeg,person27,PNEUMONIA,2.353485345840454,0.9132108629832136,0.8188716085956095
d:\Pneum Det\archive\chest_xray\chest_xray\train\PNEUMONIA\person27_bacteria_137.jpeg,person27,PNEUMONIA,4.237809181213379,0.9857663317848776,0.938003893096834
d:\Pneum Det\archive\chest_xray\chest_xray\train\PNEUMONIA\person27_bacteria_138.jpeg,person27,PNEUMONIA,2.359734296798706,0.9137048575635711,0.8194650146372978
d:\Pneum Det\archive\chest_xray\chest_xray\train\PNEUMONIA\person282_virus_579.jpeg,person282,PNEUMONIA,8.365365028381348,0.9997672621379506,0.9953335821040183
d:\Pneum Det\archive\chest_xray\chest_xray\train\PNEUMONIA\person284_virus_582.jpeg,person284,PNEUMONIA,2.2270619869232178,0.9026535005711784,0.8065390207288547
d:\Pneum Det\archive\chest_xray\chest_xray\train\PNEUMONIA\person290_bacteria_1372.jpeg,person290,PNEUMONIA,7.044312953948975,0.9991284043360071,0.9891835832061754
d:\Pneum Det\archive\chest_xray\chest_xray\train\PNEUMONIA\person290_virus_594.jpeg,person290,PNEUMONIA,4.320399284362793,0.9868798526056516,0.9410123172934145
d:\Pneum Det\archive\chest_xray\chest_xray\train\PNEUMONIA\person294_bacteria_1380.jpeg,person294,PNEUMONIA,9.066469192504883,0.999884539798065,0.9970178816795648
d:\Pneum Det\archive\chest_xray\chest_xray\train\PNEUMONIA\person294_bacteria_1381.jpeg,person294,PNEUMONIA,8.49118423461914,0.9997947720988887,0.995693627252117
d:\Pneum Det\archive\chest_xray\chest_xray\train\PNEUMONIA\person294_bacteria_1382.jpeg,person294,PNEUMONIA,8.011025428771973,0.9996683257210294,0.9941505085515111
d:\Pneum Det\archive\chest_xray\chest_xray\train\PNEUMONIA\person294_bacteria_1383.jpeg,person294,PNEUMONIA,6.751037120819092,0.9988317006133087,0.9869754354481176
d:\Pneum Det\archive\chest_xray\chest_xray\train\PNEUMONIA\person294_bacteria_1384.jpeg,person294,PNEUMONIA,8.131866455078125,0.9997060675064535,0.9945841777517715
d:\Pneum Det\archive\chest_xray\chest_xray\train\PNEUMONIA\person294_bacteria_1385.jpeg,person294,PNEUMONIA,7.233988285064697,0.9992788833624378,0.9904100922311034
d:\Pneum Det\archive\chest_xray\chest_xray\train\PNEUMONIA\person294_bacteria_1386.jpeg,person294,PNEUMONIA,3.1480839252471924,0.9588331566963637,0.8826849354200764
d:\Pneum Det\archive\chest_xray\chest_xray\train\PNEUMONIA\person294_bacteria_1388.jpeg,person294,PNEUMONIA,8.082925796508789,0.999691328982087,0.9944125336682418
d:\Pneum Det\archive\chest_xray\chest_xray\train\PNEUMONIA\person294_virus_606.jpeg,person294,PNEUMONIA,6.837005138397217,0.9989278377506964,0.9876651910320434
d:\Pneum Det\archive\chest_xray\chest_xray\train\PNEUMONIA\person294_virus_610.jpeg,person294,PNEUMONIA,1.2322832345962524,0.7742179438687745,0.68782388521492
d:\Pneum Det\archive\chest_xray\chest_xray\train\PNEUMONIA\person294_virus_611.jpeg,person294,PNEUMONIA,7.6560797691345215,0.9995270651022803,0.9926668725720126
d:\Pneum Det\archive\chest_xray\chest_xray\train\PNEUMONIA\person302_bacteria_1430.jpeg,person302,PNEUMONIA,8.510351181030273,0.9997986674488761,0.9957459927478358
d:\Pneum Det\archive\chest_xray\chest_xray\train\PNEUMONIA\person302_virus_623.jpeg,person302,PNEUMONIA,0.2463414967060089,0.5612758146562141,0.5393979686312801
d:\Pneum Det\archive\chest_xray\chest_xray\train\PNEUMONIA\person304_virus_625.jpeg,person304,PNEUMONIA,8.622096061706543,0.9998199500288114,0.9960389047520002
d:\Pneum Det\archive\chest_xray\chest_xray\train\PNEUMONIA\person306_bacteria_1439.jpeg,person306,PNEUMONIA,6.152238368988037,0.9978758101961487,0.9809964515449046
d:\Pneum Det\archive\chest_xray\chest_xray\train\PNEUMONIA\person306_bacteria_1440.jpeg,person306,PNEUMONIA,4.5539870262146,0.9895844685573136,0.9487957456067825
d:\Pneum Det\archive\chest_xray\chest_xray\train\PNEUMONIA\person306_virus_628.jpeg,person306,PNEUMONIA,7.231520175933838,0.9992771026579064,0.9903950529056925
d:\Pneum Det\archive\chest_xray\chest_xray\train\PNEUMONIA\person311_bacteria_1452.jpeg,person311,PNEUMONIA,3.6267590522766113,0.9740870808616706,0.9109235338485425
d:\Pneum Det\archive\chest_xray\chest_xray\train\PNEUMONIA\person311_bacteria_1453.jpeg,person311,PNEUMONIA,-6.274496555328369,0.001880197372101868,0.017596229695423647
d:\Pneum Det\archive\chest_xray\chest_xray\train\PNEUMONIA\person311_virus_634.jpeg,person311,PNEUMONIA,3.7176380157470703,0.9762847967909419,0.9155389552487554
d:\Pneum Det\archive\chest_xray\chest_xray\train\PNEUMONIA\person317_bacteria_1471.jpeg,person317,PNEUMONIA,3.172226667404175,0.9597756361717209,0.8842781355147699
d:\Pneum Det\archive\chest_xray\chest_xray\train\PNEUMONIA\person317_bacteria_1473.jpeg,person317,PNEUMONIA,-2.507572650909424,0.07532901120281298,0.1669359786558788
d:\Pneum Det\archive\chest_xray\chest_xray\train\PNEUMONIA\person317_virus_643.jpeg,person317,PNEUMONIA,3.9500200748443604,0.9811094101284097,0.9263680736172715
d:\Pneum Det\archive\chest_xray\chest_xray\train\PNEUMONIA\person321_bacteria_1483.jpeg,person321,PNEUMONIA,8.18767261505127,0.9997220170109697,0.9947735092882481
d:\Pneum Det\archive\chest_xray\chest_xray\train\PNEUMONIA\person321_bacteria_1484.jpeg,person321,PNEUMONIA,6.9080023765563965,0.9990012455747143,0.9882075338761214
d:\Pneum Det\archive\chest_xray\chest_xray\train\PNEUMONIA\person321_bacteria_1485.jpeg,person321,PNEUMONIA,7.922845840454102,0.9996377616525483,0.9938124274728144
d:\Pneum Det\archive\chest_xray\chest_xray\train\PNEUMONIA\person321_bacteria_1486.jpeg,person321,PNEUMONIA,7.328444004058838,0.9993438363823999,0.9909684566519541
d:\Pneum Det\archive\chest_xray\chest_xray\train\PNEUMONIA\person321_bacteria_1487.jpeg,person321,PNEUMONIA,8.127103805541992,0.9997046646845158,0.9945677072049365
d:\Pneum Det\archive\chest_xray\chest_xray\train\PNEUMONIA\person321_bacteria_1488.jpeg,person321,PNEUMONIA,7.527510166168213,0.9994622130595823,0.9920418792802912
d:\Pneum Det\archive\chest_xray\chest_xray\train\PNEUMONIA\person321_bacteria_1489.jpeg,person321,PNEUMONIA,5.4588236808776855,0.9957594962214094,0.970671373533134
d:\Pneum Det\archive\chest_xray\chest_xray\train\PNEUMONIA\person321_virus_648.jpeg,person321,PNEUMONIA,1.9588648080825806,0.8764100461113233,0.7782930108133562
d:\Pneum Det\archive\chest_xray\chest_xray\train\PNEUMONIA\person330_virus_683.jpeg,person330,PNEUMONIA,6.164489269256592,0.9979016204050009,0.9811423087680347
d:\Pneum Det\archive\chest_xray\chest_xray\train\PNEUMONIA\person332_bacteria_1531.jpeg,person332,PNEUMONIA,4.612095832824707,0.9901666718112587,0.9505755335232667
d:\Pneum Det\archive\chest_xray\chest_xray\train\PNEUMONIA\person332_bacteria_1533.jpeg,person332,PNEUMONIA,5.40023946762085,0.9955047985825297,0.969583106342063
d:\Pneum Det\archive\chest_xray\chest_xray\train\PNEUMONIA\person332_bacteria_1534.jpeg,person332,PNEUMONIA,5.503150463104248,0.9959426129798244,0.9714696048849315
d:\Pneum Det\archive\chest_xray\chest_xray\train\PNEUMONIA\person332_bacteria_1535.jpeg,person332,PNEUMONIA,7.502408504486084,0.9994485503975847,0.9919138281646614
d:\Pneum Det\archive\chest_xray\chest_xray\train\PNEUMONIA\person332_bacteria_1536.jpeg,person332,PNEUMONIA,5.353593349456787,0.9952911582433558,0.9686887273068168
d:\Pneum Det\archive\chest_xray\chest_xray\train\PNEUMONIA\person332_bacteria_1537.jpeg,person332,PNEUMONIA,7.275597095489502,0.9993082521744336,0.9906601513368741
d:\Pneum Det\archive\chest_xray\chest_xray\train\PNEUMONIA\person332_bacteria_1538.jpeg,person332,PNEUMONIA,7.947110652923584,0.9996464424456447,0.993907349553981
d:\Pneum Det\archive\chest_xray\chest_xray\train\PNEUMONIA\person332_virus_685.jpeg,person332,PNEUMONIA,9.941996574401855,0.9999518911633888,0.9982965569494783
d:\Pneum Det\archive\chest_xray\chest_xray\train\PNEUMONIA\person342_virus_701.jpeg,person342,PNEUMONIA,5.0045166015625,0.9933371088953007,0.9611411945848588
d:\Pneum Det\archive\chest_xray\chest_xray\train\PNEUMONIA\person342_virus_702.jpeg,person342,PNEUMONIA,6.125222206115723,0.997817767455422,0.9806708808370853
d:\Pneum Det\archive\chest_xray\chest_xray\train\PNEUMONIA\person349_bacteria_1605.jpeg,person349,PNEUMONIA,6.558744430541992,0.9985843423579742,0.98529186524094
d:\Pneum Det\archive\chest_xray\chest_xray\train\PNEUMONIA\person349_bacteria_1606.jpeg,person349,PNEUMONIA,6.756555080413818,0.9988381220191008,0.9870208293630575
d:\Pneum Det\archive\chest_xray\chest_xray\train\PNEUMONIA\person349_bacteria_1607.jpeg,person349,PNEUMONIA,8.082681655883789,0.9996912536370216,0.9944116640019127
d:\Pneum Det\archive\chest_xray\chest_xray\train\PNEUMONIA\person349_virus_724.jpeg,person349,PNEUMONIA,8.524826049804688,0.999801560146611,0.9957851184892084
d:\Pneum Det\archive\chest_xray\chest_xray\train\PNEUMONIA\person34_bacteria_176.jpeg,person34,PNEUMONIA,0.30820339918136597,0.5764466707862993,0.5492340265481098
d:\Pneum Det\archive\chest_xray\chest_xray\train\PNEUMONIA\person356_bacteria_1638.jpeg,person356,PNEUMONIA,2.8237955570220947,0.9439482279602704,0.8593881492182224
d:\Pneum Det\archive\chest_xray\chest_xray\train\PNEUMONIA\person356_virus_733.jpeg,person356,PNEUMONIA,-2.1630783081054688,0.10311541342898112,0.19994163539222368
d:\Pneum Det\archive\chest_xray\chest_xray\train\PNEUMONIA\person359_bacteria_1642.jpeg,person359,PNEUMONIA,9.204501152038574,0.9998994244863102,0.9972697315449082
d:\Pneum Det\archive\chest_xray\chest_xray\train\PNEUMONIA\person359_bacteria_1643.jpeg,person359,PNEUMONIA,5.819546222686768,0.9970398365013312,0.9765846141800258
d:\Pneum Det\archive\chest_xray\chest_xray\train\PNEUMONIA\person359_bacteria_1644.jpeg,person359,PNEUMONIA,8.85584831237793,0.9998574746740185,0.9965882575502452
d:\Pneum Det\archive\chest_xray\chest_xray\train\PNEUMONIA\person359_bacteria_1645.jpeg,person359,PNEUMONIA,5.932235240936279,0.997354471110457,0.9781808874470626
d:\Pneum Det\archive\chest_xray\chest_xray\train\PNEUMONIA\person359_bacteria_1646.jpeg,person359,PNEUMONIA,11.748644828796387,0.9999921000389493,0.9994643884434804
d:\Pneum Det\archive\chest_xray\chest_xray\train\PNEUMONIA\person359_virus_738.jpeg,person359,PNEUMONIA,5.259958267211914,0.9948313323861291,0.966815975597294
d:\Pneum Det\archive\chest_xray\chest_xray\train\PNEUMONIA\person364_bacteria_1656.jpeg,person364,PNEUMONIA,7.677274227142334,0.9995369786329177,0.9927651171364046
d:\Pneum Det\archive\chest_xray\chest_xray\train\PNEUMONIA\person364_bacteria_1657.jpeg,person364,PNEUMONIA,7.316694259643555,0.999336086304656,0.9909007931152942
d:\Pneum Det\archive\chest_xray\chest_xray\train\PNEUMONIA\person364_bacteria_1658.jpeg,person364,PNEUMONIA,4.589025020599365,0.9899394806358917,0.9498760382185142
d:\Pneum Det\archive\chest_xray\chest_xray\train\PNEUMONIA\person364_bacteria_1659.jpeg,person364,PNEUMONIA,6.2957634925842285,0.9981592936499246,0.9826379010740451
d:\Pneum Det\archive\chest_xray\chest_xray\train\PNEUMONIA\person364_bacteria_1660.jpeg,person364,PNEUMONIA,7.640712261199951,0.9995197446574706,0.9925948110977979
d:\Pneum Det\archive\chest_xray\chest_xray\train\PNEUMONIA\person364_virus_743.jpeg,person364,PNEUMONIA,1.950670599937439,0.8755197455001016,0.7773852710946408
d:\Pneum Det\archive\chest_xray\chest_xray\train\PNEUMONIA\person368_bacteria_1666.jpeg,person368,PNEUMONIA,6.450835704803467,0.9984232880758853,0.984254988347313
d:\Pneum Det\archive\chest_xray\chest_xray\train\PNEUMONIA\person368_bacteria_1667.jpeg,person368,PNEUMONIA,9.150604248046875,0.9998938556287982,0.9971740205386296
d:\Pneum Det\archive\chest_xray\chest_xray\train\PNEUMONIA\person368_bacteria_1668.jpeg,person368,PNEUMONIA,7.575996398925781,0.9994876532299835,0.9922835534584942
d:\Pneum Det\archive\chest_xray\chest_xray\train\PNEUMONIA\person368_bacteria_1672.jpeg,person368,PNEUMONIA,4.1232686042785645,0.9840664833675902,0.9335940673805384
d:\Pneum Det\archive\chest_xray\chest_xray\train\PNEUMONIA\person368_bacteria_1678.jpeg,person368,PNEUMONIA,7.02632474899292,0.9991125980706811,0.9890595044053545
d:\Pneum Det\archive\chest_xray\chest_xray\train\PNEUMONIA\person368_virus_748.jpeg,person368,PNEUMONIA,4.07562255859375,0.983301921427724,0.9316751990715633
d:\Pneum Det\archive\chest_xray\chest_xray\train\PNEUMONIA\person373_bacteria_1707.jpeg,person373,PNEUMONIA,4.805587291717529,0.9918825391631092,0.9560879587902515
d:\Pneum Det\archive\chest_xray\chest_xray\train\PNEUMONIA\person373_bacteria_1708.jpeg,person373,PNEUMONIA,3.0492959022521973,0.9547521188721273,0.8759665125980539
d:\Pneum Det\archive\chest_xray\chest_xray\train\PNEUMONIA\person373_bacteria_1709.jpeg,person373,PNEUMONIA,7.26791524887085,0.9993029215295604,0.9906144764571045
d:\Pneum Det\archive\chest_xray\chest_xray\train\PNEUMONIA\person373_virus_756.jpeg,person373,PNEUMONIA,4.48949670791626,0.9888983380124786,0.9467495770068295
d:\Pneum Det\archive\chest_xray\chest_xray\train\PNEUMONIA\person379_bacteria_1721.jpeg,person379,PNEUMONIA,5.331737041473389,0.9951876081395493,0.9682609542089999
d:\Pneum Det\archive\chest_xray\chest_xray\train\PNEUMONIA\person379_bacteria_1722.jpeg,person379,PNEUMONIA,2.9498870372772217,0.9502581492363263,0.8688751363422847
d:\Pneum Det\archive\chest_xray\chest_xray\train\PNEUMONIA\person379_virus_762.jpeg,person379,PNEUMONIA,4.274980068206787,0.9862785709801203,0.9393752164361593
d:\Pneum Det\archive\chest_xray\chest_xray\train\PNEUMONIA\person37_bacteria_186.jpeg,person37,PNEUMONIA,4.884840488433838,0.9924964000630206,0.9581722376815848
d:\Pneum Det\archive\chest_xray\chest_xray\train\PNEUMONIA\person37_bacteria_187.jpeg,person37,PNEUMONIA,5.564857482910156,0.9961844875300935,0.9725457934108747
d:\Pneum Det\archive\chest_xray\chest_xray\train\PNEUMONIA\person37_bacteria_188.jpeg,person37,PNEUMONIA,3.0313241481781006,0.9539693536922497,0.8747093402580097
d:\Pneum Det\archive\chest_xray\chest_xray\train\PNEUMONIA\person37_bacteria_189.jpeg,person37,PNEUMONIA,4.689105987548828,0.9908888730863229,0.9528440046632622
d:\Pneum Det\archive\chest_xray\chest_xray\train\PNEUMONIA\person389_bacteria_1778.jpeg,person389,PNEUMONIA,6.200793266296387,0.9979762823422317,0.9815681199241847
d:\Pneum Det\archive\chest_xray\chest_xray\train\PNEUMONIA\person389_bacteria_1780.jpeg,person389,PNEUMONIA,5.793655872344971,0.9969624319375664,0.9762020665789753
d:\Pneum Det\archive\chest_xray\chest_xray\train\PNEUMONIA\person389_virus_778.jpeg,person389,PNEUMONIA,5.615715026855469,0.9963729971150178,0.9734030170061043
d:\Pneum Det\archive\chest_xray\chest_xray\train\PNEUMONIA\person39_bacteria_198.jpeg,person39,PNEUMONIA,6.131947040557861,0.9978323616707344,0.9807524291074502
d:\Pneum Det\archive\chest_xray\chest_xray\train\PNEUMONIA\person39_bacteria_200.jpeg,person39,PNEUMONIA,3.6185965538024902,0.9738802484097244,0.9104980340665146
d:\Pneum Det\archive\chest_xray\chest_xray\train\PNEUMONIA\person401_bacteria_1808.jpeg,person401,PNEUMONIA,6.655251979827881,0.9987144111232742,0.9861620263545646
d:\Pneum Det\archive\chest_xray\chest_xray\train\PNEUMONIA\person401_virus_795.jpeg,person401,PNEUMONIA,7.113493919372559,0.9991866163243944,0.9896479418864976
d:\Pneum Det\archive\chest_xray\chest_xray\train\PNEUMONIA\person401_virus_797.jpeg,person401,PNEUMONIA,6.252048015594482,0.9980771997017771,0.9821532671799118
d:\Pneum Det\archive\chest_xray\chest_xray\train\PNEUMONIA\person401_virus_798.jpeg,person401,PNEUMONIA,6.252048015594482,0.9980771997017771,0.9821532671799118
d:\Pneum Det\archive\chest_xray\chest_xray\train\PNEUMONIA\person402_bacteria_1809.jpeg,person402,PNEUMONIA,5.427802562713623,0.9956264737837119,0.9700999099677807
d:\Pneum Det\archive\chest_xray\chest_xray\train\PNEUMONIA\person402_bacteria_1810.jpeg,person402,PNEUMONIA,6.304321765899658,0.9981749510716621,0.9827312544083459
d:\Pneum Det\archive\chest_xray\chest_xray\train\PNEUMONIA\person402_bacteria_1811.jpeg,person402,PNEUMONIA,6.101619243621826,0.9977657640790127,0.9803819717809357
d:\Pneum Det\archive\chest_xray\chest_xray\train\PNEUMONIA\person402_bacteria_1812.jpeg,person402,PNEUMONIA,4.4081010818481445,0.9879682441671759,0.9440568048230322
d:\Pneum Det\archive\chest_xray\chest_xray\train\PNEUMONIA\person402_bacteria_1813.jpeg,person402,PNEUMONIA,5.773642063140869,0.9969012164813096,0.9759021767354242
d:\Pneum Det\archive\chest_xray\chest_xray\train\PNEUMONIA\person402_virus_799.jpeg,person402,PNEUMONIA,3.4436798095703125,0.9690420990620519,0.9009298604328823
d:\Pneum Det\archive\chest_xray\chest_xray\train\PNEUMONIA\person402_virus_801.jpeg,person402,PNEUMONIA,7.056498050689697,0.9991389512804763,0.9892668416379525
d:\Pneum Det\archive\chest_xray\chest_xray\train\PNEUMONIA\person406_bacteria_1818.jpeg,person406,PNEUMONIA,3.7238900661468506,0.9764291189891052,0.9158483621253024
d:\Pneum Det\archive\chest_xray\chest_xray\train\PNEUMONIA\person406_bacteria_1819.jpeg,person406,PNEUMONIA,2.6537322998046875,0.9342406564990826,0.8456910008700764
d:\Pneum Det\archive\chest_xray\chest_xray\train\PNEUMONIA\person406_bacteria_1820.jpeg,person406,PNEUMONIA,6.086195468902588,0.9977311153941911,0.9801908971617159
d:\Pneum Det\archive\chest_xray\chest_xray\train\PNEUMONIA\person416_bacteria_1840.jpeg,person416,PNEUMONIA,3.4680826663970947,0.9697658528149581,0.9023174075005161
d:\Pneum Det\archive\chest_xray\chest_xray\train\PNEUMONIA\person416_virus_849.jpeg,person416,PNEUMONIA,-2.6013381481170654,0.0690523490443073,0.15874318651584773
d:\Pneum Det\archive\chest_xray\chest_xray\train\PNEUMONIA\person422_bacteria_1853.jpeg,person422,PNEUMONIA,-3.1287665367126465,0.04193613653462448,0.11860350055530465
d:\Pneum Det\archive\chest_xray\chest_xray\train\PNEUMONIA\person422_virus_867.jpeg,person422,PNEUMONIA,8.876714706420898,0.9998604174392905,0.9966334384773701
d:\Pneum Det\archive\chest_xray\chest_xray\train\PNEUMONIA\person422_virus_868.jpeg,person422,PNEUMONIA,7.226856708526611,0.999273726030858,0.9903665724639994
d:\Pneum Det\archive\chest_xray\chest_xray\train\PNEUMONIA\person423_bacteria_1854.jpeg,person423,PNEUMONIA,5.091850757598877,0.9938909168694575,0.9631790696290342
d:\Pneum Det\archive\chest_xray\chest_xray\train\PNEUMONIA\person423_bacteria_1855.jpeg,person423,PNEUMONIA,8.026575088500977,0.9996734415809873,0.9942081919778709
d:\Pneum Det\archive\chest_xray\chest_xray\train\PNEUMONIA\person423_bacteria_1856.jpeg,person423,PNEUMONIA,7.659327983856201,0.9995285980811425,0.9926820147908542
d:\Pneum Det\archive\chest_xray\chest_xray\train\PNEUMONIA\person423_bacteria_1857.jpeg,person423,PNEUMONIA,3.532026529312134,0.9715854126064168,0.9058713403498049
d:\Pneum Det\archive\chest_xray\chest_xray\train\PNEUMONIA\person423_bacteria_1858.jpeg,person423,PNEUMONIA,6.340559482574463,0.9982397883917085,0.9831210989441288
d:\Pneum Det\archive\chest_xray\chest_xray\train\PNEUMONIA\person423_virus_869.jpeg,person423,PNEUMONIA,-6.8104472160339355,0.0011009863612440642,0.012543952290305036
d:\Pneum Det\archive\chest_xray\chest_xray\train\PNEUMONIA\person430_bacteria_1871.jpeg,person430,PNEUMONIA,-2.1142451763153076,0.10771995582585897,0.20499638806403736
d:\Pneum Det\archive\chest_xray\chest_xray\train\PNEUMONIA\person430_virus_879.jpeg,person430,PNEUMONIA,7.686305046081543,0.9995411393606732,0.9928065804737675
d:\Pneum Det\archive\chest_xray\chest_xray\train\PNEUMONIA\person441_bacteria_1900.jpeg,person441,PNEUMONIA,5.410250186920166,0.9955493750097842,0.9697717987365347
d:\Pneum Det\archive\chest_xray\chest_xray\train\PNEUMONIA\person441_bacteria_1902.jpeg,person441,PNEUMONIA,2.2511589527130127,0.9047504571079297,0.8089379551062699
d:\Pneum Det\archive\chest_xray\chest_xray\train\PNEUMONIA\person441_bacteria_1903.jpeg,person441,PNEUMONIA,2.931365489959717,0.9493753432602322,0.8675164526925326
d:\Pneum Det\archive\chest_xray\chest_xray\train\PNEUMONIA\person441_bacteria_1904.jpeg,person441,PNEUMONIA,4.007131099700928,0.98213931256784,0.9288266995985008
d:\Pneum Det\archive\chest_xray\chest_xray\train\PNEUMONIA\person441_bacteria_1905.jpeg,person441,PNEUMONIA,2.983405113220215,0.9518187695562716,0.8713038356468727
d:\Pneum Det\archive\chest_xray\chest_xray\train\PNEUMONIA\person441_bacteria_1907.jpeg,person441,PNEUMONIA,8.488967895507812,0.9997943168334957,0.9956875308031019
d:\Pneum Det\archive\chest_xray\chest_xray\train\PNEUMONIA\person441_bacteria_1910.jpeg,person441,PNEUMONIA,5.530158519744873,0.9960503015267808,0.9719455823099363
d:\Pneum Det\archive\chest_xray\chest_xray\train\PNEUMONIA\person441_bacteria_1911.jpeg,person441,PNEUMONIA,7.229626178741455,0.999275733187534,0.9903834960718265
d:\Pneum Det\archive\chest_xray\chest_xray\train\PNEUMONIA\person441_bacteria_1912.jpeg,person441,PNEUMONIA,7.699039936065674,0.9995469432187929,0.9928646497726072
d:\Pneum Det\archive\chest_xray\chest_xray\train\PNEUMONIA\person441_bacteria_1914.jpeg,person441,PNEUMONIA,6.478267192840576,0.9984658863393079,0.9845251997681531
d:\Pneum Det\archive\chest_xray\chest_xray\train\PNEUMONIA\person441_bacteria_1915.jpeg,person441,PNEUMONIA,6.1945977210998535,0.9979637309977658,0.9814961256472221
d:\Pneum Det\archive\chest_xray\chest_xray\train\PNEUMONIA\person441_bacteria_1916.jpeg,person441,PNEUMONIA,4.31660795211792,0.9868306716758304,0.9408772620289226
d:\Pneum Det\archive\chest_xray\chest_xray\train\PNEUMONIA\person441_bacteria_1917.jpeg,person441,PNEUMONIA,4.149494171142578,0.9844725130219524,0.9346287873176016
d:\Pneum Det\archive\chest_xray\chest_xray\train\PNEUMONIA\person441_bacteria_1918.jpeg,person441,PNEUMONIA,7.4180989265441895,0.9994000708755836,0.9914685971346224
d:\Pneum Det\archive\chest_xray\chest_xray\train\PNEUMONIA\person441_virus_894.jpeg,person441,PNEUMONIA,-3.604703426361084,0.02647549453599121,0.09023041117957693
d:\Pneum Det\archive\chest_xray\chest_xray\train\PNEUMONIA\person441_virus_895.jpeg,person441,PNEUMONIA,7.484775066375732,0.9994387457116511,0.9918226547049979
d:\Pneum Det\archive\chest_xray\chest_xray\train\PNEUMONIA\person441_virus_896.jpeg,person441,PNEUMONIA,3.4093034267425537,0.967994028597757,0.8989454664277069
d:\Pneum Det\archive\chest_xray\chest_xray\train\PNEUMONIA\person441_virus_897.jpeg,person441,PNEUMONIA,-0.8049829006195068,0.30896063835783943,0.3737784631155045
d:\Pneum Det\archive\chest_xray\chest_xray\train\PNEUMONIA\person443_bacteria_1923.jpeg,person443,PNEUMONIA,-0.37418994307518005,0.4075289729083567,0.4403165274502452
d:\Pneum Det\archive\chest_xray\chest_xray\train\PNEUMONIA\person443_bacteria_1924.jpeg,person443,PNEUMONIA,4.016454219818115,0.9823021227699764,0.9292207916021762
d:\Pneum Det\archive\chest_xray\chest_xray\train\PNEUMONIA\person443_bacteria_1926.jpeg,person443,PNEUMONIA,5.102087020874023,0.9939527558532562,0.9634110873648297
d:\Pneum Det\archive\chest_xray\chest_xray\train\PNEUMONIA\person443_virus_908.jpeg,person443,PNEUMONIA,7.949055194854736,0.9996471290427581,0.9939148935178889
d:\Pneum Det\archive\chest_xray\chest_xray\train\PNEUMONIA\person447_bacteria_1932.jpeg,person447,PNEUMONIA,5.461531162261963,0.9957709132892218,0.9707207445606005
d:\Pneum Det\archive\chest_xray\chest_xray\train\PNEUMONIA\person447_virus_921.jpeg,person447,PNEUMONIA,4.819731712341309,0.9919956351838048,0.9564670719220101
d:\Pneum Det\archive\chest_xray\chest_xray\train\PNEUMONIA\person447_virus_921_1.jpeg,person447,PNEUMONIA,8.262016296386719,0.9997419286345596,0.9950155418287715
d:\Pneum Det\archive\chest_xray\chest_xray\train\PNEUMONIA\person448_bacteria_1933.jpeg,person448,PNEUMONIA,6.323482990264893,0.9982095263205726,0.9829384799504178
d:\Pneum Det\archive\chest_xray\chest_xray\train\PNEUMONIA\person448_bacteria_1934.jpeg,person448,PNEUMONIA,5.751193523406982,0.9968310895774447,0.975561418241133
d:\Pneum Det\archive\chest_xray\chest_xray\train\PNEUMONIA\person448_bacteria_1935.jpeg,person448,PNEUMONIA,7.543979167938232,0.9994709926939898,0.9921247977079841
d:\Pneum Det\archive\chest_xray\chest_xray\train\PNEUMONIA\person448_bacteria_1936.jpeg,person448,PNEUMONIA,8.630672454833984,0.9998214873308153,0.9960605374091538
d:\Pneum Det\archive\chest_xray\chest_xray\train\PNEUMONIA\person448_bacteria_1937.jpeg,person448,PNEUMONIA,7.87592887878418,0.9996203681469923,0.9936247044879486
d:\Pneum Det\archive\chest_xray\chest_xray\train\PNEUMONIA\person448_virus_922.jpeg,person448,PNEUMONIA,-3.7758448123931885,0.022404266549961006,0.0816200357369589
d:\Pneum Det\archive\chest_xray\chest_xray\train\PNEUMONIA\person458_bacteria_1950.jpeg,person458,PNEUMONIA,8.502711296081543,0.9997971237139347,0.9957251964529441
d:\Pneum Det\archive\chest_xray\chest_xray\train\PNEUMONIA\person458_bacteria_1951.jpeg,person458,PNEUMONIA,8.209484100341797,0.9997280129557893,0.994845705753232
d:\Pneum Det\archive\chest_xray\chest_xray\train\PNEUMONIA\person458_bacteria_1952.jpeg,person458,PNEUMONIA,5.339560031890869,0.9952249294938341,0.9684147119518556
d:\Pneum Det\archive\chest_xray\chest_xray\train\PNEUMONIA\person458_bacteria_1953.jpeg,person458,PNEUMONIA,8.339369773864746,0.9997611341995665,0.9952555391922291
d:\Pneum Det\archive\chest_xray\chest_xray\train\PNEUMONIA\person458_bacteria_1954.jpeg,person458,PNEUMONIA,7.871146202087402,0.9996185488360396,0.9936052531871356
d:\Pneum Det\archive\chest_xray\chest_xray\train\PNEUMONIA\person458_bacteria_1955.jpeg,person458,PNEUMONIA,7.919152736663818,0.9996364218826914,0.9937978520368177
d:\Pneum Det\archive\chest_xray\chest_xray\train\PNEUMONIA\person458_virus_945.jpeg,person458,PNEUMONIA,2.463942766189575,0.9215750981074534,0.8291380604914252
d:\Pneum Det\archive\chest_xray\chest_xray\train\PNEUMONIA\person45_bacteria_220.jpeg,person45,PNEUMONIA,1.4304288625717163,0.8069681287278616,0.7144280361966061
d:\Pneum Det\archive\chest_xray\chest_xray\train\PNEUMONIA\person45_bacteria_221.jpeg,person45,PNEUMONIA,5.250960826873779,0.9947848613900044,0.9666304264077533
d:\Pneum Det\archive\chest_xray\chest_xray\train\PNEUMONIA\person45_bacteria_222.jpeg,person45,PNEUMONIA,4.079395771026611,0.9833637619105924,0.9318290139012652
d:\Pneum Det\archive\chest_xray\chest_xray\train\PNEUMONIA\person463_bacteria_1971.jpeg,person463,PNEUMONIA,8.51705265045166,0.9998000118930749,0.9957641516548534
d:\Pneum Det\archive\chest_xray\chest_xray\train\PNEUMONIA\person463_virus_952.jpeg,person463,PNEUMONIA,6.841648101806641,0.9989327989220701,0.9877013990446574
d:\Pneum Det\archive\chest_xray\chest_xray\train\PNEUMONIA\person463_virus_953.jpeg,person463,PNEUMONIA,-4.883392810821533,0.0075143889109575285,0.04186497253811934
d:\Pneum Det\archive\chest_xray\chest_xray\train\PNEUMONIA\person46_bacteria_224.jpeg,person46,PNEUMONIA,3.769733428955078,0.977461488590375,0.9180858147819233
d:\Pneum Det\archive\chest_xray\chest_xray\train\PNEUMONIA\person46_bacteria_225.jpeg,person46,PNEUMONIA,-4.312118053436279,0.013227806309629938,0.05928305243160402
d:\Pneum Det\archive\chest_xray\chest_xray\train\PNEUMONIA\person470_bacteria_1996.jpeg,person470,PNEUMONIA,3.883338212966919,0.9798330725032373,0.9233986234488688
d:\Pneum Det\archive\chest_xray\chest_xray\train\PNEUMONIA\person470_bacteria_1998.jpeg,person470,PNEUMONIA,6.3144917488098145,0.9981933843639819,0.9828415471866743
d:\Pneum Det\archive\chest_xray\chest_xray\train\PNEUMONIA\person470_bacteria_1999.jpeg,person470,PNEUMONIA,4.540997505187988,0.9894497299674685,0.9483896830525514
d:\Pneum Det\archive\chest_xray\chest_xray\train\PNEUMONIA\person470_bacteria_2000.jpeg,person470,PNEUMONIA,5.044417858123779,0.9935960634250187,0.9620853522724854
d:\Pneum Det\archive\chest_xray\chest_xray\train\PNEUMONIA\person470_bacteria_2001.jpeg,person470,PNEUMONIA,4.282806873321533,0.9863840901732428,0.9396603274761651
d:\Pneum Det\archive\chest_xray\chest_xray\train\PNEUMONIA\person470_bacteria_2002.jpeg,person470,PNEUMONIA,-0.39535921812057495,0.40242784648921226,0.43697494123644826
d:\Pneum Det\archive\chest_xray\chest_xray\train\PNEUMONIA\person470_bacteria_2003.jpeg,person470,PNEUMONIA,-1.7086544036865234,0.15333832725095697,0.25061274314115983
d:\Pneum Det\archive\chest_xray\chest_xray\train\PNEUMONIA\person470_virus_966.jpeg,person470,PNEUMONIA,7.7418904304504395,0.9995659386116567,0.9930566453989519
d:\Pneum Det\archive\chest_xray\chest_xray\train\PNEUMONIA\person472_bacteria_2007.jpeg,person472,PNEUMONIA,6.768896579742432,0.9988523568586942,0.9871217932917573
d:\Pneum Det\archive\chest_xray\chest_xray\train\PNEUMONIA\person472_bacteria_2008.jpeg,person472,PNEUMONIA,7.332494735717773,0.9993464872156079,0.9909916679367794
d:\Pneum Det\archive\chest_xray\chest_xray\train\PNEUMONIA\person472_bacteria_2010.jpeg,person472,PNEUMONIA,8.615478515625,0.9998187548054206,0.9960221321573164
d:\Pneum Det\archive\chest_xray\chest_xray\train\PNEUMONIA\person472_bacteria_2014.jpeg,person472,PNEUMONIA,6.7938151359558105,0.99888056948697,0.9873232914090861
d:\Pneum Det\archive\chest_xray\chest_xray\train\PNEUMONIA\person472_bacteria_2015.jpeg,person472,PNEUMONIA,4.842194557189941,0.9921720398227739,0.9570627304500369
d:\Pneum Det\archive\chest_xray\chest_xray\train\PNEUMONIA\person472_virus_969.jpeg,person472,PNEUMONIA,-3.5804543495178223,0.027107732111123724,0.09151464324301425
d:\Pneum Det\archive\chest_xray\chest_xray\train\PNEUMONIA\person480_bacteria_2038.jpeg,person480,PNEUMONIA,5.13590669631958,0.9941526761427881,0.9641676931774328
d:\Pneum Det\archive\chest_xray\chest_xray\train\PNEUMONIA\person480_bacteria_2039.jpeg,person480,PNEUMONIA,5.181105136871338,0.9944096377109964,0.9651553733325741
d:\Pneum Det\archive\chest_xray\chest_xray\train\PNEUMONIA\person480_bacteria_2040.jpeg,person480,PNEUMONIA,6.462222576141357,0.9984411122304502,0.9843677127947569
d:\Pneum Det\archive\chest_xray\chest_xray\train\PNEUMONIA\person480_virus_981.jpeg,person480,PNEUMONIA,6.313268184661865,0.9981911765018281,0.982828314429211
d:\Pneum Det\archive\chest_xray\chest_xray\train\PNEUMONIA\person480_virus_982.jpeg,person480,PNEUMONIA,5.7355475425720215,0.9967812798068876,0.9753211459298411
d:\Pneum Det\archive\chest_xray\chest_xray\train\PNEUMONIA\person484_virus_986.jpeg,person484,PNEUMONIA,5.412292003631592,0.9955584127780885,0.9698101455316557
d:\Pneum Det\archive\chest_xray\chest_xray\train\PNEUMONIA\person490_bacteria_2068.jpeg,person490,PNEUMONIA,2.863814115524292,0.9460283748828167,0.8624597222195396
d:\Pneum Det\archive\chest_xray\chest_xray\train\PNEUMONIA\person490_bacteria_2069.jpeg,person490,PNEUMONIA,5.074673652648926,0.9937857318089118,0.9627865462351832
d:\Pneum Det\archive\chest_xray\chest_xray\train\PNEUMONIA\person490_bacteria_2070.jpeg,person490,PNEUMONIA,8.422746658325195,0.9997802382261063,0.9955013591667821
d:\Pneum Det\archive\chest_xray\chest_xray\train\PNEUMONIA\person490_virus_996.jpeg,person490,PNEUMONIA,7.269196510314941,0.9993038134760057,0.9906221099520474
d:\Pneum Det\archive\chest_xray\chest_xray\train\PNEUMONIA\person495_bacteria_2094.jpeg,person495,PNEUMONIA,6.360706329345703,0.998274835694485,0.983334083605872
d:\Pneum Det\archive\chest_xray\chest_xray\train\PNEUMONIA\person495_virus_1001.jpeg,person495,PNEUMONIA,6.348409175872803,0.9982535273877502,0.9832043991178344
d:\Pneum Det\archive\chest_xray\chest_xray\train\PNEUMONIA\person496_bacteria_2095.jpeg,person496,PNEUMONIA,-3.7120463848114014,0.02384501044454221,0.08473864264960906
d:\Pneum Det\archive\chest_xray\chest_xray\train\PNEUMONIA\person496_virus_1003.jpeg,person496,PNEUMONIA,-3.320152521133423,0.03488627289969927,0.10636592171871549
d:\Pneum Det\archive\chest_xray\chest_xray\train\PNEUMONIA\person4_bacteria_14.jpeg,person4,PNEUMONIA,6.138032913208008,0.9978454852445569,0.9808259382432346
d:\Pneum Det\archive\chest_xray\chest_xray\train\PNEUMONIA\person500_bacteria_2105.jpeg,person500,PNEUMONIA,5.756222248077393,0.9968469350349388,0.9756381579757268
d:\Pneum Det\archive\chest_xray\chest_xray\train\PNEUMONIA\person500_bacteria_2106.jpeg,person500,PNEUMONIA,6.237393856048584,0.9980488705937728,0.9819878560384934
d:\Pneum Det\archive\chest_xray\chest_xray\train\PNEUMONIA\person500_bacteria_2107.jpeg,person500,PNEUMONIA,6.6084370613098145,0.9986528783732955,0.9857464483015052
d:\Pneum Det\archive\chest_xray\chest_xray\train\PNEUMONIA\person500_bacteria_2108.jpeg,person500,PNEUMONIA,8.427135467529297,0.9997812003946402,0.9955139415254448
d:\Pneum Det\archive\chest_xray\chest_xray\train\PNEUMONIA\person500_bacteria_2109.jpeg,person500,PNEUMONIA,6.913084506988525,0.9990063034678454,0.9882454396607929
d:\Pneum Det\archive\chest_xray\chest_xray\train\PNEUMONIA\person500_bacteria_2110.jpeg,person500,PNEUMONIA,8.913667678833008,0.9998654806102054,0.9967119926498603
d:\Pneum Det\archive\chest_xray\chest_xray\train\PNEUMONIA\person500_bacteria_2111.jpeg,person500,PNEUMONIA,4.865318775177002,0.9923496094494112,0.9576677910038058
d:\Pneum Det\archive\chest_xray\chest_xray\train\PNEUMONIA\person500_virus_1009.jpeg,person500,PNEUMONIA,4.0600666999816895,0.9830445762767342,0.9310376636212107
d:\Pneum Det\archive\chest_xray\chest_xray\train\PNEUMONIA\person509_bacteria_2145.jpeg,person509,PNEUMONIA,3.4837677478790283,0.9702223669869035,0.9032000885849456
d:\Pneum Det\archive\chest_xray\chest_xray\train\PNEUMONIA\person509_bacteria_2146.jpeg,person509,PNEUMONIA,4.68475341796875,0.990849493513415,0.9527184737321656
d:\Pneum Det\archive\chest_xray\chest_xray\train\PNEUMONIA\person509_virus_1024.jpeg,person509,PNEUMONIA,3.1088364124298096,0.957255770405909,0.8800543779915202
d:\Pneum Det\archive\chest_xray\chest_xray\train\PNEUMONIA\person509_virus_1025.jpeg,person509,PNEUMONIA,4.382216930389404,0.9876566410980938,0.9431739716241498
d:\Pneum Det\archive\chest_xray\chest_xray\train\PNEUMONIA\person513_virus_1030.jpeg,person513,PNEUMONIA,-0.6868844628334045,0.3347264979963344,0.3916616375214741
d:\Pneum Det\archive\chest_xray\chest_xray\train\PNEUMONIA\person519_virus_1038.jpeg,person519,PNEUMONIA,6.3567423820495605,0.998267995530276,0.9832923881092621
d:\Pneum Det\archive\chest_xray\chest_xray\train\PNEUMONIA\person527_bacteria_2225.jpeg,person527,PNEUMONIA,7.884327411651611,0.9996235419510028,0.993658719442748
d:\Pneum Det\archive\chest_xray\chest_xray\train\PNEUMONIA\person527_bacteria_2226.jpeg,person527,PNEUMONIA,1.9069844484329224,0.8706799871351382,0.7725011124066251
d:\Pneum Det\archive\chest_xray\chest_xray\train\PNEUMONIA\person527_virus_1048.jpeg,person527,PNEUMONIA,3.93121337890625,0.9807576796828396,0.9255414788729095
d:\Pneum Det\archive\chest_xray\chest_xray\train\PNEUMONIA\person532_virus_1054.jpeg,person532,PNEUMONIA,6.512119293212891,0.9985168743903876,0.9848523712705011
d:\Pneum Det\archive\chest_xray\chest_xray\train\PNEUMONIA\person535_bacteria_2255.jpeg,person535,PNEUMONIA,0.40459561347961426,0.5997913031562178,0.5644812585208588
d:\Pneum Det\archive\chest_xray\chest_xray\train\PNEUMONIA\person535_bacteria_2256.jpeg,person535,PNEUMONIA,4.446988582611084,0.9884218351625441,0.9453589201900485
d:\Pneum Det\archive\chest_xray\chest_xray\train\PNEUMONIA\person535_virus_1062.jpeg,person535,PNEUMONIA,4.697971343994141,0.9909685632116693,0.9530987082019746
d:\Pneum Det\archive\chest_xray\chest_xray\train\PNEUMONIA\person540_bacteria_2271.jpeg,person540,PNEUMONIA,7.013428688049316,0.9991010903256269,0.9889696848375412
d:\Pneum Det\archive\chest_xray\chest_xray\train\PNEUMONIA\person540_bacteria_2272.jpeg,person540,PNEUMONIA,7.895837306976318,0.9996278484997054,0.9937050430196478
d:\Pneum Det\archive\chest_xray\chest_xray\train\PNEUMONIA\person540_bacteria_2273.jpeg,person540,PNEUMONIA,4.022554874420166,0.9824078691188208,0.9294775765635025
d:\Pneum Det\archive\chest_xray\chest_xray\train\PNEUMONIA\person540_virus_1070.jpeg,person540,PNEUMONIA,-0.2272377908229828,0.44343375241051647,0.46364609993723754
d:\Pneum Det\archive\chest_xray\chest_xray\train\PNEUMONIA\person542_bacteria_2276.jpeg,person542,PNEUMONIA,5.652663707733154,0.9965041045530034,0.9740094163254445
d:\Pneum Det\archive\chest_xray\chest_xray\train\PNEUMONIA\person542_virus_1072.jpeg,person542,PNEUMONIA,8.384481430053711,0.9997716679863767,0.9953901568020339
d:\Pneum Det\archive\chest_xray\chest_xray\train\PNEUMONIA\person545_bacteria_2287.jpeg,person545,PNEUMONIA,6.290197849273682,0.9981490393881929,0.9825769253962302
d:\Pneum Det\archive\chest_xray\chest_xray\train\PNEUMONIA\person545_bacteria_2288.jpeg,person545,PNEUMONIA,4.550907611846924,0.9895526809862741,0.9486997548991942
d:\Pneum Det\archive\chest_xray\chest_xray\train\PNEUMONIA\person545_bacteria_2289.jpeg,person545,PNEUMONIA,6.4617791175842285,0.9984404218534033,0.9843633376722617
d:\Pneum Det\archive\chest_xray\chest_xray\train\PNEUMONIA\person545_bacteria_2290.jpeg,person545,PNEUMONIA,0.7758951187133789,0.6847947444577217,0.6218467073460643
d:\Pneum Det\archive\chest_xray\chest_xray\train\PNEUMONIA\person545_virus_1081.jpeg,person545,PNEUMONIA,-0.8247888684272766,0.3047480626651187,0.370811346877615
d:\Pneum Det\archive\chest_xray\chest_xray\train\PNEUMONIA\person554_bacteria_2320.jpeg,person554,PNEUMONIA,3.001227617263794,0.9526295556672877,0.8725795641227507
d:\Pneum Det\archive\chest_xray\chest_xray\train\PNEUMONIA\person554_bacteria_2321.jpeg,person554,PNEUMONIA,2.553339719772339,0.9277975598443756,0.8371044253175
d:\Pneum Det\archive\chest_xray\chest_xray\train\PNEUMONIA\person554_bacteria_2322.jpeg,person554,PNEUMONIA,2.484436273574829,0.9230435169351128,0.8309911904519458
d:\Pneum Det\archive\chest_xray\chest_xray\train\PNEUMONIA\person554_bacteria_2323.jpeg,person554,PNEUMONIA,-0.18580025434494019,0.45368310477597573,0.4702579578229251
d:\Pneum Det\archive\chest_xray\chest_xray\train\PNEUMONIA\person554_virus_1094.jpeg,person554,PNEUMONIA,3.0793144702911377,0.9560313771069403,0.878042237610174
d:\Pneum Det\archive\chest_xray\chest_xray\train\PNEUMONIA\person555_bacteria_2325.jpeg,person555,PNEUMONIA,5.872992992401123,0.9971934616989645,0.977355436068875
d:\Pneum Det\archive\chest_xray\chest_xray\train\PNEUMONIA\person559_bacteria_2329.jpeg,person559,PNEUMONIA,-3.235370397567749,0.03785615451543153,0.11164364923061738
d:\Pneum Det\archive\chest_xray\chest_xray\train\PNEUMONIA\person559_virus_1099.jpeg,person559,PNEUMONIA,5.831397533416748,0.9970746092325243,0.9767577166789339
d:\Pneum Det\archive\chest_xray\chest_xray\train\PNEUMONIA\person569_bacteria_2360.jpeg,person569,PNEUMONIA,3.425208568572998,0.9684831441200354,0.8998679474519152
d:\Pneum Det\archive\chest_xray\chest_xray\train\PNEUMONIA\person569_bacteria_2362.jpeg,person569,PNEUMONIA,2.4891843795776367,0.9233801180167943,0.8314182476063913
d:\Pneum Det\archive\chest_xray\chest_xray\train\PNEUMONIA\person569_bacteria_2363.jpeg,person569,PNEUMONIA,1.79761803150177,0.8578587322109166,0.7599449741905504
d:\Pneum Det\archive\chest_xray\chest_xray\train\PNEUMONIA\person569_bacteria_2364.jpeg,person569,PNEUMONIA,4.7581257820129395,0.9914913403096912,0.9547927036065136
d:\Pneum Det\archive\chest_xray\chest_xray\train\PNEUMONIA\person569_virus_1110.jpeg,person569,PNEUMONIA,0.2770206034183502,0.5688156343315749,0.544280274537934
d:\Pneum Det\archive\chest_xray\chest_xray\train\PNEUMONIA\person56_bacteria_267.jpeg,person56,PNEUMONIA,4.897128582000732,0.9925873615033417,0.9584868120567112
d:\Pneum Det\archive\chest_xray\chest_xray\train\PNEUMONIA\person56_bacteria_268.jpeg,person56,PNEUMONIA,0.9590286612510681,0.7229272847817864,0.6490334254488126
d:\Pneum Det\archive\chest_xray\chest_xray\train\PNEUMONIA\person56_bacteria_269.jpeg,person56,PNEUMONIA,3.570340394973755,0.9726242539717868,0.9079448797472232
d:\Pneum Det\archive\chest_xray\chest_xray\train\PNEUMONIA\person575_bacteria_2374.jpeg,person575,PNEUMONIA,5.461739540100098,0.9957717907196456,0.9707245409962955
d:\Pneum Det\archive\chest_xray\chest_xray\train\PNEUMONIA\person575_virus_1119.jpeg,person575,PNEUMONIA,5.687929153442383,0.9966248315023363,0.9745756277151963
d:\Pneum Det\archive\chest_xray\chest_xray\train\PNEUMONIA\person578_bacteria_2379.jpeg,person578,PNEUMONIA,4.626210689544678,0.990303156449918,0.9509989157388663
d:\Pneum Det\archive\chest_xray\chest_xray\train\PNEUMONIA\person578_virus_1122.jpeg,person578,PNEUMONIA,5.7846598625183105,0.9969350667937678,0.9760677222033823
d:\Pneum Det\archive\chest_xray\chest_xray\train\PNEUMONIA\person590_bacteria_2428.jpeg,person590,PNEUMONIA,1.8092457056045532,0.8592706862533244,0.7613021640104473
d:\Pneum Det\archive\chest_xray\chest_xray\train\PNEUMONIA\person590_virus_1138.jpeg,person590,PNEUMONIA,4.46685266494751,0.9886469702494334,0.9460129840304384
d:\Pneum Det\archive\chest_xray\chest_xray\train\PNEUMONIA\person592_bacteria_2431.jpeg,person592,PNEUMONIA,4.604942321777344,0.9900967759076602,0.9503596383699919
d:\Pneum Det\archive\chest_xray\chest_xray\train\PNEUMONIA\person592_bacteria_2434.jpeg,person592,PNEUMONIA,5.836617946624756,0.9970897968598973,0.9768335701110625
d:\Pneum Det\archive\chest_xray\chest_xray\train\PNEUMONIA\person592_virus_1141.jpeg,person592,PNEUMONIA,3.6692802906036377,0.9751390139687616,0.9131107118418162
d:\Pneum Det\archive\chest_xray\chest_xray\train\PNEUMONIA\person594_bacteria_2436.jpeg,person594,PNEUMONIA,2.2139055728912354,0.9014913044426808,0.80521962380726
d:\Pneum Det\archive\chest_xray\chest_xray\train\PNEUMONIA\person594_virus_1145.jpeg,person594,PNEUMONIA,-0.29317954182624817,0.42722564138917335,0.4531515322509288
d:\Pneum Det\archive\chest_xray\chest_xray\train\PNEUMONIA\person599_bacteria_2455.jpeg,person599,PNEUMONIA,0.020178116858005524,0.5050443580621071,0.5032337919448472
d:\Pneum Det\archive\chest_xray\chest_xray\train\PNEUMONIA\person599_virus_1155.jpeg,person599,PNEUMONIA,6.515493869781494,0.9985218634905769,0.9848846099399035
d:\Pneum Det\archive\chest_xray\chest_xray\train\PNEUMONIA\person603_bacteria_2461.jpeg,person603,PNEUMONIA,4.0001959800720215,0.9820172512493696,0.9285322362196262
d:\Pneum Det\archive\chest_xray\chest_xray\train\PNEUMONIA\person603_virus_1164.jpeg,person603,PNEUMONIA,8.047451972961426,0.9996801862739771,0.994284749030902
d:\Pneum Det\archive\chest_xray\chest_xray\train\PNEUMONIA\person605_bacteria_2464.jpeg,person605,PNEUMONIA,6.5919718742370605,0.9986305447802147,0.9855973815349798
d:\Pneum Det\archive\chest_xray\chest_xray\train\PNEUMONIA\person605_bacteria_2465.jpeg,person605,PNEUMONIA,5.26638650894165,0.994864281179565,0.9669479310379794
d:\Pneum Det\archive\chest_xray\chest_xray\train\PNEUMONIA\person605_bacteria_2466.jpeg,person605,PNEUMONIA,7.3918232917785645,0.9993841082702352,0.9913249324600473
d:\Pneum Det\archive\chest_xray\chest_xray\train\PNEUMONIA\person605_bacteria_2467.jpeg,person605,PNEUMONIA,6.8594746589660645,0.998951635107458,0.9878394463311752
d:\Pneum Det\archive\chest_xray\chest_xray\train\PNEUMONIA\person605_bacteria_2468.jpeg,person605,PNEUMONIA,6.269402980804443,0.9981102194150664,0.9823472357411789
d:\Pneum Det\archive\chest_xray\chest_xray\train\PNEUMONIA\person605_virus_1166.jpeg,person605,PNEUMONIA,3.5973989963531494,0.9733355845158691,0.9093844640161162
d:\Pneum Det\archive\chest_xray\chest_xray\train\PNEUMONIA\person605_virus_1169.jpeg,person605,PNEUMONIA,4.118794918060303,0.9839961854624494,0.9334160476840756
d:\Pneum Det\archive\chest_xray\chest_xray\train\PNEUMONIA\person608_bacteria_2471.jpeg,person608,PNEUMONIA,2.8951075077056885,0.9476040529660563,0.8648221467732058
d:\Pneum Det\archive\chest_xray\chest_xray\train\PNEUMONIA\person608_bacteria_2472.jpeg,person608,PNEUMONIA,7.8612847328186035,0.9996147700144736,0.9935649599448705
d:\Pneum Det\archive\chest_xray\chest_xray\train\PNEUMONIA\person608_bacteria_2473.jpeg,person608,PNEUMONIA,8.772733688354492,0.9998451244359285,0.9964022172126716
d:\Pneum Det\archive\chest_xray\chest_xray\train\PNEUMONIA\person608_virus_1175.jpeg,person608,PNEUMONIA,8.491958618164062,0.9997949309299016,0.9956957553131834
d:\Pneum Det\archive\chest_xray\chest_xray\train\PNEUMONIA\person614_bacteria_2480.jpeg,person614,PNEUMONIA,7.156847953796387,0.9992210994297118,0.9899288320965849
d:\Pneum Det\archive\chest_xray\chest_xray\train\PNEUMONIA\person614_bacteria_2481.jpeg,person614,PNEUMONIA,7.561490535736084,0.999480170923765,0.9922120241966919
d:\Pneum Det\archive\chest_xray\chest_xray\train\PNEUMONIA\person614_bacteria_2483.jpeg,person614,PNEUMONIA,6.674698352813721,0.9987391384349855,0.986331119940429
d:\Pneum Det\archive\chest_xray\chest_xray\train\PNEUMONIA\person614_virus_1183.jpeg,person614,PNEUMONIA,3.6288697719573975,0.9741403051858688,0.9110332653888379
d:\Pneum Det\archive\chest_xray\chest_xray\train\PNEUMONIA\person617_bacteria_2488.jpeg,person617,PNEUMONIA,-1.111481785774231,0.24759474110797264,0.32904124470570967
d:\Pneum Det\archive\chest_xray\chest_xray\train\PNEUMONIA\person617_virus_1187.jpeg,person617,PNEUMONIA,4.933226108551025,0.9928482880443962,0.9593978669319706
d:\Pneum Det\archive\chest_xray\chest_xray\train\PNEUMONIA\person61_bacteria_288.jpeg,person61,PNEUMONIA,9.071744918823242,0.9998851472607178,0.9970279203857368
d:\Pneum Det\archive\chest_xray\chest_xray\train\PNEUMONIA\person61_bacteria_289.jpeg,person61,PNEUMONIA,6.37153434753418,0.9982933833269054,0.983447459413894
d:\Pneum Det\archive\chest_xray\chest_xray\train\PNEUMONIA\person61_bacteria_290.jpeg,person61,PNEUMONIA,8.206682205200195,0.9997272500161293,0.9948364872508181
d:\Pneum Det\archive\chest_xray\chest_xray\train\PNEUMONIA\person61_bacteria_291.jpeg,person61,PNEUMONIA,7.180237293243408,0.9992390922964589,0.9900772247944019
d:\Pneum Det\archive\chest_xray\chest_xray\train\PNEUMONIA\person61_bacteria_292.jpeg,person61,PNEUMONIA,7.968621730804443,0.9996539640292688,0.9939902882259614
d:\Pneum Det\archive\chest_xray\chest_xray\train\PNEUMONIA\person61_bacteria_293.jpeg,person61,PNEUMONIA,7.180304527282715,0.9992391434147143,0.9900776482225668
d:\Pneum Det\archive\chest_xray\chest_xray\train\PNEUMONIA\person61_bacteria_294.jpeg,person61,PNEUMONIA,9.82840347290039,0.9999461041657774,0.9981681201929783
d:\Pneum Det\archive\chest_xray\chest_xray\train\PNEUMONIA\person61_bacteria_295.jpeg,person61,PNEUMONIA,8.650435447692871,0.999824980031175,0.9961099396073206
d:\Pneum Det\archive\chest_xray\chest_xray\train\PNEUMONIA\person61_bacteria_296.jpeg,person61,PNEUMONIA,4.329963684082031,0.9870031175911173,0.9413517375429229
d:\Pneum Det\archive\chest_xray\chest_xray\train\PNEUMONIA\person61_bacteria_297.jpeg,person61,PNEUMONIA,4.781336307525635,0.9916849332382343,0.9554306191145804
d:\Pneum Det\archive\chest_xray\chest_xray\train\PNEUMONIA\person621_virus_1194.jpeg,person621,PNEUMONIA,5.981905460357666,0.9974823422971455,0.9788502338764234
d:\Pneum Det\archive\chest_xray\chest_xray\train\PNEUMONIA\person621_virus_1195.jpeg,person621,PNEUMONIA,7.135133266448975,0.9992040144845283,0.9897890988174208
d:\Pneum Det\archive\chest_xray\chest_xray\train\PNEUMONIA\person628_bacteria_2505.jpeg,person628,PNEUMONIA,5.014105319976807,0.9934002725215985,0.9613701252749369
d:\Pneum Det\archive\chest_xray\chest_xray\train\PNEUMONIA\person628_virus_1206.jpeg,person628,PNEUMONIA,7.658465385437012,0.9995281914670971,0.9926779966407864
d:\Pneum Det\archive\chest_xray\chest_xray\train\PNEUMONIA\person635_bacteria_2526.jpeg,person635,PNEUMONIA,-1.4345721006393433,0.19238729744338778,0.2850303821987852
d:\Pneum Det\archive\chest_xray\chest_xray\train\PNEUMONIA\person639_virus_1220.jpeg,person639,PNEUMONIA,7.195420742034912,0.9992505496399534,0.9901723947797261
d:\Pneum Det\archive\chest_xray\chest_xray\train\PNEUMONIA\person646_bacteria_2538.jpeg,person646,PNEUMONIA,6.936802387237549,0.9990295719415766,0.988420756715664
d:\Pneum Det\archive\chest_xray\chest_xray\train\PNEUMONIA\person646_virus_1227.jpeg,person646,PNEUMONIA,5.246423721313477,0.994761270235217,0.96653648068395
d:\Pneum Det\archive\chest_xray\chest_xray\train\PNEUMONIA\person649_bacteria_2541.jpeg,person649,PNEUMONIA,5.658580303192139,0.9965246556127008,0.9741052609880156
d:\Pneum Det\archive\chest_xray\chest_xray\train\PNEUMONIA\person649_virus_1231.jpeg,person649,PNEUMONIA,5.819738864898682,0.9970404050112975,0.9765874379842303
d:\Pneum Det\archive\chest_xray\chest_xray\train\PNEUMONIA\person650_bacteria_2542.jpeg,person650,PNEUMONIA,7.331191539764404,0.9993456355628699,0.9909842068901464
d:\Pneum Det\archive\chest_xray\chest_xray\train\PNEUMONIA\person650_virus_1232.jpeg,person650,PNEUMONIA,9.552404403686523,0.9999289747728058,0.9978143360738444
d:\Pneum Det\archive\chest_xray\chest_xray\train\PNEUMONIA\person654_bacteria_2546.jpeg,person654,PNEUMONIA,5.975522518157959,0.9974662616846716,0.9787653566082096
d:\Pneum Det\archive\chest_xray\chest_xray\train\PNEUMONIA\person661_bacteria_2553.jpeg,person661,PNEUMONIA,4.969209671020508,0.9930993127995409,0.9602869699913282
d:\Pneum Det\archive\chest_xray\chest_xray\train\PNEUMONIA\person661_virus_1245.jpeg,person661,PNEUMONIA,5.445532321929932,0.9957030017387006,0.9704278318135788
d:\Pneum Det\archive\chest_xray\chest_xray\train\PNEUMONIA\person662_bacteria_2554.jpeg,person662,PNEUMONIA,4.037850379943848,0.9826702746337629,0.9301176045435188
d:\Pneum Det\archive\chest_xray\chest_xray\train\PNEUMONIA\person662_virus_1246.jpeg,person662,PNEUMONIA,3.850398540496826,0.9791717850281874,0.9218915771646746
d:\Pneum Det\archive\chest_xray\chest_xray\train\PNEUMONIA\person665_bacteria_2557.jpeg,person665,PNEUMONIA,5.2219109535217285,0.9946319654750662,0.966024484962173
d:\Pneum Det\archive\chest_xray\chest_xray\train\PNEUMONIA\person665_virus_1250.jpeg,person665,PNEUMONIA,9.722269058227539,0.9999400697391116,0.9980393970954031
d:\Pneum Det\archive\chest_xray\chest_xray\train\PNEUMONIA\person674_bacteria_2568.jpeg,person674,PNEUMONIA,-1.801999807357788,0.14160780398168868,0.23954296290544963
d:\Pneum Det\archive\chest_xray\chest_xray\train\PNEUMONIA\person683_bacteria_2578.jpeg,person683,PNEUMONIA,4.805820941925049,0.9918844201973724,0.9560942468327118
d:\Pneum Det\archive\chest_xray\chest_xray\train\PNEUMONIA\person688_bacteria_2584.jpeg,person688,PNEUMONIA,6.712307453155518,0.9987856211530063,0.9866523844241445
d:\Pneum Det\archive\chest_xray\chest_xray\train\PNEUMONIA\person688_virus_1281.jpeg,person688,PNEUMONIA,5.501694679260254,0.995936726017772,0.9714437273748989
d:\Pneum Det\archive\chest_xray\chest_xray\train\PNEUMONIA\person688_virus_1282.jpeg,person688,PNEUMONIA,5.501694679260254,0.995936726017772,0.9714437273748989
d:\Pneum Det\archive\chest_xray\chest_xray\train\PNEUMONIA\person689_bacteria_2585.jpeg,person689,PNEUMONIA,8.417642593383789,0.9997791139287009,0.9954866820362808
d:\Pneum Det\archive\chest_xray\chest_xray\train\PNEUMONIA\person689_bacteria_2586.jpeg,person689,PNEUMONIA,8.006131172180176,0.9996666989854671,0.994132234789347
d:\Pneum Det\archive\chest_xray\chest_xray\train\PNEUMONIA\person692_bacteria_2589.jpeg,person692,PNEUMONIA,5.911673069000244,0.9972996585821667,0.9778977726971461
d:\Pneum Det\archive\chest_xray\chest_xray\train\PNEUMONIA\person692_virus_1286.jpeg,person692,PNEUMONIA,8.41468620300293,0.9997784600818788,0.9954781589174682
d:\Pneum Det\archive\chest_xray\chest_xray\train\PNEUMONIA\person700_bacteria_2599.jpeg,person700,PNEUMONIA,2.5577292442321777,0.9280910591736259,0.8374877721040449
d:\Pneum Det\archive\chest_xray\chest_xray\train\PNEUMONIA\person704_bacteria_2603.jpeg,person704,PNEUMONIA,7.220296382904053,0.9992689492688637,0.9903263660254383
d:\Pneum Det\archive\chest_xray\chest_xray\train\PNEUMONIA\person704_virus_1301.jpeg,person704,PNEUMONIA,7.565934658050537,0.9994824747890624,0.9922340080441094
d:\Pneum Det\archive\chest_xray\chest_xray\train\PNEUMONIA\person710_bacteria_2611.jpeg,person710,PNEUMONIA,8.286462783813477,0.9997481595122567,0.9950926671226928
d:\Pneum Det\archive\chest_xray\chest_xray\train\PNEUMONIA\person710_virus_1308.jpeg,person710,PNEUMONIA,6.5140862464904785,0.9985197844481123,0.984871170577091
d:\Pneum Det\archive\chest_xray\chest_xray\train\PNEUMONIA\person719_bacteria_2621.jpeg,person719,PNEUMONIA,3.897089958190918,0.9801030245051852,0.9240198647155833
d:\Pneum Det\archive\chest_xray\chest_xray\train\PNEUMONIA\person719_virus_1338.jpeg,person719,PNEUMONIA,6.949152946472168,0.9990414721441773,0.9885110234423558
d:\Pneum Det\archive\chest_xray\chest_xray\train\PNEUMONIA\person720_bacteria_2622.jpeg,person720,PNEUMONIA,6.417386054992676,0.998369743056034,0.9839192073335788
d:\Pneum Det\archive\chest_xray\chest_xray\train\PNEUMONIA\person720_virus_1339.jpeg,person720,PNEUMONIA,8.802963256835938,0.9998497355073988,0.9964710234435946
d:\Pneum Det\archive\chest_xray\chest_xray\train\PNEUMONIA\person721_bacteria_2623.jpeg,person721,PNEUMONIA,6.294270992279053,0.9981565494121853,0.9826215702456211
d:\Pneum Det\archive\chest_xray\chest_xray\train\PNEUMONIA\person721_virus_1340.jpeg,person721,PNEUMONIA,-0.039063192903995514,0.4902354434140499,0.4937398816820841
d:\Pneum Det\archive\chest_xray\chest_xray\train\PNEUMONIA\person733_bacteria_2635.jpeg,person733,PNEUMONIA,2.592597246170044,0.9303836287394279,0.8405070789016983
d:\Pneum Det\archive\chest_xray\chest_xray\train\PNEUMONIA\person734_bacteria_2637.jpeg,person734,PNEUMONIA,-0.813793420791626,0.3070827303512909,0.3724573784308194
d:\Pneum Det\archive\chest_xray\chest_xray\train\PNEUMONIA\person734_virus_1355.jpeg,person734,PNEUMONIA,6.806851863861084,0.9988950524622661,0.9874274665986956
d:\Pneum Det\archive\chest_xray\chest_xray\train\PNEUMONIA\person740_bacteria_2643.jpeg,person740,PNEUMONIA,8.196688652038574,0.999724511363936,0.9948034737296177
d:\Pneum Det\archive\chest_xray\chest_xray\train\PNEUMONIA\person740_virus_1362.jpeg,person740,PNEUMONIA,7.016067981719971,0.9991034575599186,0.9889881263635628
d:\Pneum Det\archive\chest_xray\chest_xray\train\PNEUMONIA\person740_virus_1363.jpeg,person740,PNEUMONIA,7.0921244621276855,0.9991690623078149,0.9895066508828299
d:\Pneum Det\archive\chest_xray\chest_xray\train\PNEUMONIA\person742_virus_1365.jpeg,person742,PNEUMONIA,7.097041606903076,0.9991731347497084,0.9895393302291162
d:\Pneum Det\archive\chest_xray\chest_xray\train\PNEUMONIA\person746_bacteria_2649.jpeg,person746,PNEUMONIA,5.171292781829834,0.9943548242707011,0.964943207743506
d:\Pneum Det\archive\chest_xray\chest_xray\train\PNEUMONIA\person746_virus_1369.jpeg,person746,PNEUMONIA,8.292558670043945,0.9997496896504318,0.995111713106156
d:\Pneum Det\archive\chest_xray\chest_xray\train\PNEUMONIA\person750_bacteria_2653.jpeg,person750,PNEUMONIA,9.410245895385742,0.9999181258931561,0.997606293497971
d:\Pneum Det\archive\chest_xray\chest_xray\train\PNEUMONIA\person759_bacteria_2663.jpeg,person759,PNEUMONIA,4.92377233505249,0.99278084718816,0.959161133402939
d:\Pneum Det\archive\chest_xray\chest_xray\train\PNEUMONIA\person759_virus_1387.jpeg,person759,PNEUMONIA,6.548004150390625,0.99856907772838,0.9851917529465347
d:\Pneum Det\archive\chest_xray\chest_xray\train\PNEUMONIA\person761_bacteria_2665.jpeg,person761,PNEUMONIA,6.866123676300049,0.9989585753459983,0.9878905429178487
d:\Pneum Det\archive\chest_xray\chest_xray\train\PNEUMONIA\person761_virus_1389.jpeg,person761,PNEUMONIA,6.457067489624023,0.9984330679045257,0.9843167786911341
d:\Pneum Det\archive\chest_xray\chest_xray\train\PNEUMONIA\person764_bacteria_2668.jpeg,person764,PNEUMONIA,5.5453877449035645,0.9961097644368881,0.9722105656970389
d:\Pneum Det\archive\chest_xray\chest_xray\train\PNEUMONIA\person764_virus_1392.jpeg,person764,PNEUMONIA,7.649117946624756,0.9995237626994364,0.9926343137693308
d:\Pneum Det\archive\chest_xray\chest_xray\train\PNEUMONIA\person769_bacteria_2673.jpeg,person769,PNEUMONIA,6.961889743804932,0.9990535918181603,0.9886033845976276
d:\Pneum Det\archive\chest_xray\chest_xray\train\PNEUMONIA\person780_bacteria_2684.jpeg,person780,PNEUMONIA,-0.6327246427536011,0.34689299029536186,0.3999644229920051
d:\Pneum Det\archive\chest_xray\chest_xray\train\PNEUMONIA\person780_virus_1411.jpeg,person780,PNEUMONIA,8.338396072387695,0.999760901557951,0.9952525908421566
d:\Pneum Det\archive\chest_xray\chest_xray\train\PNEUMONIA\person787_bacteria_2691.jpeg,person787,PNEUMONIA,3.3718786239624023,0.9668140190813127,0.8967450650634994
d:\Pneum Det\archive\chest_xray\chest_xray\train\PNEUMONIA\person794_bacteria_2700.jpeg,person794,PNEUMONIA,-0.012556977570056915,0.4968607968559012,0.4979875723719777
d:\Pneum Det\archive\chest_xray\chest_xray\train\PNEUMONIA\person800_bacteria_2706.jpeg,person800,PNEUMONIA,5.908003807067871,0.997289759025043,0.9778468754874798
d:\Pneum Det\archive\chest_xray\chest_xray\train\PNEUMONIA\person805_bacteria_2712.jpeg,person805,PNEUMONIA,5.022050857543945,0.993452161131697,0.9615588437242267
d:\Pneum Det\archive\chest_xray\chest_xray\train\PNEUMONIA\person808_bacteria_2716.jpeg,person808,PNEUMONIA,6.070125579833984,0.997694444876046,0.9799898788234692
d:\Pneum Det\archive\chest_xray\chest_xray\train\PNEUMONIA\person808_virus_1442.jpeg,person808,PNEUMONIA,2.915700674057007,0.9486171422352816,0.8663580366294772
d:\Pneum Det\archive\chest_xray\chest_xray\train\PNEUMONIA\person809_bacteria_2717.jpeg,person809,PNEUMONIA,6.41054630279541,0.9983585726474777,0.9838496846498022
d:\Pneum Det\archive\chest_xray\chest_xray\train\PNEUMONIA\person809_bacteria_2718.jpeg,person809,PNEUMONIA,8.406937599182129,0.9997767371736351,0.9954557439929432
d:\Pneum Det\archive\chest_xray\chest_xray\train\PNEUMONIA\person815_bacteria_2726.jpeg,person815,PNEUMONIA,-2.0617942810058594,0.11286604871999771,0.21053057409272782
d:\Pneum Det\archive\chest_xray\chest_xray\train\PNEUMONIA\person817_bacteria_2728.jpeg,person817,PNEUMONIA,6.4971537590026855,0.9984945453719604,0.9847085818226617
d:\Pneum Det\archive\chest_xray\chest_xray\train\PNEUMONIA\person825_bacteria_2736.jpeg,person825,PNEUMONIA,5.080312728881836,0.9938204599835686,0.9629158493606902
d:\Pneum Det\archive\chest_xray\chest_xray\train\PNEUMONIA\person831_bacteria_2742.jpeg,person831,PNEUMONIA,7.176483154296875,0.9992362325603922,0.9900535534803578
d:\Pneum Det\archive\chest_xray\chest_xray\train\PNEUMONIA\person832_bacteria_2743.jpeg,person832,PNEUMONIA,7.134684085845947,0.9992036571477516,0.9897861881909513
d:\Pneum Det\archive\chest_xray\chest_xray\train\PNEUMONIA\person832_virus_1468.jpeg,person832,PNEUMONIA,5.491062641143799,0.9958934730131572,0.971254044013767
d:\Pneum Det\archive\chest_xray\chest_xray\train\PNEUMONIA\person836_bacteria_2752.jpeg,person836,PNEUMONIA,7.627700328826904,0.9995134578347038,0.9925332462140906
d:\Pneum Det\archive\chest_xray\chest_xray\train\PNEUMONIA\person836_virus_1473.jpeg,person836,PNEUMONIA,5.072558403015137,0.9937726551117905,0.9627379322007664
d:\Pneum Det\archive\chest_xray\chest_xray\train\PNEUMONIA\person843_bacteria_2763.jpeg,person843,PNEUMONIA,3.6631085872650146,0.9749889543132991,0.9127962977159476
d:\Pneum Det\archive\chest_xray\chest_xray\train\PNEUMONIA\person843_virus_1485.jpeg,person843,PNEUMONIA,7.666492462158203,0.9995319617852526,0.9927153038378745
d:\Pneum Det\archive\chest_xray\chest_xray\train\PNEUMONIA\person851_virus_1496.jpeg,person851,PNEUMONIA,4.035109043121338,0.982623529473935,0.9300032920181955
d:\Pneum Det\archive\chest_xray\chest_xray\train\PNEUMONIA\person853_bacteria_2774.jpeg,person853,PNEUMONIA,6.993346691131592,0.9990828726689872,0.988828362206233
d:\Pneum Det\archive\chest_xray\chest_xray\train\PNEUMONIA\person853_bacteria_2775.jpeg,person853,PNEUMONIA,7.5806193351745605,0.9994900151049106,0.9923062121633766
d:\Pneum Det\archive\chest_xray\chest_xray\train\PNEUMONIA\person853_virus_1498.jpeg,person853,PNEUMONIA,6.626291751861572,0.9986766858144328,0.985906376672367
d:\Pneum Det\archive\chest_xray\chest_xray\train\PNEUMONIA\person866_bacteria_2788.jpeg,person866,PNEUMONIA,6.2014079093933105,0.9979775233092191,0.9815752472756211
d:\Pneum Det\archive\chest_xray\chest_xray\train\PNEUMONIA\person866_virus_1511.jpeg,person866,PNEUMONIA,1.643004059791565,0.8379432859715116,0.7414006655898215
d:\Pneum Det\archive\chest_xray\chest_xray\train\PNEUMONIA\person867_bacteria_2789.jpeg,person867,PNEUMONIA,3.4756648540496826,0.9699873728041166,0.9027449893267865
d:\Pneum Det\archive\chest_xray\chest_xray\train\PNEUMONIA\person867_virus_1512.jpeg,person867,PNEUMONIA,5.067677974700928,0.9937423793645592,0.9626255340131442
d:\Pneum Det\archive\chest_xray\chest_xray\train\PNEUMONIA\person873_bacteria_2796.jpeg,person873,PNEUMONIA,5.300804615020752,0.9950371732805386,0.9676458696499336
d:\Pneum Det\archive\chest_xray\chest_xray\train\PNEUMONIA\person878_bacteria_2801.jpeg,person878,PNEUMONIA,5.424145221710205,0.9956105193611893,0.9700318282287634
d:\Pneum Det\archive\chest_xray\chest_xray\train\PNEUMONIA\person878_virus_1526.jpeg,person878,PNEUMONIA,5.678461074829102,0.996592832778156,0.9744248015899641
d:\Pneum Det\archive\chest_xray\chest_xray\train\PNEUMONIA\person884_bacteria_2808.jpeg,person884,PNEUMONIA,5.634450912475586,0.9964400799212106,0.9737122096881273
d:\Pneum Det\archive\chest_xray\chest_xray\train\PNEUMONIA\person884_virus_1534.jpeg,person884,PNEUMONIA,3.8392279148101807,0.9789427432162052,0.9213743695525634
d:\Pneum Det\archive\chest_xray\chest_xray\train\PNEUMONIA\person88_virus_161.jpeg,person88,PNEUMONIA,6.248178958892822,0.9980697602557291,0.9821097400508537
d:\Pneum Det\archive\chest_xray\chest_xray\train\PNEUMONIA\person88_virus_163.jpeg,person88,PNEUMONIA,3.1514909267425537,0.9589674282876947,0.8829109134927103
d:\Pneum Det\archive\chest_xray\chest_xray\train\PNEUMONIA\person88_virus_164.jpeg,person88,PNEUMONIA,6.083395481109619,0.9977247681171939,0.9801560149936003
d:\Pneum Det\archive\chest_xray\chest_xray\train\PNEUMONIA\person88_virus_165.jpeg,person88,PNEUMONIA,5.9591383934021,0.9974245144543288,0.9785459601219354
d:\Pneum Det\archive\chest_xray\chest_xray\train\PNEUMONIA\person88_virus_166.jpeg,person88,PNEUMONIA,7.074726104736328,0.9991544911911663,0.9893902083511118
d:\Pneum Det\archive\chest_xray\chest_xray\train\PNEUMONIA\person88_virus_167.jpeg,person88,PNEUMONIA,4.098731994628906,0.983677153494663,0.9326122287827106
d:\Pneum Det\archive\chest_xray\chest_xray\train\PNEUMONIA\person892_bacteria_2817.jpeg,person892,PNEUMONIA,6.696624279022217,0.998766449387334,0.9865193310987073
d:\Pneum Det\archive\chest_xray\chest_xray\train\PNEUMONIA\person899_virus_1553.jpeg,person899,PNEUMONIA,6.0675811767578125,0.9976885847217271,0.9799578681535542
d:\Pneum Det\archive\chest_xray\chest_xray\train\PNEUMONIA\person904_bacteria_2829.jpeg,person904,PNEUMONIA,6.890614986419678,0.9989837457929814,0.9880769318458552
d:\Pneum Det\archive\chest_xray\chest_xray\train\PNEUMONIA\person906_bacteria_2831.jpeg,person906,PNEUMONIA,7.4442925453186035,0.9994155721035682,0.9916094653298163
d:\Pneum Det\archive\chest_xray\chest_xray\train\PNEUMONIA\person906_virus_1562.jpeg,person906,PNEUMONIA,3.457423448562622,0.9694517542608498,0.9017134683116106
d:\Pneum Det\archive\chest_xray\chest_xray\train\PNEUMONIA\person90_virus_169.jpeg,person90,PNEUMONIA,2.681060552597046,0.9358997770340098,0.8479633709024064
d:\Pneum Det\archive\chest_xray\chest_xray\train\PNEUMONIA\person90_virus_170.jpeg,person90,PNEUMONIA,5.8709187507629395,0.9971876506075603,0.9773259885288295
d:\Pneum Det\archive\chest_xray\chest_xray\train\PNEUMONIA\person915_virus_1572.jpeg,person915,PNEUMONIA,6.252630710601807,0.9980783176291094,0.9821598135199057
d:\Pneum Det\archive\chest_xray\chest_xray\train\PNEUMONIA\person920_bacteria_2845.jpeg,person920,PNEUMONIA,8.418357849121094,0.9997792718273824,0.99548874167743
d:\Pneum Det\archive\chest_xray\chest_xray\train\PNEUMONIA\person920_virus_1577.jpeg,person920,PNEUMONIA,10.601091384887695,0.9999751117878299,0.9988829173011494
d:\Pneum Det\archive\chest_xray\chest_xray\train\PNEUMONIA\person923_bacteria_2848.jpeg,person923,PNEUMONIA,8.275142669677734,0.9997452931823435,0.9950571024697228
d:\Pneum Det\archive\chest_xray\chest_xray\train\PNEUMONIA\person92_virus_174.jpeg,person92,PNEUMONIA,6.2331461906433105,0.9980405814958592,0.9819396291312615
d:\Pneum Det\archive\chest_xray\chest_xray\train\PNEUMONIA\person930_bacteria_2855.jpeg,person930,PNEUMONIA,3.434889554977417,0.9687773056997007,0.9004257637450619
d:\Pneum Det\archive\chest_xray\chest_xray\train\PNEUMONIA\person935_virus_1597.jpeg,person935,PNEUMONIA,7.687077045440674,0.9995414933017325,0.9928101140018728
d:\Pneum Det\archive\chest_xray\chest_xray\train\PNEUMONIA\person940_bacteria_2865.jpeg,person940,PNEUMONIA,7.928908824920654,0.9996399504651913,0.9938362822506451
d:\Pneum Det\archive\chest_xray\chest_xray\train\PNEUMONIA\person940_virus_1602.jpeg,person940,PNEUMONIA,6.0723347663879395,0.9976995209510994,0.9800176315717528
d:\Pneum Det\archive\chest_xray\chest_xray\train\PNEUMONIA\person940_virus_1604.jpeg,person940,PNEUMONIA,7.180898189544678,0.9992395946291391,0.9900813862269789
d:\Pneum Det\archive\chest_xray\chest_xray\train\PNEUMONIA\person940_virus_1605.jpeg,person940,PNEUMONIA,6.087474346160889,0.9977340085936401,0.9802068093849396
d:\Pneum Det\archive\chest_xray\chest_xray\train\PNEUMONIA\person940_virus_1607.jpeg,person940,PNEUMONIA,5.435183048248291,0.9956584940842835,0.9702368422012609
d:\Pneum Det\archive\chest_xray\chest_xray\train\PNEUMONIA\person940_virus_1609.jpeg,person940,PNEUMONIA,6.422074794769287,0.9983773566403639,0.9839666958872674
d:\Pneum Det\archive\chest_xray\chest_xray\train\PNEUMONIA\person941_virus_1610.jpeg,person941,PNEUMONIA,4.736400127410889,0.9913060861345856,0.9541877242878989
d:\Pneum Det\archive\chest_xray\chest_xray\train\PNEUMONIA\person945_bacteria_2870.jpeg,person945,PNEUMONIA,8.050727844238281,0.9996812318950178,0.9942966702226467
d:\Pneum Det\archive\chest_xray\chest_xray\train\PNEUMONIA\person945_virus_1616.jpeg,person945,PNEUMONIA,8.107865333557129,0.999698929604746,0.9945006667214136
d:\Pneum Det\archive\chest_xray\chest_xray\train\PNEUMONIA\person953_bacteria_2878.jpeg,person953,PNEUMONIA,8.82958698272705,0.9998536827444701,0.9965305354849587
d:\Pneum Det\archive\chest_xray\chest_xray\train\PNEUMONIA\person964_bacteria_2889.jpeg,person964,PNEUMONIA,7.527562618255615,0.9994622412517212,0.9920421447369411
d:\Pneum Det\archive\chest_xray\chest_xray\train\PNEUMONIA\person964_virus_1637.jpeg,person964,PNEUMONIA,5.938849925994873,0.9973718668631377,0.9782712071600195
d:\Pneum Det\archive\chest_xray\chest_xray\train\PNEUMONIA\person966_bacteria_2891.jpeg,person966,PNEUMONIA,7.355511665344238,0.9993613477884186,0.9911224404484836
d:\Pneum Det\archive\chest_xray\chest_xray\train\PNEUMONIA\person966_virus_1639.jpeg,person966,PNEUMONIA,4.122391223907471,0.9840527205151647,0.9335591890023786
d:\Pneum Det\archive\chest_xray\chest_xray\train\PNEUMONIA\person969_bacteria_2894.jpeg,person969,PNEUMONIA,6.991306781768799,0.9990810016239398,0.9888139070174713
d:\Pneum Det\archive\chest_xray\chest_xray\train\PNEUMONIA\person969_virus_1643.jpeg,person969,PNEUMONIA,6.484589099884033,0.9984755395328022,0.9845868230647369
d:\Pneum Det\archive\chest_xray\chest_xray\train\PNEUMONIA\person970_bacteria_2895.jpeg,person970,PNEUMONIA,6.970296382904053,0.9990615071461626,0.9886639430500131
d:\Pneum Det\archive\chest_xray\chest_xray\train\PNEUMONIA\person970_virus_1644.jpeg,person970,PNEUMONIA,8.319018363952637,0.9997562243369532,0.9951935347966282
d:\Pneum Det\archive\chest_xray\chest_xray\train\PNEUMONIA\person979_bacteria_2905.jpeg,person979,PNEUMONIA,6.663111209869385,0.9987244624248143,0.9862306122622478
d:\Pneum Det\archive\chest_xray\chest_xray\train\PNEUMONIA\person979_virus_1654.jpeg,person979,PNEUMONIA,6.497251033782959,0.9984946915871753,0.9847095207675645
d:\Pneum Det\archive\chest_xray\chest_xray\train\PNEUMONIA\person982_bacteria_2909.jpeg,person982,PNEUMONIA,7.9565863609313965,0.9996497756632305,0.9939440236112019
d:\Pneum Det\archive\chest_xray\chest_xray\train\PNEUMONIA\person982_virus_1658.jpeg,person982,PNEUMONIA,8.696240425109863,0.999832814674015,0.9962220799900812
d:\Pneum Det\archive\chest_xray\chest_xray\train\PNEUMONIA\person988_bacteria_2915.jpeg,person988,PNEUMONIA,4.101651191711426,0.983723959202848,0.9327297433006452
d:\Pneum Det\archive\chest_xray\chest_xray\train\PNEUMONIA\person988_virus_1666.jpeg,person988,PNEUMONIA,4.183692455291748,0.9849867117070011,0.935955545353927
d:\Pneum Det\archive\chest_xray\chest_xray\train\PNEUMONIA\person995_bacteria_2923.jpeg,person995,PNEUMONIA,2.4612882137298584,0.9213830269911597,0.8288968455548037
d:\Pneum Det\archive\chest_xray\chest_xray\train\PNEUMONIA\person995_virus_1676.jpeg,person995,PNEUMONIA,9.155895233154297,0.9998944156948313,0.9971835625915764
d:\Pneum Det\archive\chest_xray\chest_xray\val\NORMAL\NORMAL2-IM-1427-0001.jpeg,normal:im-1427,NORMAL,-2.640193223953247,0.0665960235763471,0.15544503420796746
d:\Pneum Det\archive\chest_xray\chest_xray\val\NORMAL\NORMAL2-IM-1436-0001.jpeg,normal:im-1436,NORMAL,-3.492169141769409,0.029535865497668495,0.09633005555192911
d:\Pneum Det\archive\chest_xray\chest_xray\val\PNEUMONIA\person1949_bacteria_4880.jpeg,person1949,PNEUMONIA,4.804336071014404,0.9918724586721928,0.956054271058622
