path,patient_id,label,logit,probability,calibrated_probability
d:\Pneum Det\archive\chest_xray\chest_xray\train\NORMAL\IM-0117-0001.jpeg,normal:im-0117,NORMAL,-9.53399658203125,7.234465900032951e-05,0.003777436217840398
d:\Pneum Det\archive\chest_xray\chest_xray\train\NORMAL\IM-0125-0001.jpeg,normal:im-0125,NORMAL,-9.866552352905273,5.187859747779012e-05,0.0031119641400748645
d:\Pneum Det\archive\chest_xray\chest_xray\train\NORMAL\IM-0129-0001.jpeg,normal:im-0129,NORMAL,-10.411176681518555,3.009333692571784e-05,0.00226514469900168
d:\Pneum Det\archive\chest_xray\chest_xray\train\NORMAL\IM-0137-0001.jpeg,normal:im-0137,NORMAL,-7.859042644500732,0.0003860943403171893,0.00999614039354654
d:\Pneum Det\archive\chest_xray\chest_xray\train\NORMAL\IM-0140-0001.jpeg,normal:im-0140,NORMAL,-10.080497741699219,4.188680783641679e-05,0.0027470217152164586
d:\Pneum Det\archive\chest_xray\chest_xray\train\NORMAL\IM-0145-0001.jpeg,normal:im-0145,NORMAL,-10.830707550048828,1.9782213492227584e-05,0.0017732505778568987
d:\Pneum Det\archive\chest_xray\chest_xray\train\NORMAL\IM-0156-0001.jpeg,normal:im-0156,NORMAL,-8.307098388671875,0.00024669812932854896,0.007709927810610096
d:\Pneum Det\archive\chest_xray\chest_xray\train\NORMAL\IM-0176-0001.jpeg,normal:im-0176,NORMAL,-8.848859786987305,0.0001435247129373231,0.005628336473022843
d:\Pneum Det\archive\chest_xray\chest_xray\train\NORMAL\IM-0183-0001.jpeg,normal:im-0183,NORMAL,-7.325331211090088,0.0006582079548532673,0.01360759090162973
d:\Pneum Det\archive\chest_xray\chest_xray\train\NORMAL\IM-0195-0001.jpeg,normal:im-0195,NORMAL,-9.466991424560547,7.735782787298104e-05,0.003927783648154748
d:\Pneum Det\archive\chest_xray\chest_xray\train\NORMAL\IM-0201-0001.jpeg,normal:im-0201,NORMAL,-8.004915237426758,0.0003337063979879293,0.009186351993266761
d:\Pneum Det\archive\chest_xray\chest_xray\train\NORMAL\IM-0209-0001.jpeg,normal:im-0209,NORMAL,-6.864488124847412,0.0010431275730707246,0.017741424697326317
d:\Pneum Det\archive\chest_xray\chest_xray\train\NORMAL\IM-0217-0001.jpeg,normal:im-0217,NORMAL,-8.210700035095215,0.00027165661648297285,0.008153358946956901
d:\Pneum Det\archive\chest_xray\chest_xray\train\NORMAL\IM-0224-0001.jpeg,normal:im-0224,NORMAL,-9.131558418273926,0.00010818513242567166,0.004774867299227483
d:\Pneum Det\archive\chest_xray\chest_xray\train\NORMAL\IM-0226-0001.jpeg,normal:im-0226,NORMAL,-9.926570892333984,4.885666502511393e-05,0.003004965444626608
d:\Pneum Det\archive\chest_xray\chest_xray\train\NORMAL\IM-0230-0001.jpeg,normal:im-0230,NORMAL,-8.43162727355957,0.0002178192175513552,0.0071723489168362894
d:\Pneum Det\archive\chest_xray\chest_xray\train\NORMAL\IM-0231-0001.jpeg,normal:im-0231,NORMAL,-9.89461612701416,5.04430000375226e-05,0.0030614684204989156
d:\Pneum Det\archive\chest_xray\chest_xray\train\NORMAL\IM-0238-0001.jpeg,normal:im-0238,NORMAL,-8.877466201782227,0.0001394777190921093,0.005535489107467673
d:\Pneum Det\archive\chest_xray\chest_xray\train\NORMAL\IM-0248-0001.jpeg,normal:im-0248,NORMAL,-7.791289806365967,0.00041314867561099245,0.010395916366980285
d:\Pneum Det\archive\chest_xray\chest_xray\train\NORMAL\IM-0255-0001.jpeg,normal:im-0255,NORMAL,-8.547886848449707,0.00019391691105706817,0.006704124148919909
d:\Pneum Det\archive\chest_xray\chest_xray\train\NORMAL\IM-0261-0001.jpeg,normal:im-0261,NORMAL,-9.455012321472168,7.829000489332617e-05,0.003955283900612319
d:\Pneum Det\archive\chest_xray\chest_xray\train\NORMAL\IM-0272-0001.jpeg,normal:im-0272,NORMAL,-5.185999393463135,0.0055632203090275065,0.045980356565582456
d:\Pneum Det\archive\chest_xray\chest_xray\train\NORMAL\IM-0279-0001.jpeg,normal:im-0279,NORMAL,2.3542404174804688,0.9132706888633743,0.7984480098885022
d:\Pneum Det\archive\chest_xray\chest_xray\train\NORMAL\IM-0290-0001.jpeg,normal:im-0290,NORMAL,-8.866304397583008,0.00014104304216715972,0.005571534191231443
d:\Pneum Det\archive\chest_xray\chest_xray\train\NORMAL\IM-0294-0001.jpeg,normal:im-0294,NORMAL,-9.338808059692383,8.793646437198873e-05,0.004232207794669969
d:\Pneum Det\archive\chest_xray\chest_xray\train\NORMAL\IM-0299-0001.jpeg,normal:im-0299,NORMAL,-11.287101745605469,1.2533389948565464e-05,0.0013584672919625244
d:\Pneum Det\archive\chest_xray\chest_xray\train\NORMAL\IM-0305-0001.jpeg,normal:im-0305,NORMAL,-11.026366233825684,1.6266829870714905e-05,0.001581851948815426
d:\Pneum Det\archive\chest_xray\chest_xray\train\NORMAL\IM-0308-0001.jpeg,normal:im-0308,NORMAL,-9.563329696655273,7.025353345969944e-05,0.0037134355666382755
d:\Pneum Det\archive\chest_xray\chest_xray\train\NORMAL\IM-0309-0001.jpeg,normal:im-0309,NORMAL,-8.6769437789917,0.00017044221464345194,0.006219847210395982
d:\Pneum Det\archive\chest_xray\chest_xray\train\NORMAL\IM-0314-0001.jpeg,normal:im-0314,NORMAL,-7.697428226470947,0.0004537872342957727,0.010976004661487005
d:\Pneum Det\archive\chest_xray\chest_xray\train\NORMAL\IM-0323-0001.jpeg,normal:im-0323,NORMAL,-10.214345932006836,3.663954002213778e-05,0.0025407454439185934
d:\Pneum Det\archive\chest_xray\chest_xray\train\NORMAL\IM-0325-0001.jpeg,normal:im-0325,NORMAL,-9.401032447814941,8.263187275987707e-05,0.0040816031263823105
d:\Pneum Det\archive\chest_xray\chest_xray\train\NORMAL\IM-0333-0001.jpeg,normal:im-0333,NORMAL,-9.036724090576172,0.00011894575092182217,0.005045756237927944
d:\Pneum Det\archive\chest_xray\chest_xray\train\NORMAL\IM-0339-0001.jpeg,normal:im-0339,NORMAL,-11.069225311279297,1.5584388284483866e-05,0.001542761423719374
d:\Pneum Det\archive\chest_xray\chest_xray\train\NORMAL\IM-0340-0001.jpeg,normal:im-0340,NORMAL,-9.718400955200195,6.0162512261885984e-05,0.0033926210960798847
d:\Pneum Det\archive\chest_xray\chest_xray\train\NORMAL\IM-0353-0001.jpeg,normal:im-0353,NORMAL,-9.662586212158203,6.36157275345826e-05,0.0035047790072350875
d:\Pneum Det\archive\chest_xray\chest_xray\train\NORMAL\IM-0356-0001.jpeg,normal:im-0356,NORMAL,-7.358417987823486,0.0006367999572135304,0.013350333246446622
d:\Pneum Det\archive\chest_xray\chest_xray\train\NORMAL\IM-0363-0001.jpeg,normal:im-0363,NORMAL,-8.950895309448242,0.00012960425768146627,0.005304075796789862
d:\Pneum Det\archive\chest_xray\chest_xray\train\NORMAL\IM-0371-0001.jpeg,normal:im-0371,NORMAL,-10.434271812438965,2.940631181186926e-05,0.0022348281639135094
d:\Pneum Det\archive\chest_xray\chest_xray\train\NORMAL\IM-0372-0001.jpeg,normal:im-0372,NORMAL,-11.146780967712402,1.4421428182283151e-05,0.0014744607388482052
d:\Pneum Det\archive\chest_xray\chest_xray\train\NORMAL\IM-0381-0001.jpeg,normal:im-0381,NORMAL,-11.256415367126465,1.2923951132392311e-05,0.001383029083784036
d:\Pneum Det\archive\chest_xray\chest_xray\train\NORMAL\IM-0391-0001.jpeg,normal:im-0391,NORMAL,-9.95890998840332,4.73020325677948e-05,0.0029488413867736645
d:\Pneum Det\archive\chest_xray\chest_xray\train\NORMAL\IM-0409-0001.jpeg,normal:im-0409,NORMAL,-9.01129150390625,0.0001220092714506452,0.005120967769473971
d:\Pneum Det\archive\chest_xray\chest_xray\train\NORMAL\IM-0411-0001.jpeg,normal:im-0411,NORMAL,-10.032599449157715,4.3941849870525664e-05,0.002824827827222378
d:\Pneum Det\archive\chest_xray\chest_xray\train\NORMAL\IM-0420-0001.jpeg,normal:im-0420,NORMAL,-8.324089050292969,0.00024254298084546984,0.007634289678070869
d:\Pneum Det\archive\chest_xray\chest_xray\train\NORMAL\IM-0423-0001.jpeg,normal:im-0423,NORMAL,-9.957164764404297,4.738465337344219e-05,0.0029518433432614726
d:\Pneum Det\archive\chest_xray\chest_xray\train\NORMAL\IM-0425-0001.jpeg,normal:im-0425,NORMAL,-8.648086547851562,0.00017543148419627214,0.006325022103333028
d:\Pneum Det\archive\chest_xray\chest_xray\train\NORMAL\IM-0431-0001.jpeg,normal:im-0431,NORMAL,-6.353558540344238,0.0017375180889578328,0.02377193654478554
d:\Pneum Det\archive\chest_xray\chest_xray\train\NORMAL\IM-0437-0001.jpeg,normal:im-0437,NORMAL,-7.022488117218018,0.0008908100645748301,0.016201114014554915
d:\Pneum Det\archive\chest_xray\chest_xray\train\NORMAL\IM-0450-0001.jpeg,normal:im-0450,NORMAL,-7.929757595062256,0.00035974417506006714,0.009595114588993831
d:\Pneum Det\archive\chest_xray\chest_xray\train\NORMAL\IM-0451-0001.jpeg,normal:im-0451,NORMAL,-9.702964782714844,6.109833864433991e-05,0.0034232767971813724
d:\Pneum Det\archive\chest_xray\chest_xray\train\NORMAL\IM-0457-0001.jpeg,normal:im-0457,NORMAL,-10.102115631103516,4.0991057573956474e-05,0.00271260909669471
d:\Pneum Det\archive\chest_xray\chest_xray\train\NORMAL\IM-0461-0001.jpeg,normal:im-0461,NORMAL,-7.352915287017822,0.0006403114857077527,0.013392783006245874
d:\Pneum Det\archive\chest_xray\chest_xray\train\NORMAL\IM-0464-0001.jpeg,normal:im-0464,NORMAL,-9.357220649719238,8.633228000460913e-05,0.004187075456600203
d:\Pneum Det\archive\chest_xray\chest_xray\train\NORMAL\IM-0474-0001.jpeg,normal:im-0474,NORMAL,-7.765463352203369,0.0004239532385150348,0.010552435645192312
d:\Pneum Det\archive\chest_xray\chest_xray\train\NORMAL\IM-0483-0001.jpeg,normal:im-0483,NORMAL,-9.50871467590332,7.419684896252546e-05,0.003833478662561494
d:\Pneum Det\archive\chest_xray\chest_xray\train\NORMAL\IM-0490-0001.jpeg,normal:im-0490,NORMAL,-6.363731384277344,0.0017199624366579247,0.02363428139628803
d:\Pneum Det\archive\chest_xray\chest_xray\train\NORMAL\IM-0495-0001.jpeg,normal:im-0495,NORMAL,-8.967348098754883,0.00012748962152231774,0.005253558711728335
d:\Pneum Det\archive\chest_xray\chest_xray\train\NORMAL\IM-0501-0001.jpeg,normal:im-0501,NORMAL,-8.669992446899414,0.00017163093855220818,0.0062450224762085945
d:\Pneum Det\archive\chest_xray\chest_xray\train\NORMAL\IM-0503-0001.jpeg,normal:im-0503,NORMAL,-7.23644495010376,0.0007193485425836874,0.014323156915676415
d:\Pneum Det\archive\chest_xray\chest_xray\train\NORMAL\IM-0505-0001-0001.jpeg,normal:im-0505-0001,NORMAL,-10.305824279785156,3.343665793083326e-05,0.0024087276512663983
d:\Pneum Det\archive\chest_xray\chest_xray\train\NORMAL\IM-0505-0001-0002.jpeg,normal:im-0505-0001,NORMAL,-8.853344917297363,0.0001428825191124726,0.005613677453114366
d:\Pneum Det\archive\chest_xray\chest_xray\train\NORMAL\IM-0506-0001.jpeg,normal:im-0506,NORMAL,-11.388607025146484,1.1323635847170499e-05,0.0012802828029100308
d:\Pneum Det\archive\chest_xray\chest_xray\train\NORMAL\IM-0517-0001-0001.jpeg,normal:im-0517-0001,NORMAL,-10.952571868896484,1.7512609709879787e-05,0.0016514887788973965
d:\Pneum Det\archive\chest_xray\chest_xray\train\NORMAL\IM-0519-0001.jpeg,normal:im-0519,NORMAL,-9.47014045715332,7.711462746098988e-05,0.003920586127157428
d:\Pneum Det\archive\chest_xray\chest_xray\train\NORMAL\IM-0523-0001.jpeg,normal:im-0523,NORMAL,-9.050019264221191,0.00011737499698682942,0.005006877035521981
d:\Pneum Det\archive\chest_xray\chest_xray\train\NORMAL\IM-0524-0001.jpeg,normal:im-0524,NORMAL,-9.571590423583984,6.967561892339772e-05,0.003695607601770228
d:\Pneum Det\archive\chest_xray\chest_xray\train\NORMAL\IM-0531-0001-0001.jpeg,normal:im-0531-0001,NORMAL,-8.916598320007324,0.00013412579163743027,0.00541094082095406
d:\Pneum Det\archive\chest_xray\chest_xray\train\NORMAL\IM-0534-0001.jpeg,normal:im-0534,NORMAL,-8.234780311584473,0.0002651948970708647,0.008040274698918468
d:\Pneum Det\archive\chest_xray\chest_xray\train\NORMAL\IM-0539-0001-0001.jpeg,normal:im-0539-0001,NORMAL,-9.580615997314453,6.904962911834937e-05,0.0036762264449988293
d:\Pneum Det\archive\chest_xray\chest_xray\train\NORMAL\IM-0539-0001-0002.jpeg,normal:im-0539-0001,NORMAL,-9.200828552246094,0.00010094552905732057,0.004586194560479362
d:\Pneum Det\archive\chest_xray\chest_xray\train\NORMAL\IM-0539-0001.jpeg,normal:im-0539,NORMAL,-9.607343673706055,6.72286605804218e-05,0.003619424470375476
d:\Pneum Det\archive\chest_xray\chest_xray\train\NORMAL\IM-0547-0001.jpeg,normal:im-0547,NORMAL,-9.437962532043457,7.963616999613584e-05,0.003994755893358072
d:\Pneum Det\archive\chest_xray\chest_xray\train\NORMAL\IM-0549-0001.jpeg,normal:im-0549,NORMAL,-9.892075538635254,5.057131138039064e-05,0.003066005926132726
d:\Pneum Det\archive\chest_xray\chest_xray\train\NORMAL\IM-0552-0001.jpeg,normal:im-0552,NORMAL,-8.078760147094727,0.00030995911562677314,0.008801542664646049
d:\Pneum Det\archive\chest_xray\chest_xray\train\NORMAL\IM-0557-0001.jpeg,normal:im-0557,NORMAL,-8.837095260620117,0.0001452229378170089,0.005666968284598074
d:\Pneum Det\archive\chest_xray\chest_xray\train\NORMAL\IM-0563-0001.jpeg,normal:im-0563,NORMAL,-10.389848709106445,3.0742040227234167e-05,0.0022935058142111177
d:\Pneum Det\archive\chest_xray\chest_xray\train\NORMAL\IM-0569-0001.jpeg,normal:im-0569,NORMAL,-9.776605606079102,5.6760927298820384e-05,0.003279469437652843
d:\Pneum Det\archive\chest_xray\chest_xray\train\NORMAL\IM-0580-0001.jpeg,normal:im-0580,NORMAL,-4.304847717285156,0.01332304139924364,0.0746595085294852
d:\Pneum Det\archive\chest_xray\chest_xray\train\NORMAL\IM-0586-0001.jpeg,normal:im-0586,NORMAL,-8.414920806884766,0.00022148796160294227,0.007242248789569617
d:\Pneum Det\archive\chest_xray\chest_xray\train\NORMAL\IM-0592-0001.jpeg,normal:im-0592,NORMAL,-9.584095001220703,6.880983907579636e-05,0.00366878284054545
d:\Pneum Det\archive\chest_xray\chest_xray\train\NORMAL\IM-0599-0001.jpeg,normal:im-0599,NORMAL,-10.724157333374023,2.2006353739316606e-05,0.0018870310301121794
d:\Pneum Det\archive\chest_xray\chest_xray\train\NORMAL\IM-0608-0001-0001.jpeg,normal:im-0608-0001,NORMAL,-4.6889777183532715,0.00911228501555257,0.060549114226705864
d:\Pneum Det\archive\chest_xray\chest_xray\train\NORMAL\IM-0608-0001-0002.jpeg,normal:im-0608-0001,NORMAL,-10.803047180175781,2.0337023457549185e-05,0.0018021125298416864
d:\Pneum Det\archive\chest_xray\chest_xray\train\NORMAL\IM-0608-0001.jpeg,normal:im-0608,NORMAL,-9.039825439453125,0.00011857747376625272,0.005036660157664446
d:\Pneum Det\archive\chest_xray\chest_xray\train\NORMAL\IM-0612-0001-0001.jpeg,normal:im-0612-0001,NORMAL,-8.37092399597168,0.00023144796782220649,0.007429583601298103
d:\Pneum Det\archive\chest_xray\chest_xray\train\NORMAL\IM-0612-0001-0002.jpeg,normal:im-0612-0001,NORMAL,-9.854005813598633,5.253356031300649e-05,0.0031348071373854002
d:\Pneum Det\archive\chest_xray\chest_xray\train\NORMAL\IM-0619-0001.jpeg,normal:im-0619,NORMAL,-9.635586738586426,6.535660202769811e-05,0.0035603519960259395
d:\Pneum Det\archive\chest_xray\chest_xray\train\NORMAL\IM-0620-0001.jpeg,normal:im-0620,NORMAL,-8.854066848754883,0.00014277941967493204,0.005611321471057375
d:\Pneum Det\archive\chest_xray\chest_xray\train\NORMAL\IM-0622-0001.jpeg,normal:im-0622,NORMAL,-7.116967678070068,0.0008105653651387329,0.015343700863961456
d:\Pneum Det\archive\chest_xray\chest_xray\train\NORMAL\IM-0627-0001.jpeg,normal:im-0627,NORMAL,-9.495651245117188,7.517239964755025e-05,0.0038627601618749195
d:\Pneum Det\archive\chest_xray\chest_xray\train\NORMAL\IM-0633-0001.jpeg,normal:im-0633,NORMAL,-9.414708137512207,8.150960837923644e-05,0.004049225379668521
d:\Pneum Det\archive\chest_xray\chest_xray\train\NORMAL\IM-0634-0001.jpeg,normal:im-0634,NORMAL,-8.639945983886719,0.00017686517042151854,0.006355009992428271
d:\Pneum Det\archive\chest_xray\chest_xray\train\NORMAL\IM-0643-0001.jpeg,normal:im-0643,NORMAL,-9.147478103637695,0.00010647667765148195,0.0047308340684765636
d:\Pneum Det\archive\chest_xray\chest_xray\train\NORMAL\IM-0644-0001-0001.jpeg,normal:im-0644-0001,NORMAL,-9.303444862365723,9.110152918586405e-05,0.004320251885187177
d:\Pneum Det\archive\chest_xray\chest_xray\train\NORMAL\IM-0644-0001-0002.jpeg,normal:im-0644-0001,NORMAL,-7.578976154327393,0.000510823152948944,0.01175393973697221
d:\Pneum Det\archive\chest_xray\chest_xray\train\NORMAL\IM-0644-0001.jpeg,normal:im-0644,NORMAL,-9.177248001098633,0.00010335391822554997,0.004649573368206556
d:\Pneum Det\archive\chest_xray\chest_xray\train\NORMAL\IM-0648-0001.jpeg,normal:im-0648,NORMAL,-10.648195266723633,2.374309016833303e-05,0.0019725698647393955
d:\Pneum Det\archive\chest_xray\chest_xray\train\NORMAL\IM-0650-0001-0001.jpeg,normal:im-0650-0001,NORMAL,-9.747049331665039,5.846350778703755e-05,0.0033364496702407796
d:\Pneum Det\archive\chest_xray\chest_xray\train\NORMAL\IM-0650-0001-0002.jpeg,normal:im-0650-0001,NORMAL,-9.317069053649902,8.986887211462963e-05,0.00428611769303363
d:\Pneum Det\archive\chest_xray\chest_xray\train\NORMAL\IM-0656-0001-0001.jpeg,normal:im-0656-0001,NORMAL,-10.869439125061035,1.9030679777715067e-05,0.0017336102620971088
d:\Pneum Det\archive\chest_xray\chest_xray\train\NORMAL\IM-0656-0001-0002.jpeg,normal:im-0656-0001,NORMAL,-9.514731407165527,7.37517996000882e-05,0.0038200667179068885
d:\Pneum Det\archive\chest_xray\chest_xray\train\NORMAL\IM-0665-0001.jpeg,normal:im-0665,NORMAL,-10.491214752197266,2.7778657963866568e-05,0.002161798731315498
d:\Pneum Det\archive\chest_xray\chest_xray\train\NORMAL\IM-0669-0001.jpeg,normal:im-0669,NORMAL,-9.03630542755127,0.00011899555360848373,0.00504698540425855
d:\Pneum Det\archive\chest_xray\chest_xray\train\NORMAL\IM-0672-0001.jpeg,normal:im-0672,NORMAL,-2.4529638290405273,0.0792220800792212,0.1924217797178602
d:\Pneum Det\archive\chest_xray\chest_xray\train\NORMAL\IM-0680-0001.jpeg,normal:im-0680,NORMAL,-8.139263153076172,0.00029176701656191873,0.008498199938888172
d:\Pneum Det\archive\chest_xray\chest_xray\train\NORMAL\IM-0681-0001.jpeg,normal:im-0681,NORMAL,-9.602361679077148,6.756440642435843e-05,0.003629945548173867
d:\Pneum Det\archive\chest_xray\chest_xray\train\NORMAL\IM-0688-0001.jpeg,normal:im-0688,NORMAL,-8.873021125793457,0.00014009900109223974,0.005549815828629383
d:\Pneum Det\archive\chest_xray\chest_xray\train\NORMAL\IM-0700-0001.jpeg,normal:im-0700,NORMAL,-11.620138168334961,8.983265039032234e-06,0.0011183531575770923
d:\Pneum Det\archive\chest_xray\chest_xray\train\NORMAL\IM-0704-0001.jpeg,normal:im-0704,NORMAL,-11.019861221313477,1.637298897885317e-05,0.001587870806911865
d:\Pneum Det\archive\chest_xray\chest_xray\train\NORMAL\IM-0717-0001.jpeg,normal:im-0717,NORMAL,-9.115083694458008,0.00010998201753128398,0.004820865232495897
d:\Pneum Det\archive\chest_xray\chest_xray\train\NORMAL\IM-0718-0001.jpeg,normal:im-0718,NORMAL,-9.115693092346191,0.00010991502250426312,0.004819155946961124
d:\Pneum Det\archive\chest_xray\chest_xray\train\NORMAL\IM-0719-0001.jpeg,normal:im-0719,NORMAL,-10.977941513061523,1.7073916888272704e-05,0.0016272098535615501
d:\Pneum Det\archive\chest_xray\chest_xray\train\NORMAL\IM-0722-0001.jpeg,normal:im-0722,NORMAL,-9.979602813720703,4.633332246284445e-05,0.002913478861007957
d:\Pneum Det\archive\chest_xray\chest_xray\train\NORMAL\IM-0736-0001.jpeg,normal:im-0736,NORMAL,-8.079130172729492,0.0003098444795556491,0.008799655242172886
d:\Pneum Det\archive\chest_xray\chest_xray\train\NORMAL\IM-0746-0001.jpeg,normal:im-0746,NORMAL,-9.515905380249023,7.366527414984365e-05,0.0038174552601305434
d:\Pneum Det\archive\chest_xray\chest_xray\train\NORMAL\IM-0753-0001.jpeg,normal:im-0753,NORMAL,-9.619739532470703,6.640050240449739e-05,0.003593378305919014
d:\Pneum Det\archive\chest_xray\chest_xray\train\NORMAL\IM-0764-0001.jpeg,normal:im-0764,NORMAL,-7.775753974914551,0.0004196146878418341,0.010489792623381525
d:\Pneum Det\archive\chest_xray\chest_xray\train\NORMAL\IM-0766-0001.jpeg,normal:im-0766,NORMAL,-11.394125938415527,1.1261314517995379e-05,0.0012761630765487997
d:\Pneum Det\archive\chest_xray\chest_xray\train\NORMAL\NORMAL2-IM-0390-0001.jpeg,normal:im-0390,NORMAL,-9.476531982421875,7.662335679399706e-05,0.0039060178376385756
d:\Pneum Det\archive\chest_xray\chest_xray\train\NORMAL\NORMAL2-IM-0391-0001.jpeg,normal:im-0391,NORMAL,-6.859761714935303,0.0010480643116892224,0.017789651526212515
d:\Pneum Det\archive\chest_xray\chest_xray\train\NORMAL\NORMAL2-IM-0397-0001.jpeg,normal:im-0397,NORMAL,-9.047718048095703,0.00011764538143319464,0.00501358510828659
d:\Pneum Det\archive\chest_xray\chest_xray\train\NORMAL\NORMAL2-IM-0407-0001.jpeg,normal:im-0407,NORMAL,-10.430713653564453,2.9511127418096296e-05,0.002239472372486757
d:\Pneum Det\archive\chest_xray\chest_xray\train\NORMAL\NORMAL2-IM-0409-0001.jpeg,normal:im-0409,NORMAL,-9.843523025512695,5.308712564299507e-05,0.0031540208582440383
d:\Pneum Det\archive\chest_xray\chest_xray\train\NORMAL\NORMAL2-IM-0423-0001.jpeg,normal:im-0423,NORMAL,-8.288981437683105,0.00025120714598385563,0.007791399156277818
d:\Pneum Det\archive\chest_xray\chest_xray\train\NORMAL\NORMAL2-IM-0425-0001.jpeg,normal:im-0425,NORMAL,-4.709420204162598,0.008929544829653056,0.05987272122828663
d:\Pneum Det\archive\chest_xray\chest_xray\train\NORMAL\NORMAL2-IM-0437-0001.jpeg,normal:im-0437,NORMAL,-7.895583629608154,0.0003722458835362523,0.009786886383198632
d:\Pneum Det\archive\chest_xray\chest_xray\train\NORMAL\NORMAL2-IM-0443-0001.jpeg,normal:im-0443,NORMAL,-9.807880401611328,5.5013309206447186e-05,0.00322023200002029
d:\Pneum Det\archive\chest_xray\chest_xray\train\NORMAL\NORMAL2-IM-0450-0001.jpeg,normal:im-0450,NORMAL,-8.57707405090332,0.0001883398699269657,0.006591423686488276
d:\Pneum Det\archive\chest_xray\chest_xray\train\NORMAL\NORMAL2-IM-0451-0001.jpeg,normal:im-0451,NORMAL,-7.353149890899658,0.0006401613799207709,0.01339097047553758
d:\Pneum Det\archive\chest_xray\chest_xray\train\NORMAL\NORMAL2-IM-0464-0001.jpeg,normal:im-0464,NORMAL,-9.484167098999023,7.604060055513146e-05,0.003888685676862941
d:\Pneum Det\archive\chest_xray\chest_xray\train\NORMAL\NORMAL2-IM-0468-0001.jpeg,normal:im-0468,NORMAL,4.928138256072998,0.9928120706789667,0.9469337416347386
d:\Pneum Det\archive\chest_xray\chest_xray\train\NORMAL\NORMAL2-IM-0474-0001.jpeg,normal:im-0474,NORMAL,-10.009576797485352,4.4965197167654633e-05,0.002863004035097672
d:\Pneum Det\archive\chest_xray\chest_xray\train\NORMAL\NORMAL2-IM-0490-0001.jpeg,normal:im-0490,NORMAL,-9.785863876342773,5.623787386808275e-05,0.0032618211104584764
d:\Pneum Det\archive\chest_xray\chest_xray\train\NORMAL\NORMAL2-IM-0501-0001.jpeg,normal:im-0501,NORMAL,-10.793359756469727,2.0534990120307073e-05,0.0018123312638177944
d:\Pneum Det\archive\chest_xray\chest_xray\train\NORMAL\NORMAL2-IM-0503-0001.jpeg,normal:im-0503,NORMAL,-10.223658561706543,3.629992574488027e-05,0.002526982328207888
d:\Pneum Det\archive\chest_xray\chest_xray\train\NORMAL\NORMAL2-IM-0506-0001.jpeg,normal:im-0506,NORMAL,-9.631893157958984,6.559843240643876e-05,0.0035680224541575194
d:\Pneum Det\archive\chest_xray\chest_xray\train\NORMAL\NORMAL2-IM-0523-0001.jpeg,normal:im-0523,NORMAL,-11.709738731384277,8.213372454983666e-06,0.0010613281673004338
d:\Pneum Det\archive\chest_xray\chest_xray\train\NORMAL\NORMAL2-IM-0539-0001.jpeg,normal:im-0539,NORMAL,-8.497675895690918,0.00020390021688560626,0.006902499443958099
d:\Pneum Det\archive\chest_xray\chest_xray\train\NORMAL\NORMAL2-IM-0547-0001.jpeg,normal:im-0547,NORMAL,-9.302494049072266,9.118818302137924e-05,0.004322644141606352
d:\Pneum Det\archive\chest_xray\chest_xray\train\NORMAL\NORMAL2-IM-0552-0001.jpeg,normal:im-0552,NORMAL,-9.871620178222656,5.161636441552329e-05,0.0031027844646662073
d:\Pneum Det\archive\chest_xray\chest_xray\train\NORMAL\NORMAL2-IM-0557-0001.jpeg,normal:im-0557,NORMAL,-8.97985553741455,0.00012590518295514978,0.005215475998963232
d:\Pneum Det\archive\chest_xray\chest_xray\train\NORMAL\NORMAL2-IM-0563-0001.jpeg,normal:im-0563,NORMAL,-8.264293670654297,0.0002574844602386369,0.007903795867414238
d:\Pneum Det\archive\chest_xray\chest_xray\train\NORMAL\NORMAL2-IM-0569-0001.jpeg,normal:im-0569,NORMAL,-8.630175590515137,0.0001786013719539712,0.0063911883592611225
d:\Pneum Det\archive\chest_xray\chest_xray\train\NORMAL\NORMAL2-IM-0573-0001.jpeg,normal:im-0573,NORMAL,-10.508272171020508,2.730885688818103e-05,0.0021403896516314783
d:\Pneum Det\archive\chest_xray\chest_xray\train\NORMAL\NORMAL2-IM-0580-0001.jpeg,normal:im-0580,NORMAL,-10.261320114135742,3.4958284699806346e-05,0.0024720767799310548
d:\Pneum Det\archive\chest_xray\chest_xray\train\NORMAL\NORMAL2-IM-0587-0001.jpeg,normal:im-0587,NORMAL,-7.946923732757568,0.0003536236241967482,0.009500193359595434
d:\Pneum Det\archive\chest_xray\chest_xray\train\NORMAL\NORMAL2-IM-0592-0001.jpeg,normal:im-0592,NORMAL,-8.123786926269531,0.0002963162427110779,0.00857479179843812
d:\Pneum Det\archive\chest_xray\chest_xray\train\NORMAL\NORMAL2-IM-0599-0001.jpeg,normal:im-0599,NORMAL,-10.34306526184082,3.221438465521983e-05,0.0023569636362940185
d:\Pneum Det\archive\chest_xray\chest_xray\train\NORMAL\NORMAL2-IM-0619-0001.jpeg,normal:im-0619,NORMAL,-9.72787094116211,5.959549711939709e-05,0.00337394960157876
d:\Pneum Det\archive\chest_xray\chest_xray\train\NORMAL\NORMAL2-IM-0620-0001.jpeg,normal:im-0620,NORMAL,-9.316802978515625,8.989278501851357e-05,0.004286781742588271
d:\Pneum Det\archive\chest_xray\chest_xray\train\NORMAL\NORMAL2-IM-0622-0001.jpeg,normal:im-0622,NORMAL,-10.26833724975586,3.471384482746011e-05,0.0024619790294119416
d:\Pneum Det\archive\chest_xray\chest_xray\train\NORMAL\NORMAL2-IM-0627-0001.jpeg,normal:im-0627,NORMAL,-9.784810066223145,5.629716580800993e-05,0.003263825123708299
d:\Pneum Det\archive\chest_xray\chest_xray\train\NORMAL\NORMAL2-IM-0633-0001.jpeg,normal:im-0633,NORMAL,-9.097965240478516,0.00011188073417672498,0.00486912766525633
d:\Pneum Det\archive\chest_xray\chest_xray\train\NORMAL\NORMAL2-IM-0634-0001.jpeg,normal:im-0634,NORMAL,-7.176967620849609,0.0007633977918497687,0.014822550254248211
d:\Pneum Det\archive\chest_xray\chest_xray\train\NORMAL\NORMAL2-IM-0643-0001.jpeg,normal:im-0643,NORMAL,-10.179503440856934,3.793860433737952e-05,0.0025929055534504083
d:\Pneum Det\archive\chest_xray\chest_xray\train\NORMAL\NORMAL2-IM-0648-0001.jpeg,normal:im-0648,NORMAL,-10.43593692779541,2.93573890902677e-05,0.0022326581106904392
d:\Pneum Det\archive\chest_xray\chest_xray\train\NORMAL\NORMAL2-IM-0653-0001.jpeg,normal:im-0653,NORMAL,-8.71623420715332,0.00016387639604098625,0.006079435654517435
d:\Pneum Det\archive\chest_xray\chest_xray\train\NORMAL\NORMAL2-IM-0665-0001.jpeg,normal:im-0665,NORMAL,0.1535305380821228,0.5383074167235884,0.5224288640240888
d:\Pneum Det\archive\chest_xray\chest_xray\train\NORMAL\NORMAL2-IM-0669-0001.jpeg,normal:im-0669,NORMAL,-10.843774795532227,1.9525401069381862e-05,0.0017597766220806164
d:\Pneum Det\archive\chest_xray\chest_xray\train\NORMAL\NORMAL2-IM-0672-0001.jpeg,normal:im-0672,NORMAL,-11.09465217590332,1.5193127520798749e-05,0.0015200277086441503
d:\Pneum Det\archive\chest_xray\chest_xray\train\NORMAL\NORMAL2-IM-0680-0001.jpeg,normal:im-0680,NORMAL,-9.190771102905273,0.00010196580215300773,0.004613120691892283
d:\Pneum Det\archive\chest_xray\chest_xray\train\NORMAL\NORMAL2-IM-0700-0001.jpeg,normal:im-0700,NORMAL,-8.43667984008789,0.00021672168498873347,0.007151341185207063
d:\Pneum Det\archive\chest_xray\chest_xray\train\NORMAL\NORMAL2-IM-0718-0001.jpeg,normal:im-0718,NORMAL,1.4813313484191895,0.814773588806391,0.7039535858981586
d:\Pneum Det\archive\chest_xray\chest_xray\train\NORMAL\NORMAL2-IM-0719-0001.jpeg,normal:im-0719,NORMAL,-0.5825234055519104,0.35835216500416517,0.4156574917446572
d:\Pneum Det\archive\chest_xray\chest_xray\train\NORMAL\NORMAL2-IM-0723-0001.jpeg,normal:im-0723,NORMAL,1.6295881271362305,0.8361132085112676,0.721695626380451
d:\Pneum Det\archive\chest_xray\chest_xray\train\NORMAL\NORMAL2-IM-0725-0001.jpeg,normal:im-0725,NORMAL,-1.9832547903060913,0.12097230278564852,0.23872330319055737
d:\Pneum Det\archive\chest_xray\chest_xray\train\NORMAL\NORMAL2-IM-0736-0001.jpeg,normal:im-0736,NORMAL,5.966500759124756,0.9974433581902844,0.9703691830147025
d:\Pneum Det\archive\chest_xray\chest_xray\train\NORMAL\NORMAL2-IM-0746-0001.jpeg,normal:im-0746,NORMAL,-1.8317536115646362,0.13802950063624664,0.2551934413748437
d:\Pneum Det\archive\chest_xray\chest_xray\train\NORMAL\NORMAL2-IM-0753-0001.jpeg,normal:im-0753,NORMAL,-7.501351356506348,0.0005520325525114474,0.012293040316911606
d:\Pneum Det\archive\chest_xray\chest_xray\train\NORMAL\NORMAL2-IM-0774-0001.jpeg,normal:im-0774,NORMAL,-11.677868843078613,8.479345248019956e-06,0.0010812705663555949
d:\Pneum Det\archive\chest_xray\chest_xray\train\NORMAL\NORMAL2-IM-0776-0001.jpeg,normal:im-0776,NORMAL,-6.831787109375,0.001077765399385561,0.018077742389923403
d:\Pneum Det\archive\chest_xray\chest_xray\train\NORMAL\NORMAL2-IM-0797-0001.jpeg,normal:im-0797,NORMAL,-9.209333419799805,0.00010009072677588189,0.004563547170344788
d:\Pneum Det\archive\chest_xray\chest_xray\train\NORMAL\NORMAL2-IM-0804-0001.jpeg,normal:im-0804,NORMAL,-8.960334777832031,0.00012838677469270284,0.00527503381155939
d:\Pneum Det\archive\chest_xray\chest_xray\train\NORMAL\NORMAL2-IM-0814-0001.jpeg,normal:im-0814,NORMAL,-9.978373527526855,4.6390311755112646e-05,0.0029155677576835726
d:\Pneum Det\archive\chest_xray\chest_xray\train\NORMAL\NORMAL2-IM-0821-0001.jpeg,normal:im-0821,NORMAL,-9.235603332519531,9.74958414062236e-05,0.004494294324688543
d:\Pneum Det\archive\chest_xray\chest_xray\train\NORMAL\NORMAL2-IM-0827-0001.jpeg,normal:im-0827,NORMAL,-6.661101341247559,0.0012781005362597962,0.019937312194294936
d:\Pneum Det\archive\chest_xray\chest_xray\train\NORMAL\NORMAL2-IM-0832-0001.jpeg,normal:im-0832,NORMAL,-10.227495193481445,3.6160928144259683e-05,0.0025213338309236486
d:\Pneum Det\archive\chest_xray\chest_xray\train\NORMAL\NORMAL2-IM-0837-0001.jpeg,normal:im-0837,NORMAL,-8.739191055297852,0.00016015776042029552,0.00599885797158607
d:\Pneum Det\archive\chest_xray\chest_xray\train\NORMAL\NORMAL2-IM-0842-0001.jpeg,normal:im-0842,NORMAL,-9.227336883544922,9.830504659471774e-05,0.004515972808325286
d:\Pneum Det\archive\chest_xray\chest_xray\train\NORMAL\NORMAL2-IM-0843-0001.jpeg,normal:im-0843,NORMAL,-10.615434646606445,2.4533790643823375e-05,0.002010644950323912
d:\Pneum Det\archive\chest_xray\chest_xray\train\NORMAL\NORMAL2-IM-0851-0001.jpeg,normal:im-0851,NORMAL,-10.025581359863281,4.425130868474854e-05,0.0028364111394014583
d:\Pneum Det\archive\chest_xray\chest_xray\train\NORMAL\NORMAL2-IM-0854-0001.jpeg,normal:im-0854,NORMAL,-5.197754383087158,0.005498565049418173,0.04567977591034668
d:\Pneum Det\archive\chest_xray\chest_xray\train\NORMAL\NORMAL2-IM-0862-0001.jpeg,normal:im-0862,NORMAL,-10.159507751464844,3.870481848462795e-05,0.0026233205496301523
d:\Pneum Det\archive\chest_xray\chest_xray\train\NORMAL\NORMAL2-IM-0863-0001.jpeg,normal:im-0863,NORMAL,-5.991705417633057,0.002493166481146886,0.029209976642165677
d:\Pneum Det\archive\chest_xray\chest_xray\train\NORMAL\NORMAL2-IM-0866-0001.jpeg,normal:im-0866,NORMAL,-5.959942817687988,0.002573419925047363,0.029741274617107873
d:\Pneum Det\archive\chest_xray\chest_xray\train\NORMAL\NORMAL2-IM-0873-0001.jpeg,normal:im-0873,NORMAL,-8.871989250183105,0.00014024362016183187,0.005553146889548893
d:\Pneum Det\archive\chest_xray\chest_xray\train\NORMAL\NORMAL2-IM-0879-0001.jpeg,normal:im-0879,NORMAL,-8.268610000610352,0.0002563757517796972,0.007884029407728333
d:\Pneum Det\archive\chest_xray\chest_xray\train\NORMAL\NORMAL2-IM-0886-0001.jpeg,normal:im-0886,NORMAL,-8.40866470336914,0.00022287764686229023,0.007268598010960019
d:\Pneum Det\archive\chest_xray\chest_xray\train\NORMAL\NORMAL2-IM-0899-0001.jpeg,normal:im-0899,NORMAL,-10.128561973571777,3.9921245958827164e-05,0.0026710944267518974
d:\Pneum Det\archive\chest_xray\chest_xray\train\NORMAL\NORMAL2-IM-0906-0001.jpeg,normal:im-0906,NORMAL,-10.941757202148438,1.7703027189860392e-05,0.0016619481207882985
d:\Pneum Det\archive\chest_xray\chest_xray\train\NORMAL\NORMAL2-IM-0912-0001.jpeg,normal:im-0912,NORMAL,-9.78660774230957,5.61960583330466e-05,0.0032604072513336487
d:\Pneum Det\archive\chest_xray\chest_xray\train\NORMAL\NORMAL2-IM-0913-0001.jpeg,normal:im-0913,NORMAL,-9.275581359863281,9.367539096677347e-05,0.004390906486979632
d:\Pneum Det\archive\chest_xray\chest_xray\train\NORMAL\NORMAL2-IM-0925-0001.jpeg,normal:im-0925,NORMAL,-10.056196212768555,4.2917146316858704e-05,0.0027862263443968736
d:\Pneum Det\archive\chest_xray\chest_xray\train\NORMAL\NORMAL2-IM-0927-0001.jpeg,normal:im-0927,NORMAL,-7.925644397735596,0.0003612263855553699,0.009617997900771447
d:\Pneum Det\archive\chest_xray\chest_xray\train\NORMAL\NORMAL2-IM-0933-0001.jpeg,normal:im-0933,NORMAL,-9.69724178314209,6.144898534208925e-05,0.003434712488292491
d:\Pneum Det\archive\chest_xray\chest_xray\train\NORMAL\NORMAL2-IM-0937-0001.jpeg,normal:im-0937,NORMAL,-10.633033752441406,2.410580539933353e-05,0.001990100611994737
d:\Pneum Det\archive\chest_xray\chest_xray\train\NORMAL\NORMAL2-IM-0946-0001.jpeg,normal:im-0946,NORMAL,-9.928878784179688,4.8744044630306306e-05,0.003000925078436248
d:\Pneum Det\archive\chest_xray\chest_xray\train\NORMAL\NORMAL2-IM-0948-0001.jpeg,normal:im-0948,NORMAL,-10.869894027709961,1.9022024804483403e-05,0.0017331499812813708
d:\Pneum Det\archive\chest_xray\chest_xray\train\NORMAL\NORMAL2-IM-0950-0001.jpeg,normal:im-0950,NORMAL,-7.887319087982178,0.0003753339134421224,0.009833830942303144
d:\Pneum Det\archive\chest_xray\chest_xray\train\NORMAL\NORMAL2-IM-0959-0001.jpeg,normal:im-0959,NORMAL,-8.481902122497559,0.0002071413214596029,0.006966014187538684
d:\Pneum Det\archive\chest_xray\chest_xray\train\NORMAL\NORMAL2-IM-0967-0001.jpeg,normal:im-0967,NORMAL,-5.624705791473389,0.003594656204408782,0.03595049121351879
d:\Pneum Det\archive\chest_xray\chest_xray\train\NORMAL\NORMAL2-IM-0975-0001.jpeg,normal:im-0975,NORMAL,-11.131940841674805,1.4637036733702444e-05,0.001487292141596628
d:\Pneum Det\archive\chest_xray\chest_xray\train\NORMAL\NORMAL2-IM-0987-0001.jpeg,normal:im-0987,NORMAL,-10.687875747680664,2.2819421432885513e-05,0.0019274147646443681
d:\Pneum Det\archive\chest_xray\chest_xray\train\NORMAL\NORMAL2-IM-0989-0001.jpeg,normal:im-0989,NORMAL,-9.028779983520508,0.00011989431818204484,0.005069130472779468
d:\Pneum Det\archive\chest_xray\chest_xray\train\NORMAL\NORMAL2-IM-0995-0001-0001.jpeg,normal:im-0995-0001,NORMAL,-8.089223861694336,0.0003067336911297394,0.00874832390903896
d:\Pneum Det\archive\chest_xray\chest_xray\train\NORMAL\NORMAL2-IM-0995-0001-0002.jpeg,normal:im-0995-0001,NORMAL,-8.627613067626953,0.00017905954689843585,0.006400710840138956
d:\Pneum Det\archive\chest_xray\chest_xray\train\NORMAL\NORMAL2-IM-1001-0001.jpeg,normal:im-1001,NORMAL,-10.300552368164062,3.361339256650213e-05,0.002416146539925772
d:\Pneum Det\archive\chest_xray\chest_xray\train\NORMAL\NORMAL2-IM-1005-0001.jpeg,normal:im-1005,NORMAL,-9.840045928955078,5.3272026143545466e-05,0.0031604198597846383
d:\Pneum Det\archive\chest_xray\chest_xray\train\NORMAL\NORMAL2-IM-1014-0001.jpeg,normal:im-1014,NORMAL,-10.309266090393066,3.332177693435545e-05,0.0024038964346518327
d:\Pneum Det\archive\chest_xray\chest_xray\train\NORMAL\NORMAL2-IM-1020-0001.jpeg,normal:im-1020,NORMAL,-9.376157760620117,8.471291597138478e-05,0.004141157344689151
d:\Pneum Det\archive\chest_xray\chest_xray\train\NORMAL\NORMAL2-IM-1023-0001.jpeg,normal:im-1023,NORMAL,-10.841752052307129,1.9564935139554508e-05,0.0017618556167373132
d:\Pneum Det\archive\chest_xray\chest_xray\train\NORMAL\NORMAL2-IM-1037-0001.jpeg,normal:im-1037,NORMAL,-8.541572570800781,0.00019514499046683682,0.00672875614672435
d:\Pneum Det\archive\chest_xray\chest_xray\train\NORMAL\NORMAL2-IM-1039-0001.jpeg,normal:im-1039,NORMAL,-10.812106132507324,2.0153626988557547e-05,0.001792608780825005
d:\Pneum Det\archive\chest_xray\chest_xray\train\NORMAL\NORMAL2-IM-1049-0001.jpeg,normal:im-1049,NORMAL,-10.002965927124023,4.526342749681397e-05,0.002874060959762943
d:\Pneum Det\archive\chest_xray\chest_xray\train\NORMAL\NORMAL2-IM-1052-0001.jpeg,normal:im-1052,NORMAL,-10.427154541015625,2.9616344860605776e-05,0.0022441274591441327
d:\Pneum Det\archive\chest_xray\chest_xray\train\NORMAL\NORMAL2-IM-1053-0001.jpeg,normal:im-1053,NORMAL,-6.7843852043151855,0.0011300246098302131,0.018576389495211145
d:\Pneum Det\archive\chest_xray\chest_xray\train\NORMAL\NORMAL2-IM-1073-0001.jpeg,normal:im-1073,NORMAL,-5.017354488372803,0.006578459488831573,0.050505078649339355
d:\Pneum Det\archive\chest_xray\chest_xray\train\NORMAL\NORMAL2-IM-1088-0001.jpeg,normal:im-1088,NORMAL,-8.151572227478027,0.00028819867621610994,0.008437766910184306
d:\Pneum Det\archive\chest_xray\chest_xray\train\NORMAL\NORMAL2-IM-1094-0001-0001.jpeg,normal:im-1094-0001,NORMAL,-9.790680885314941,5.596764206366773e-05,0.00325267628910163
d:\Pneum Det\archive\chest_xray\chest_xray\train\NORMAL\NORMAL2-IM-1094-0001-0002.jpeg,normal:im-1094-0001,NORMAL,-8.646272659301758,0.0001757499301562182,0.006331691836724446
d:\Pneum Det\archive\chest_xray\chest_xray\train\NORMAL\NORMAL2-IM-1103-0001-0001.jpeg,normal:im-1103-0001,NORMAL,-11.1240873336792,1.4752439688766621e-05,0.0014941276721317457
d:\Pneum Det\archive\chest_xray\chest_xray\train\NORMAL\NORMAL2-IM-1105-0001.jpeg,normal:im-1105,NORMAL,-8.072087287902832,0.0003120336977764452,0.008835648449228739
d:\Pneum Det\archive\chest_xray\chest_xray\train\NORMAL\NORMAL2-IM-1113-0001.jpeg,normal:im-1113,NORMAL,-9.927755355834961,4.879883316917138e-05,0.0030028911582032527
d:\Pneum Det\archive\chest_xray\chest_xray\train\NORMAL\NORMAL2-IM-1116-0001.jpeg,normal:im-1116,NORMAL,-9.377267837524414,8.4618938248153e-05,0.004138481278473017
d:\Pneum Det\archive\chest_xray\chest_xray\train\NORMAL\NORMAL2-IM-1120-0001.jpeg,normal:im-1120,NORMAL,-10.277697563171387,3.4390439483549495e-05,0.002448573434256387
d:\Pneum Det\archive\chest_xray\chest_xray\train\NORMAL\NORMAL2-IM-1127-0001.jpeg,normal:im-1127,NORMAL,-7.8261399269104,0.00039900404208942646,0.010188345646134064
d:\Pneum Det\archive\chest_xray\chest_xray\train\NORMAL\NORMAL2-IM-1134-0001.jpeg,normal:im-1134,NORMAL,-8.189859390258789,0.0002773759353216118,0.008252501890095448
d:\Pneum Det\archive\chest_xray\chest_xray\train\NORMAL\NORMAL2-IM-1142-0001-0001.jpeg,normal:im-1142-0001,NORMAL,-10.328221321105957,3.269612404682445e-05,0.002377461970472274
d:\Pneum Det\archive\chest_xray\chest_xray\train\NORMAL\NORMAL2-IM-1142-0001-0002.jpeg,normal:im-1142-0001,NORMAL,-9.705778121948242,6.092670031547864e-05,0.0034176691048610854
d:\Pneum Det\archive\chest_xray\chest_xray\train\NORMAL\NORMAL2-IM-1151-0001.jpeg,normal:im-1151,NORMAL,-8.89272689819336,0.0001373656412307311,0.005486582362010838
d:\Pneum Det\archive\chest_xray\chest_xray\train\NORMAL\NORMAL2-IM-1152-0001.jpeg,normal:im-1152,NORMAL,-9.4677095413208,7.73023001546212e-05,0.003926141141895454
d:\Pneum Det\archive\chest_xray\chest_xray\train\NORMAL\NORMAL2-IM-1161-0001.jpeg,normal:im-1161,NORMAL,-11.056660652160645,1.578143302837611e-05,0.0015541202755713897
d:\Pneum Det\archive\chest_xray\chest_xray\train\NORMAL\NORMAL2-IM-1163-0001.jpeg,normal:im-1163,NORMAL,-9.618667602539062,6.647171251857231e-05,0.003595623247950447
d:\Pneum Det\archive\chest_xray\chest_xray\train\NORMAL\NORMAL2-IM-1170-0001.jpeg,normal:im-1170,NORMAL,-9.347241401672363,8.71980487933164e-05,0.004211476449765084
d:\Pneum Det\archive\chest_xray\chest_xray\train\NORMAL\NORMAL2-IM-1174-0001.jpeg,normal:im-1174,NORMAL,-10.389758110046387,3.074482546772073e-05,0.0022936270419032486
d:\Pneum Det\archive\chest_xray\chest_xray\train\NORMAL\NORMAL2-IM-1181-0001.jpeg,normal:im-1181,NORMAL,-10.05768871307373,4.285314298217168e-05,0.002783802556011335
d:\Pneum Det\archive\chest_xray\chest_xray\train\NORMAL\NORMAL2-IM-1185-0001.jpeg,normal:im-1185,NORMAL,-9.673927307128906,6.289837636906656e-05,0.0034816942284801485
d:\Pneum Det\archive\chest_xray\chest_xray\train\NORMAL\NORMAL2-IM-1196-0001.jpeg,normal:im-1196,NORMAL,-8.612569808959961,0.0001817730551797362,0.006456897396090412
d:\Pneum Det\archive\chest_xray\chest_xray\train\NORMAL\NORMAL2-IM-1197-0001.jpeg,normal:im-1197,NORMAL,-9.983163833618164,4.61686296084832e-05,0.002907436123675362
d:\Pneum Det\archive\chest_xray\chest_xray\train\NORMAL\NORMAL2-IM-1214-0001.jpeg,normal:im-1214,NORMAL,-3.242844581604004,0.037584860170192275,0.13053616987213992
d:\Pneum Det\archive\chest_xray\chest_xray\train\NORMAL\NORMAL2-IM-1219-0001.jpeg,normal:im-1219,NORMAL,-8.983003616333008,0.00012550949640287054,0.005205934049066875
d:\Pneum Det\archive\chest_xray\chest_xray\train\NORMAL\NORMAL2-IM-1225-0001.jpeg,normal:im-1225,NORMAL,-9.568095207214355,6.991955932351481e-05,0.0037031404047637006
d:\Pneum Det\archive\chest_xray\chest_xray\train\NORMAL\NORMAL2-IM-1237-0001.jpeg,normal:im-1237,NORMAL,-9.055458068847656,0.00011673842449950044,0.004991058327580593
d:\Pneum Det\archive\chest_xray\chest_xray\train\NORMAL\NORMAL2-IM-1240-0001.jpeg,normal:im-1240,NORMAL,-8.65978717803955,0.00017339114111681673,0.006282165909897989
d:\Pneum Det\archive\chest_xray\chest_xray\train\NORMAL\NORMAL2-IM-1250-0001.jpeg,normal:im-1250,NORMAL,-2.729326009750366,0.06126491356609422,0.1685483255958826
d:\Pneum Det\archive\chest_xray\chest_xray\train\NORMAL\NORMAL2-IM-1258-0001.jpeg,normal:im-1258,NORMAL,-9.995668411254883,4.5594931122109345e-05,0.0028863157725648523
d:\Pneum Det\archive\chest_xray\chest_xray\train\NORMAL\NORMAL2-IM-1264-0001.jpeg,normal:im-1264,NORMAL,1.6396794319152832,0.8374913129468733,0.7228792577145768
d:\Pneum Det\archive\chest_xray\chest_xray\train\NORMAL\NORMAL2-IM-1271-0001.jpeg,normal:im-1271,NORMAL,-8.710559844970703,0.00016480877964998147,0.006099517701154252
d:\Pneum Det\archive\chest_xray\chest_xray\train\NORMAL\NORMAL2-IM-1274-0001.jpeg,normal:im-1274,NORMAL,-10.888200759887695,1.8676968260378585e-05,0.001714727706152717
d:\Pneum Det\archive\chest_xray\chest_xray\train\NORMAL\NORMAL2-IM-1277-0001-0001.jpeg,normal:im-1277-0001,NORMAL,-9.45002555847168,7.868136286847199e-05,0.003966788396888304
d:\Pneum Det\archive\chest_xray\chest_xray\train\NORMAL\NORMAL2-IM-1277-0001-0002.jpeg,normal:im-1277-0001,NORMAL,-9.545740127563477,7.150010567985953e-05,0.003751682629898307
d:\Pneum Det\archive\chest_xray\chest_xray\train\NORMAL\NORMAL2-IM-1285-0001.jpeg,normal:im-1285,NORMAL,-11.137615203857422,1.4554217290786347e-05,0.0014823727338765197
d:\Pneum Det\archive\chest_xray\chest_xray\train\NORMAL\NORMAL2-IM-1287-0001.jpeg,normal:im-1287,NORMAL,-6.767749309539795,0.0011489590400018247,0.018754571247345756
d:\Pneum Det\archive\chest_xray\chest_xray\train\NORMAL\NORMAL2-IM-1289-0001.jpeg,normal:im-1289,NORMAL,-8.8138427734375,0.00014863879001934504,0.005744100934657076
d:\Pneum Det\archive\chest_xray\chest_xray\train\NORMAL\NORMAL2-IM-1303-0001.jpeg,normal:im-1303,NORMAL,-10.960847854614258,1.7368276194158778e-05,0.0016435291168870735
d:\Pneum Det\archive\chest_xray\chest_xray\train\NORMAL\NORMAL2-IM-1307-0001.jpeg,normal:im-1307,NORMAL,-9.923952102661133,4.898477175663803e-05,0.003009556660469209
d:\Pneum Det\archive\chest_xray\chest_xray\train\NORMAL\NORMAL2-IM-1317-0001.jpeg,normal:im-1317,NORMAL,-9.29109001159668,9.223395222446936e-05,0.004351439803951088
d:\Pneum Det\archive\chest_xray\chest_xray\train\NORMAL\NORMAL2-IM-1318-0001.jpeg,normal:im-1318,NORMAL,-8.212477684020996,0.00027117426619504637,0.008144957209331867
d:\Pneum Det\archive\chest_xray\chest_xray\train\NORMAL\NORMAL2-IM-1322-0001.jpeg,normal:im-1322,NORMAL,-9.197638511657715,0.00010126803090536494,0.004594718057091339
d:\Pneum Det\archive\chest_xray\chest_xray\train\NORMAL\NORMAL2-IM-1330-0001.jpeg,normal:im-1330,NORMAL,-8.327216148376465,0.00024178589289986803,0.007620449075705747
d:\Pneum Det\archive\chest_xray\chest_xray\train\NORMAL\NORMAL2-IM-1345-0001.jpeg,normal:im-1345,NORMAL,-10.202407836914062,3.70795513389324e-05,0.0025584981431629396
d:\Pneum Det\archive\chest_xray\chest_xray\train\NORMAL\NORMAL2-IM-1346-0001.jpeg,normal:im-1346,NORMAL,-9.616730690002441,6.6600578597937e-05,0.003599683266887728
d:\Pneum Det\archive\chest_xray\chest_xray\train\NORMAL\NORMAL2-IM-1351-0001.jpeg,normal:im-1351,NORMAL,-10.710700988769531,2.2304473516590242e-05,0.0019019093248220822
d:\Pneum Det\archive\chest_xray\chest_xray\train\NORMAL\NORMAL2-IM-1412-0001.jpeg,normal:im-1412,NORMAL,-5.9204020500183105,0.002676935590644316,0.030415778768641114
d:\Pneum Det\archive\chest_xray\chest_xray\train\NORMAL\NORMAL2-IM-1419-0001.jpeg,normal:im-1419,NORMAL,0.7548764944076538,0.6802403331726191,0.6085944177617859
d:\Pneum Det\archive\chest_xray\chest_xray\train\NORMAL\NORMAL2-IM-1422-0001.jpeg,normal:im-1422,NORMAL,-6.9548468589782715,0.0009530907776440704,0.016843742856750783
d:\Pneum Det\archive\chest_xray\chest_xray\train\PNEUMONIA\person1001_bacteria_2932.jpeg,person1001,PNEUMONIA,6.579619884490967,0.9986135479798571,0.9791100931053065
d:\Pneum Det\archive\chest_xray\chest_xray\train\PNEUMONIA\person1009_virus_1694.jpeg,person1009,PNEUMONIA,9.328510284423828,0.9999111533879298,0.9957423397529878
d:\Pneum Det\archive\chest_xray\chest_xray\train\PNEUMONIA\person100_virus_184.jpeg,person100,PNEUMONIA,9.588813781738281,0.9999315140723805,0.9963412893731708
d:\Pneum Det\archive\chest_xray\chest_xray\train\PNEUMONIA\person1015_virus_1701.jpeg,person1015,PNEUMONIA,9.42972183227539,0.9999197049136938,0.9959860256540783
d:\Pneum Det\archive\chest_xray\chest_xray\train\PNEUMONIA\person1015_virus_1702.jpeg,person1015,PNEUMONIA,9.877418518066406,0.9999486820434768,0.9969076853316222
d:\Pneum Det\archive\chest_xray\chest_xray\train\PNEUMONIA\person1019_bacteria_2950.jpeg,person1019,PNEUMONIA,6.9937028884887695,0.9990831989896989,0.9835284119034937
d:\Pneum Det\archive\chest_xray\chest_xray\train\PNEUMONIA\person1019_virus_1707.jpeg,person1019,PNEUMONIA,10.122581481933594,0.999959839299638,0.9973195733715765
d:\Pneum Det\archive\chest_xray\chest_xray\train\PNEUMONIA\person1019_virus_1708.jpeg,person1019,PNEUMONIA,11.213109970092773,0.9999865040843953,0.9985815523289954
d:\Pneum Det\archive\chest_xray\chest_xray\train\PNEUMONIA\person1026_bacteria_2957.jpeg,person1026,PNEUMONIA,7.712752819061279,0.9995531107729078,0.9891208459210056
d:\Pneum Det\archive\chest_xray\chest_xray\train\PNEUMONIA\person1026_virus_1718.jpeg,person1026,PNEUMONIA,9.989967346191406,0.999954144398786,0.9971040741148717
d:\Pneum Det\archive\chest_xray\chest_xray\train\PNEUMONIA\person1031_bacteria_2963.jpeg,person1031,PNEUMONIA,9.461871147155762,0.9999222450936788,0.9960604851874906
d:\Pneum Det\archive\chest_xray\chest_xray\train\PNEUMONIA\person1031_bacteria_2964.jpeg,person1031,PNEUMONIA,10.580586433410645,0.9999745962012373,0.9979480483732565
d:\Pneum Det\archive\chest_xray\chest_xray\train\PNEUMONIA\person1031_virus_1723.jpeg,person1031,PNEUMONIA,9.24243450164795,0.9999031678352599,0.9955235419861891
d:\Pneum Det\archive\chest_xray\chest_xray\train\PNEUMONIA\person1034_bacteria_2968.jpeg,person1034,PNEUMONIA,9.181008338928223,0.9998970339576764,0.9953605916246826
d:\Pneum Det\archive\chest_xray\chest_xray\train\PNEUMONIA\person1034_virus_1728.jpeg,person1034,PNEUMONIA,5.352787971496582,0.9952873821977384,0.9581133215365184
d:\Pneum Det\archive\chest_xray\chest_xray\train\PNEUMONIA\person1042_virus_1737.jpeg,person1042,PNEUMONIA,10.65397834777832,0.9999763938185467,0.9980340762371173
d:\Pneum Det\archive\chest_xray\chest_xray\train\PNEUMONIA\person1043_bacteria_2977.jpeg,person1043,PNEUMONIA,6.488933086395264,0.9984821373760183,0.9779974696850806
d:\Pneum Det\archive\chest_xray\chest_xray\train\PNEUMONIA\person1043_virus_1738.jpeg,person1043,PNEUMONIA,3.745953321456909,0.9769316089635964,0.8993854693444846
d:\Pneum Det\archive\chest_xray\chest_xray\train\PNEUMONIA\person1046_bacteria_2980.jpeg,person1046,PNEUMONIA,8.638599395751953,0.99982289654682,0.9936400159003999
d:\Pneum Det\archive\chest_xray\chest_xray\train\PNEUMONIA\person1046_virus_1742.jpeg,person1046,PNEUMONIA,11.02028751373291,0.9999836339891005,0.9984125243255559
d:\Pneum Det\archive\chest_xray\chest_xray\train\PNEUMONIA\person104_virus_191.jpeg,person104,PNEUMONIA,0.6155133843421936,0.649197451410066,0.589020179573007
d:\Pneum Det\archive\chest_xray\chest_xray\train\PNEUMONIA\person1050_bacteria_2984.jpeg,person1050,PNEUMONIA,12.60830020904541,0.9999966558685462,0.9993721609147087
d:\Pneum Det\archive\chest_xray\chest_xray\train\PNEUMONIA\person1060_virus_1760.jpeg,person1060,PNEUMONIA,11.106201171875,0.9999849813258925,0.998490187282079
d:\Pneum Det\archive\chest_xray\chest_xray\train\PNEUMONIA\person1066_bacteria_3000.jpeg,person1066,PNEUMONIA,8.244714736938477,0.9997374259303098,0.9920059241483856
d:\Pneum Det\archive\chest_xray\chest_xray\train\PNEUMONIA\person1066_virus_1769.jpeg,person1066,PNEUMONIA,7.6644721031188965,0.9995310156680622,0.9888128167589233
d:\Pneum Det\archive\chest_xray\chest_xray\train\PNEUMONIA\person1067_bacteria_3001.jpeg,person1067,PNEUMONIA,4.677313804626465,0.9907817933045956,0.939061758057051
d:\Pneum Det\archive\chest_xray\chest_xray\train\PNEUMONIA\person1067_virus_1770.jpeg,person1067,PNEUMONIA,12.565605163574219,0.9999965099994131,0.9993562994709024
d:\Pneum Det\archive\chest_xray\chest_xray\train\PNEUMONIA\person1074_bacteria_3012.jpeg,person1074,PNEUMONIA,9.072948455810547,0.9998852853912414,0.9950594759664603
d:\Pneum Det\archive\chest_xray\chest_xray\train\PNEUMONIA\person1074_bacteria_3014.jpeg,person1074,PNEUMONIA,7.453662872314453,0.9994210196508952,0.987363731167119
d:\Pneum Det\archive\chest_xray\chest_xray\train\PNEUMONIA\person107_virus_197.jpeg,person107,PNEUMONIA,10.2838716506958,0.9999658212287411,0.9975602290523297
d:\Pneum Det\archive\chest_xray\chest_xray\train\PNEUMONIA\person1080_bacteria_3020.jpeg,person1080,PNEUMONIA,7.884237766265869,0.9996235082144693,0.9901486094210947
d:\Pneum Det\archive\chest_xray\chest_xray\train\PNEUMONIA\person1080_virus_1791.jpeg,person1080,PNEUMONIA,12.562858581542969,0.999996500400698,0.9993552654979233
d:\Pneum Det\archive\chest_xray\chest_xray\train\PNEUMONIA\person1083_bacteria_3023.jpeg,person1083,PNEUMONIA,6.565332889556885,0.9985936256282671,0.9789385346118566
d:\Pneum Det\archive\chest_xray\chest_xray\train\PNEUMONIA\person1083_virus_1795.jpeg,person1083,PNEUMONIA,5.044488430023193,0.9935965124531626,0.9502503775006486
d:\Pneum Det\archive\chest_xray\chest_xray\train\PNEUMONIA\person1084_bacteria_3024.jpeg,person1084,PNEUMONIA,10.798128128051758,0.9999795626932614,0.9981927058387196
d:\Pneum Det\archive\chest_xray\chest_xray\train\PNEUMONIA\person1084_virus_1796.jpeg,person1084,PNEUMONIA,8.845157623291016,0.9998559430269769,0.9943595348527908
d:\Pneum Det\archive\chest_xray\chest_xray\train\PNEUMONIA\person1095_virus_1815.jpeg,person1095,PNEUMONIA,8.405214309692383,0.9997763521815696,0.9927168290575988
d:\Pneum Det\archive\chest_xray\chest_xray\train\PNEUMONIA\person1098_bacteria_3039.jpeg,person1098,PNEUMONIA,3.799391269683838,0.9781056969323545,0.9021780077140813
d:\Pneum Det\archive\chest_xray\chest_xray\train\PNEUMONIA\person1098_virus_1818.jpeg,person1098,PNEUMONIA,10.957204818725586,0.9999825683362639,0.9983529718208244
d:\Pneum Det\archive\chest_xray\chest_xray\train\PNEUMONIA\person1106_virus_1829.jpeg,person1106,PNEUMONIA,8.379596710205078,0.9997705501765003,0.9926077208328136
d:\Pneum Det\archive\chest_xray\chest_xray\train\PNEUMONIA\person1107_bacteria_3048.jpeg,person1107,PNEUMONIA,8.832452774047852,0.9998541013978407,0.9943177144838338
d:\Pneum Det\archive\chest_xray\chest_xray\train\PNEUMONIA\person1107_virus_1831.jpeg,person1107,PNEUMONIA,7.270884037017822,0.9993049865027948,0.9859583878437368
d:\Pneum Det\archive\chest_xray\chest_xray\train\PNEUMONIA\person1107_virus_1832.jpeg,person1107,PNEUMONIA,8.354964256286621,0.9997648294246377,0.9925012789312914
d:\Pneum Det\archive\chest_xray\chest_xray\train\PNEUMONIA\person1110_bacteria_3051.jpeg,person1110,PNEUMONIA,5.875730037689209,0.997201111347898,0.9688043567017363
d:\Pneum Det\archive\chest_xray\chest_xray\train\PNEUMONIA\person1110_virus_1835.jpeg,person1110,PNEUMONIA,11.217844009399414,0.9999865678227432,0.9985854678855692
d:\Pneum Det\archive\chest_xray\chest_xray\train\PNEUMONIA\person1121_virus_1846.jpeg,person1121,PNEUMONIA,6.973412990570068,0.9990644247747947,0.9833350994716377
d:\Pneum Det\archive\chest_xray\chest_xray\train\PNEUMONIA\person1128_bacteria_3069.jpeg,person1128,PNEUMONIA,9.225157737731934,0.9999014805199236,0.9954782951388906
d:\Pneum Det\archive\chest_xray\chest_xray\train\PNEUMONIA\person1136_bacteria_3078.jpeg,person1136,PNEUMONIA,6.449141025543213,0.9984206180132192,0.977491169194725
d:\Pneum Det\archive\chest_xray\chest_xray\train\PNEUMONIA\person1137_virus_1876.jpeg,person1137,PNEUMONIA,4.970042705535889,0.9931050192971043,0.948151638468913
d:\Pneum Det\archive\chest_xray\chest_xray\train\PNEUMONIA\person1138_bacteria_3080.jpeg,person1138,PNEUMONIA,8.7340669631958,0.9998390196027417,0.9939832491827193
d:\Pneum Det\archive\chest_xray\chest_xray\train\PNEUMONIA\person1138_virus_1877.jpeg,person1138,PNEUMONIA,-0.9495578408241272,0.2789737524523031,0.36464814504487597
d:\Pneum Det\archive\chest_xray\chest_xray\train\PNEUMONIA\person1138_virus_1879.jpeg,person1138,PNEUMONIA,5.425421237945557,0.9956160922989334,0.959785026175141
d:\Pneum Det\archive\chest_xray\chest_xray\train\PNEUMONIA\person113_virus_215.jpeg,person113,PNEUMONIA,7.492332458496094,0.9994429689890916,0.9876427615505864
d:\Pneum Det\archive\chest_xray\chest_xray\train\PNEUMONIA\person113_virus_216.jpeg,person113,PNEUMONIA,7.166615962982178,0.999228664859335,0.9850887979909564
d:\Pneum Det\archive\chest_xray\chest_xray\train\PNEUMONIA\person1144_bacteria_3089.jpeg,person1144,PNEUMONIA,6.792238712310791,0.9988788053786832,0.9815071488171918
d:\Pneum Det\archive\chest_xray\chest_xray\train\PNEUMONIA\person1146_bacteria_3091.jpeg,person1146,PNEUMONIA,9.591583251953125,0.9999317034667812,0.9963471879590057
d:\Pneum Det\archive\chest_xray\chest_xray\train\PNEUMONIA\person1156_bacteria_3101.jpeg,person1156,PNEUMONIA,9.285561561584473,0.9999072547722948,0.9956345319772124
d:\Pneum Det\archive\chest_xray\chest_xray\train\PNEUMONIA\person1156_virus_1935.jpeg,person1156,PNEUMONIA,10.250202178955078,0.9999646508965729,0.9975118397162329
d:\Pneum Det\archive\chest_xray\chest_xray\train\PNEUMONIA\person1156_virus_1936.jpeg,person1156,PNEUMONIA,1.179497480392456,0.7648574373713702,0.665900484153528
d:\Pneum Det\archive\chest_xray\chest_xray\train\PNEUMONIA\person1159_bacteria_3104.jpeg,person1159,PNEUMONIA,10.936753273010254,0.9999822081676907,0.9983331900051827
d:\Pneum Det\archive\chest_xray\chest_xray\train\PNEUMONIA\person1159_virus_1944.jpeg,person1159,PNEUMONIA,6.879395961761475,0.9989722919992042,0.9824098507115511
d:\Pneum Det\archive\chest_xray\chest_xray\train\PNEUMONIA\person1159_virus_1945.jpeg,person1159,PNEUMONIA,6.879395961761475,0.9989722919992042,0.9824098507115511
d:\Pneum Det\archive\chest_xray\chest_xray\train\PNEUMONIA\person1159_virus_1946.jpeg,person1159,PNEUMONIA,7.84380578994751,0.999607980073569,0.989915301995286
d:\Pneum Det\archive\chest_xray\chest_xray\train\PNEUMONIA\person1162_bacteria_3107.jpeg,person1162,PNEUMONIA,10.964496612548828,0.9999826949798716,0.9983599680023828
d:\Pneum Det\archive\chest_xray\chest_xray\train\PNEUMONIA\person1162_virus_1949.jpeg,person1162,PNEUMONIA,4.301334857940674,0.9866307011394017,0.9251984579148191
d:\Pneum Det\archive\chest_xray\chest_xray\train\PNEUMONIA\person1162_virus_1950.jpeg,person1162,PNEUMONIA,7.472157955169678,0.9994316234923523,0.9874979548327506
d:\Pneum Det\archive\chest_xray\chest_xray\train\PNEUMONIA\person1169_virus_1968.jpeg,person1169,PNEUMONIA,1.8792494535446167,0.8675248933577056,0.7500493449314182
d:\Pneum Det\archive\chest_xray\chest_xray\train\PNEUMONIA\person1172_bacteria_3119.jpeg,person1172,PNEUMONIA,8.332648277282715,0.9997595236433883,0.9924035344718338
d:\Pneum Det\archive\chest_xray\chest_xray\train\PNEUMONIA\person1172_virus_1977.jpeg,person1172,PNEUMONIA,9.159229278564453,0.9998947670945381,0.9953014097467858
d:\Pneum Det\archive\chest_xray\chest_xray\train\PNEUMONIA\person1181_bacteria_3129.jpeg,person1181,PNEUMONIA,2.639896869659424,0.9333855523801335,0.8239958219052251
d:\Pneum Det\archive\chest_xray\chest_xray\train\PNEUMONIA\person1181_virus_2016.jpeg,person1181,PNEUMONIA,5.737581729888916,0.9967877996213539,0.9662682894997118
d:\Pneum Det\archive\chest_xray\chest_xray\train\PNEUMONIA\person1188_bacteria_3137.jpeg,person1188,PNEUMONIA,9.333541870117188,0.9999115992650782,0.995754795036088
d:\Pneum Det\archive\chest_xray\chest_xray\train\PNEUMONIA\person1188_virus_2024.jpeg,person1188,PNEUMONIA,7.908906936645508,0.9996326789604628,0.9902883264005815
d:\Pneum Det\archive\chest_xray\chest_xray\train\PNEUMONIA\person1192_bacteria_3141.jpeg,person1192,PNEUMONIA,9.889131546020508,0.9999492795952466,0.9969287276994308
d:\Pneum Det\archive\chest_xray\chest_xray\train\PNEUMONIA\person1198_bacteria_3148.jpeg,person1198,PNEUMONIA,11.123844146728516,0.9999852439723271,0.9985056601630174
d:\Pneum Det\archive\chest_xray\chest_xray\train\PNEUMONIA\person1201_bacteria_3151.jpeg,person1201,PNEUMONIA,11.81411075592041,0.9999926006481933,0.9990014456763985
d:\Pneum Det\archive\chest_xray\chest_xray\train\PNEUMONIA\person1204_bacteria_3156.jpeg,person1204,PNEUMONIA,12.203859329223633,0.9999949889462734,0.9992047871252451
d:\Pneum Det\archive\chest_xray\chest_xray\train\PNEUMONIA\person1207_bacteria_3159.jpeg,person1207,PNEUMONIA,12.371524810791016,0.9999957624659435,0.9992789971305751
d:\Pneum Det\archive\chest_xray\chest_xray\train\PNEUMONIA\person1212_bacteria_3164.jpeg,person1212,PNEUMONIA,10.172348022460938,0.9999617889659362,0.9973962511237008
d:\Pneum Det\archive\chest_xray\chest_xray\train\PNEUMONIA\person1212_virus_2057.jpeg,person1212,PNEUMONIA,9.425573348999023,0.9999193711458921,0.9959763159977727
d:\Pneum Det\archive\chest_xray\chest_xray\train\PNEUMONIA\person1220_bacteria_3173.jpeg,person1220,PNEUMONIA,7.700926303863525,0.9995477966588441,0.9890461778248344
d:\Pneum Det\archive\chest_xray\chest_xray\train\PNEUMONIA\person1220_bacteria_3174.jpeg,person1220,PNEUMONIA,7.426406383514404,0.9994050311634968,0.9871633267364993
d:\Pneum Det\archive\chest_xray\chest_xray\train\PNEUMONIA\person1220_virus_2068.jpeg,person1220,PNEUMONIA,5.856560707092285,0.9971470955228527,0.9684638037595434
d:\Pneum Det\archive\chest_xray\chest_xray\train\PNEUMONIA\person1222_bacteria_3177.jpeg,person1222,PNEUMONIA,12.332796096801758,0.9999955951330426,0.9992624949791858
d:\Pneum Det\archive\chest_xray\chest_xray\train\PNEUMONIA\person1222_virus_2071.jpeg,person1222,PNEUMONIA,10.765037536621094,0.9999788751114767,0.998157460236463
d:\Pneum Det\archive\chest_xray\chest_xray\train\PNEUMONIA\person1236_bacteria_3192.jpeg,person1236,PNEUMONIA,8.69268798828125,0.9998322198023565,0.9938368004667957
d:\Pneum Det\archive\chest_xray\chest_xray\train\PNEUMONIA\person1236_virus_2096.jpeg,person1236,PNEUMONIA,10.85760498046875,0.999980742774902,0.9982543727086358
d:\Pneum Det\archive\chest_xray\chest_xray\train\PNEUMONIA\person1240_bacteria_3196.jpeg,person1240,PNEUMONIA,9.347590446472168,0.9999128323792683,0.9957893794103132
d:\Pneum Det\archive\chest_xray\chest_xray\train\PNEUMONIA\person1242_bacteria_3198.jpeg,person1242,PNEUMONIA,11.08857536315918,0.9999847142670114,0.9984745697232719
d:\Pneum Det\archive\chest_xray\chest_xray\train\PNEUMONIA\person1242_virus_2108.jpeg,person1242,PNEUMONIA,8.255010604858398,0.9997401147898457,0.9920535259861349
d:\Pneum Det\archive\chest_xray\chest_xray\train\PNEUMONIA\person1242_virus_2109.jpeg,person1242,PNEUMONIA,12.335989952087402,0.9999956091790462,0.9992638700307155
d:\Pneum Det\archive\chest_xray\chest_xray\train\PNEUMONIA\person1248_bacteria_3204.jpeg,person1248,PNEUMONIA,8.179868698120117,0.9997198397781601,0.99169954745315
d:\Pneum Det\archive\chest_xray\chest_xray\train\PNEUMONIA\person1248_virus_2117.jpeg,person1248,PNEUMONIA,10.828197479248047,0.9999801680703667,0.9982241494603915
d:\Pneum Det\archive\chest_xray\chest_xray\train\PNEUMONIA\person1253_bacteria_3211.jpeg,person1253,PNEUMONIA,7.155604839324951,0.999220131320648,0.9849939253951074
d:\Pneum Det\archive\chest_xray\chest_xray\train\PNEUMONIA\person1253_virus_2129.jpeg,person1253,PNEUMONIA,9.493243217468262,0.9999246463786701,0.9961318180084497
d:\Pneum Det\archive\chest_xray\chest_xray\train\PNEUMONIA\person1257_bacteria_3215.jpeg,person1257,PNEUMONIA,8.249282836914062,0.9997386223466427,0.9920270790756346
d:\Pneum Det\archive\chest_xray\chest_xray\train\PNEUMONIA\person125_virus_254.jpeg,person125,PNEUMONIA,9.087918281555176,0.9998869896666971,0.9951023231365402
d:\Pneum Det\archive\chest_xray\chest_xray\train\PNEUMONIA\person1262_bacteria_3220.jpeg,person1262,PNEUMONIA,9.474319458007812,0.9999232069375076,0.9960889452379962
d:\Pneum Det\archive\chest_xray\chest_xray\train\PNEUMONIA\person1266_bacteria_3224.jpeg,person1266,PNEUMONIA,7.195220470428467,0.9992503996438166,0.9853325044227694
d:\Pneum Det\archive\chest_xray\chest_xray\train\PNEUMONIA\person1266_bacteria_3225.jpeg,person1266,PNEUMONIA,9.779583930969238,0.999943407864134,0.9967262182727135
d:\Pneum Det\archive\chest_xray\chest_xray\train\PNEUMONIA\person1266_virus_2158.jpeg,person1266,PNEUMONIA,8.988420486450195,0.9998751684495383,0.994810444063227
d:\Pneum Det\archive\chest_xray\chest_xray\train\PNEUMONIA\person1274_bacteria_3235.jpeg,person1274,PNEUMONIA,8.279424667358398,0.9997463812285676,0.9921652808171327
d:\Pneum Det\archive\chest_xray\chest_xray\train\PNEUMONIA\person1274_bacteria_3236.jpeg,person1274,PNEUMONIA,11.1292142868042,0.999985323000713,0.9985103382674057
d:\Pneum Det\archive\chest_xray\chest_xray\train\PNEUMONIA\person1274_virus_2193.jpeg,person1274,PNEUMONIA,9.844059944152832,0.9999469413686617,0.9968469660968895
d:\Pneum Det\archive\chest_xray\chest_xray\train\PNEUMONIA\person1277_bacteria_3240.jpeg,person1277,PNEUMONIA,6.548412799835205,0.9985696615182963,0.9787335742009883
d:\Pneum Det\archive\chest_xray\chest_xray\train\PNEUMONIA\person1282_bacteria_3245.jpeg,person1282,PNEUMONIA,9.06956672668457,0.9998848968455525,0.9950497451306937
d:\Pneum Det\archive\chest_xray\chest_xray\train\PNEUMONIA\person1289_bacteria_3252.jpeg,person1289,PNEUMONIA,12.275782585144043,0.9999953367001982,0.999237512533205
d:\Pneum Det\archive\chest_xray\chest_xray\train\PNEUMONIA\person1291_virus_2217.jpeg,person1291,PNEUMONIA,6.733946323394775,0.9988115857747294,0.9808781967308662
d:\Pneum Det\archive\chest_xray\chest_xray\train\PNEUMONIA\person1302_bacteria_3266.jpeg,person1302,PNEUMONIA,8.135422706604004,0.9997071106422495,0.9914828571966265
d:\Pneum Det\archive\chest_xray\chest_xray\train\PNEUMONIA\person1304_bacteria_3269.jpeg,person1304,PNEUMONIA,6.552693843841553,0.9985757630693676,0.9787856160062273
d:\Pneum Det\archive\chest_xray\chest_xray\train\PNEUMONIA\person1305_bacteria_3271.jpeg,person1305,PNEUMONIA,9.833252906799316,0.9999463648833673,0.996827041382705
d:\Pneum Det\archive\chest_xray\chest_xray\train\PNEUMONIA\person130_virus_263.jpeg,person130,PNEUMONIA,4.653203010559082,0.9905589577955739,0.9382499579509244
d:\Pneum Det\archive\chest_xray\chest_xray\train\PNEUMONIA\person1316_bacteria_3326.jpeg,person1316,PNEUMONIA,10.345064163208008,0.9999678499423391,0.9976457831880159
d:\Pneum Det\archive\chest_xray\chest_xray\train\PNEUMONIA\person1316_virus_2271.jpeg,person1316,PNEUMONIA,11.059779167175293,0.9999842677041758,0.9984487067280245
d:\Pneum Det\archive\chest_xray\chest_xray\train\PNEUMONIA\person1322_bacteria_3360.jpeg,person1322,PNEUMONIA,11.773185729980469,0.999992291550079,0.9989772862208457
d:\Pneum Det\archive\chest_xray\chest_xray\train\PNEUMONIA\person1327_bacteria_3373.jpeg,person1327,PNEUMONIA,10.357599258422852,0.9999682504183315,0.9976629358413227
d:\Pneum Det\archive\chest_xray\chest_xray\train\PNEUMONIA\person1327_bacteria_3374.jpeg,person1327,PNEUMONIA,8.303770065307617,0.9997524796151535,0.9922751684694512
d:\Pneum Det\archive\chest_xray\chest_xray\train\PNEUMONIA\person1329_bacteria_3377.jpeg,person1329,PNEUMONIA,8.985612869262695,0.9998748175218006,0.9948019615349011
d:\Pneum Det\archive\chest_xray\chest_xray\train\PNEUMONIA\person1331_bacteria_3380.jpeg,person1331,PNEUMONIA,10.507950782775879,0.9999726823651957,0.9978592089302617
d:\Pneum Det\archive\chest_xray\chest_xray\train\PNEUMONIA\person1331_virus_2299.jpeg,person1331,PNEUMONIA,3.0738937854766846,0.9558029524371424,0.857836267324362
d:\Pneum Det\archive\chest_xray\chest_xray\train\PNEUMONIA\person1339_bacteria_3399.jpeg,person1339,PNEUMONIA,10.212686538696289,0.9999632996123304,0.9974567943054513
d:\Pneum Det\archive\chest_xray\chest_xray\train\PNEUMONIA\person1339_bacteria_3402.jpeg,person1339,PNEUMONIA,11.91513442993164,0.9999933116350669,0.9990586706442603
d:\Pneum Det\archive\chest_xray\chest_xray\train\PNEUMONIA\person1345_bacteria_3422.jpeg,person1345,PNEUMONIA,4.731899738311768,0.9912672144149995,0.9408629020871541
d:\Pneum Det\archive\chest_xray\chest_xray\train\PNEUMONIA\person1345_bacteria_3424.jpeg,person1345,PNEUMONIA,7.810345649719238,0.999594646521614,0.9897180952596069
d:\Pneum Det\archive\chest_xray\chest_xray\train\PNEUMONIA\person1345_bacteria_3425.jpeg,person1345,PNEUMONIA,8.408522605895996,0.9997770906875972,0.9927308024042656
d:\Pneum Det\archive\chest_xray\chest_xray\train\PNEUMONIA\person1345_bacteria_3426.jpeg,person1345,PNEUMONIA,2.708395004272461,0.937520200263319,0.8297295062900257
d:\Pneum Det\archive\chest_xray\chest_xray\train\PNEUMONIA\person1345_bacteria_3427.jpeg,person1345,PNEUMONIA,7.823277950286865,0.9995998528396048,0.9897947638578143
d:\Pneum Det\archive\chest_xray\chest_xray\train\PNEUMONIA\person1345_bacteria_3428.jpeg,person1345,PNEUMONIA,7.600379467010498,0.9994999885718413,0.9883905517427796
d:\Pneum Det\archive\chest_xray\chest_xray\train\PNEUMONIA\person1345_virus_2321.jpeg,person1345,PNEUMONIA,5.850989818572998,0.9971312036797015,0.9683641613798871
d:\Pneum Det\archive\chest_xray\chest_xray\train\PNEUMONIA\person1346_bacteria_3430.jpeg,person1346,PNEUMONIA,10.90565299987793,0.9999816461528941,0.9983026526432129
d:\Pneum Det\archive\chest_xray\chest_xray\train\PNEUMONIA\person1346_virus_2322.jpeg,person1346,PNEUMONIA,5.497103214263916,0.9959181030703446,0.9613720493618655
d:\Pneum Det\archive\chest_xray\chest_xray\train\PNEUMONIA\person134_virus_268.jpeg,person134,PNEUMONIA,9.686195373535156,0.9999378685034612,0.9965431068220869
d:\Pneum Det\archive\chest_xray\chest_xray\train\PNEUMONIA\person1352_bacteria_3442.jpeg,person1352,PNEUMONIA,8.239561080932617,0.9997360695789514,0.991981990655806
d:\Pneum Det\archive\chest_xray\chest_xray\train\PNEUMONIA\person1352_bacteria_3443.jpeg,person1352,PNEUMONIA,8.42955493927002,0.9997817290188004,0.9928190169544213
d:\Pneum Det\archive\chest_xray\chest_xray\train\PNEUMONIA\person1352_bacteria_3444.jpeg,person1352,PNEUMONIA,9.917115211486816,0.9999506791938009,0.9969784240331884
d:\Pneum Det\archive\chest_xray\chest_xray\train\PNEUMONIA\person1352_bacteria_3445.jpeg,person1352,PNEUMONIA,7.588371753692627,0.9994939514427497,0.9883097064806798
d:\Pneum Det\archive\chest_xray\chest_xray\train\PNEUMONIA\person1355_bacteria_3449.jpeg,person1355,PNEUMONIA,8.999044418334961,0.9998764874686342,0.9948424172218995
d:\Pneum Det\archive\chest_xray\chest_xray\train\PNEUMONIA\person1355_bacteria_3452.jpeg,person1355,PNEUMONIA,6.466495037078857,0.9984477479934941,0.9777133603438467
d:\Pneum Det\archive\chest_xray\chest_xray\train\PNEUMONIA\person1355_virus_2336.jpeg,person1355,PNEUMONIA,0.2214108258485794,0.5551276810260207,0.5323218987674273
d:\Pneum Det\archive\chest_xray\chest_xray\train\PNEUMONIA\person1362_virus_2345.jpeg,person1362,PNEUMONIA,0.5498331189155579,0.6340968724570876,0.579692289564912
d:\Pneum Det\archive\chest_xray\chest_xray\train\PNEUMONIA\person137_virus_281.jpeg,person137,PNEUMONIA,7.249433994293213,0.9992899280950069,0.9857836780405503
d:\Pneum Det\archive\chest_xray\chest_xray\train\PNEUMONIA\person1380_bacteria_3515.jpeg,person1380,PNEUMONIA,10.237171173095703,0.9999641872644597,0.997492855800371
d:\Pneum Det\archive\chest_xray\chest_xray\train\PNEUMONIA\person1381_bacteria_3516.jpeg,person1381,PNEUMONIA,7.715193271636963,0.999554199569559,0.9891361912358235
d:\Pneum Det\archive\chest_xray\chest_xray\train\PNEUMONIA\person1381_bacteria_3517.jpeg,person1381,PNEUMONIA,7.08685827255249,0.9991646785549596,0.9843880172045589
d:\Pneum Det\archive\chest_xray\chest_xray\train\PNEUMONIA\person1381_virus_2375.jpeg,person1381,PNEUMONIA,10.964618682861328,0.9999826970921353,0.9983600848710622
d:\Pneum Det\archive\chest_xray\chest_xray\train\PNEUMONIA\person1388_bacteria_3529.jpeg,person1388,PNEUMONIA,4.212868690490723,0.9854121169504169,0.921538746574266
d:\Pneum Det\archive\chest_xray\chest_xray\train\PNEUMONIA\person1389_bacteria_3531.jpeg,person1389,PNEUMONIA,9.806510925292969,0.9999449113039112,0.9967771965520614
d:\Pneum Det\archive\chest_xray\chest_xray\train\PNEUMONIA\person1389_virus_2387.jpeg,person1389,PNEUMONIA,9.32758903503418,0.9999110715076112,0.9957400553368254
d:\Pneum Det\archive\chest_xray\chest_xray\train\PNEUMONIA\person1400_bacteria_3550.jpeg,person1400,PNEUMONIA,11.39847183227539,0.9999887875192209,0.998727071701288
d:\Pneum Det\archive\chest_xray\chest_xray\train\PNEUMONIA\person1400_bacteria_3551.jpeg,person1400,PNEUMONIA,9.51034164428711,0.9999259237598828,0.9961701526461437
d:\Pneum Det\archive\chest_xray\chest_xray\train\PNEUMONIA\person1400_bacteria_3553.jpeg,person1400,PNEUMONIA,8.716062545776367,0.9998360954749078,0.993919957786392
d:\Pneum Det\archive\chest_xray\chest_xray\train\PNEUMONIA\person1400_bacteria_3554.jpeg,person1400,PNEUMONIA,10.33797836303711,0.9999676213318435,0.997636031684906
d:\Pneum Det\archive\chest_xray\chest_xray\train\PNEUMONIA\person1401_bacteria_3555.jpeg,person1401,PNEUMONIA,13.589330673217773,0.9999987462003873,0.9996461374321848
d:\Pneum Det\archive\chest_xray\chest_xray\train\PNEUMONIA\person1402_virus_2405.jpeg,person1402,PNEUMONIA,7.488943576812744,0.9994410791315403,0.987618553406382
d:\Pneum Det\archive\chest_xray\chest_xray\train\PNEUMONIA\person1406_bacteria_3574.jpeg,person1406,PNEUMONIA,8.111217498779297,0.9996999368504491,0.9913624988084013
d:\Pneum Det\archive\chest_xray\chest_xray\train\PNEUMONIA\person1406_bacteria_3575.jpeg,person1406,PNEUMONIA,11.126054763793945,0.9999852765557455,0.9985075876774955
d:\Pneum Det\archive\chest_xray\chest_xray\train\PNEUMONIA\person1406_virus_2409.jpeg,person1406,PNEUMONIA,8.595312118530273,0.9998150633219542,0.9934780414112149
d:\Pneum Det\archive\chest_xray\chest_xray\train\PNEUMONIA\person1408_bacteria_3579.jpeg,person1408,PNEUMONIA,9.319829940795898,0.9999103788812956,0.9957207666712842
d:\Pneum Det\archive\chest_xray\chest_xray\train\PNEUMONIA\person1408_bacteria_3581.jpeg,person1408,PNEUMONIA,11.351160049438477,0.9999882442938469,0.9986914109995533
d:\Pneum Det\archive\chest_xray\chest_xray\train\PNEUMONIA\person1408_virus_2411.jpeg,person1408,PNEUMONIA,7.851837158203125,0.9996111147010502,0.9899620771961203
d:\Pneum Det\archive\chest_xray\chest_xray\train\PNEUMONIA\person1414_bacteria_3627.jpeg,person1414,PNEUMONIA,9.671606063842773,0.9999369554608276,0.996513593250087
d:\Pneum Det\archive\chest_xray\chest_xray\train\PNEUMONIA\person1414_bacteria_3628.jpeg,person1414,PNEUMONIA,10.619808197021484,0.9999755732722124,0.9979944801987272
d:\Pneum Det\archive\chest_xray\chest_xray\train\PNEUMONIA\person1414_virus_2424.jpeg,person1414,PNEUMONIA,8.631070137023926,0.999821558295345,0.993612132510913
d:\Pneum Det\archive\chest_xray\chest_xray\train\PNEUMONIA\person1420_bacteria_3647.jpeg,person1420,PNEUMONIA,7.888309001922607,0.9996250373117436,0.9901718037355908
d:\Pneum Det\archive\chest_xray\chest_xray\train\PNEUMONIA\person1420_virus_2431.jpeg,person1420,PNEUMONIA,8.777531623840332,0.9998458656248483,0.9941333557785571
d:\Pneum Det\archive\chest_xray\chest_xray\train\PNEUMONIA\person1426_bacteria_3667.jpeg,person1426,PNEUMONIA,6.663946628570557,0.9987255262302459,0.9800951713797703
d:\Pneum Det\archive\chest_xray\chest_xray\train\PNEUMONIA\person1426_bacteria_3668.jpeg,person1426,PNEUMONIA,13.112447738647461,0.999997980074157,0.9995323836764793
d:\Pneum Det\archive\chest_xray\chest_xray\train\PNEUMONIA\person1426_virus_2439.jpeg,person1426,PNEUMONIA,8.551554679870605,0.999806792903527,0.9933101429178844
d:\Pneum Det\archive\chest_xray\chest_xray\train\PNEUMONIA\person142_virus_288.jpeg,person142,PNEUMONIA,7.395111560821533,0.9993861289206794,0.9869293596204112
d:\Pneum Det\archive\chest_xray\chest_xray\train\PNEUMONIA\person1438_bacteria_3715.jpeg,person1438,PNEUMONIA,11.580729484558105,0.9999906556514351,0.9988556062303533
d:\Pneum Det\archive\chest_xray\chest_xray\train\PNEUMONIA\person1438_bacteria_3718.jpeg,person1438,PNEUMONIA,5.782125473022461,0.9969273131057781,0.9671070152748926
d:\Pneum Det\archive\chest_xray\chest_xray\train\PNEUMONIA\person1438_bacteria_3721.jpeg,person1438,PNEUMONIA,9.82585620880127,0.9999459667112799,0.996813331942642
d:\Pneum Det\archive\chest_xray\chest_xray\train\PNEUMONIA\person1438_virus_2452.jpeg,person1438,PNEUMONIA,7.851058483123779,0.9996108118857292,0.9899575515600634
d:\Pneum Det\archive\chest_xray\chest_xray\train\PNEUMONIA\person1440_bacteria_3723.jpeg,person1440,PNEUMONIA,5.757421970367432,0.9968507036629884,0.9666443860060061
d:\Pneum Det\archive\chest_xray\chest_xray\train\PNEUMONIA\person1453_bacteria_3770.jpeg,person1453,PNEUMONIA,3.7067034244537354,0.9760303076306552,0.8972894796556374
d:\Pneum Det\archive\chest_xray\chest_xray\train\PNEUMONIA\person1453_bacteria_3771.jpeg,person1453,PNEUMONIA,11.258455276489258,0.9999871023853454,0.9986186173599765
d:\Pneum Det\archive\chest_xray\chest_xray\train\PNEUMONIA\person1453_bacteria_3772.jpeg,person1453,PNEUMONIA,9.332111358642578,0.9999114727275223,0.9957512576165158
d:\Pneum Det\archive\chest_xray\chest_xray\train\PNEUMONIA\person1453_virus_2485.jpeg,person1453,PNEUMONIA,5.329830646514893,0.995178469345924,0.9575712574625052
d:\Pneum Det\archive\chest_xray\chest_xray\train\PNEUMONIA\person1461_virus_2510.jpeg,person1461,PNEUMONIA,-9.163585662841797,0.00010477551552637949,0.004686692510281154
d:\Pneum Det\archive\chest_xray\chest_xray\train\PNEUMONIA\person146_virus_296.jpeg,person146,PNEUMONIA,7.139527320861816,0.9992075016493435,0.984854331890596
d:\Pneum Det\archive\chest_xray\chest_xray\train\PNEUMONIA\person1470_bacteria_3829.jpeg,person1470,PNEUMONIA,8.678617477416992,0.9998298427671289,0.993786199253089
d:\Pneum Det\archive\chest_xray\chest_xray\train\PNEUMONIA\person1470_bacteria_3830.jpeg,person1470,PNEUMONIA,6.5640177726745605,0.9985917774711566,0.9789226735458424
d:\Pneum Det\archive\chest_xray\chest_xray\train\PNEUMONIA\person1476_bacteria_3842.jpeg,person1476,PNEUMONIA,9.156538009643555,0.9998944835329745,0.9952940445917429
d:\Pneum Det\archive\chest_xray\chest_xray\train\PNEUMONIA\person1476_bacteria_3843.jpeg,person1476,PNEUMONIA,6.497229099273682,0.9984946586183162,0.9781016143699728
d:\Pneum Det\archive\chest_xray\chest_xray\train\PNEUMONIA\person1476_virus_2560.jpeg,person1476,PNEUMONIA,2.5452117919921875,0.9272511792601293,0.8158216847073397
d:\Pneum Det\archive\chest_xray\chest_xray\train\PNEUMONIA\person1481_bacteria_3862.jpeg,person1481,PNEUMONIA,11.623684883117676,0.9999910485393207,0.998883961219166
d:\Pneum Det\archive\chest_xray\chest_xray\train\PNEUMONIA\person1481_bacteria_3863.jpeg,person1481,PNEUMONIA,11.623684883117676,0.9999910485393207,0.998883961219166
d:\Pneum Det\archive\chest_xray\chest_xray\train\PNEUMONIA\person1481_bacteria_3864.jpeg,person1481,PNEUMONIA,9.958114624023438,0.9999526603318963,0.9970497908861569
d:\Pneum Det\archive\chest_xray\chest_xray\train\PNEUMONIA\person1481_bacteria_3865.jpeg,person1481,PNEUMONIA,9.958114624023438,0.9999526603318963,0.9970497908861569
d:\Pneum Det\archive\chest_xray\chest_xray\train\PNEUMONIA\person1481_bacteria_3866.jpeg,person1481,PNEUMONIA,8.481797218322754,0.999792836951913,0.9930335614681123
d:\Pneum Det\archive\chest_xray\chest_xray\train\PNEUMONIA\person1481_bacteria_3867.jpeg,person1481,PNEUMONIA,8.481797218322754,0.999792836951913,0.9930335614681123
d:\Pneum Det\archive\chest_xray\chest_xray\train\PNEUMONIA\person1481_bacteria_3868.jpeg,person1481,PNEUMONIA,13.000627517700195,0.9999977410936475,0.9995008021625612
d:\Pneum Det\archive\chest_xray\chest_xray\train\PNEUMONIA\person1481_virus_2567.jpeg,person1481,PNEUMONIA,3.1840946674346924,0.9602313246392273,0.865515095691233
d:\Pneum Det\archive\chest_xray\chest_xray\train\PNEUMONIA\person1484_bacteria_3878.jpeg,person1484,PNEUMONIA,10.666891098022461,0.999976696672621,0.9980488354331079
d:\Pneum Det\archive\chest_xray\chest_xray\train\PNEUMONIA\person1484_virus_2576.jpeg,person1484,PNEUMONIA,9.093806266784668,0.999887653040231,0.9951190744369783
d:\Pneum Det\archive\chest_xray\chest_xray\train\PNEUMONIA\person1484_virus_2577.jpeg,person1484,PNEUMONIA,7.001492023468018,0.9990903058661709,0.9836020359225818
d:\Pneum Det\archive\chest_xray\chest_xray\train\PNEUMONIA\person1489_bacteria_3889.jpeg,person1489,PNEUMONIA,11.218381881713867,0.9999865750454997,0.9985859120800852
d:\Pneum Det\archive\chest_xray\chest_xray\train\PNEUMONIA\person1489_virus_2594.jpeg,person1489,PNEUMONIA,-6.223360538482666,0.0019786486895754973,0.02560427239219882
d:\Pneum Det\archive\chest_xray\chest_xray\train\PNEUMONIA\person1493_bacteria_3895.jpeg,person1493,PNEUMONIA,11.475744247436523,0.9999896212968581,0.9987832397063676
d:\Pneum Det\archive\chest_xray\chest_xray\train\PNEUMONIA\person1493_bacteria_3896.jpeg,person1493,PNEUMONIA,8.449846267700195,0.9997861124563701,0.9929031160567727
d:\Pneum Det\archive\chest_xray\chest_xray\train\PNEUMONIA\person1493_bacteria_3897.jpeg,person1493,PNEUMONIA,12.934473991394043,0.9999975866057644,0.9994811236954887
d:\Pneum Det\archive\chest_xray\chest_xray\train\PNEUMONIA\person1493_bacteria_3898.jpeg,person1493,PNEUMONIA,11.010738372802734,0.9999834769617936,0.9984036496055851
d:\Pneum Det\archive\chest_xray\chest_xray\train\PNEUMONIA\person1493_bacteria_3899.jpeg,person1493,PNEUMONIA,9.608154296875,0.9999328258107877,0.9963822845437522
d:\Pneum Det\archive\chest_xray\chest_xray\train\PNEUMONIA\person1501_virus_2611.jpeg,person1501,PNEUMONIA,12.109748840332031,0.9999944944525451,0.9991598376182989
d:\Pneum Det\archive\chest_xray\chest_xray\train\PNEUMONIA\person1504_bacteria_3931.jpeg,person1504,PNEUMONIA,8.592828750610352,0.9998146035706574,0.9934686257098955
d:\Pneum Det\archive\chest_xray\chest_xray\train\PNEUMONIA\person1504_virus_2614.jpeg,person1504,PNEUMONIA,7.82733678817749,0.9996014730345221,0.9898187096496955
d:\Pneum Det\archive\chest_xray\chest_xray\train\PNEUMONIA\person1505_virus_2615.jpeg,person1505,PNEUMONIA,9.62307357788086,0.9999338204966197,0.9964135952594244
d:\Pneum Det\archive\chest_xray\chest_xray\train\PNEUMONIA\person1512_bacteria_3958.jpeg,person1512,PNEUMONIA,7.936942100524902,0.9996428302268198,0.9904447263352774
d:\Pneum Det\archive\chest_xray\chest_xray\train\PNEUMONIA\person1512_virus_2631.jpeg,person1512,PNEUMONIA,1.2090811729431152,0.7701363328098783,0.6697379649844981
d:\Pneum Det\archive\chest_xray\chest_xray\train\PNEUMONIA\person1513_bacteria_3962.jpeg,person1513,PNEUMONIA,9.875967025756836,0.9999486075056032,0.9969050677478507
d:\Pneum Det\archive\chest_xray\chest_xray\train\PNEUMONIA\person1513_virus_2632.jpeg,person1513,PNEUMONIA,4.179609298706055,0.9849262107140839,0.9201209677713382
d:\Pneum Det\archive\chest_xray\chest_xray\train\PNEUMONIA\person1520_bacteria_3971.jpeg,person1520,PNEUMONIA,12.155147552490234,0.9999947388073307,0.9991818295608091
d:\Pneum Det\archive\chest_xray\chest_xray\train\PNEUMONIA\person1520_virus_2647.jpeg,person1520,PNEUMONIA,13.852916717529297,0.9999990367161193,0.9996966675459495
d:\Pneum Det\archive\chest_xray\chest_xray\train\PNEUMONIA\person1521_virus_2649.jpeg,person1521,PNEUMONIA,7.580605983734131,0.9994900082993048,0.9882571252952241
d:\Pneum Det\archive\chest_xray\chest_xray\train\PNEUMONIA\person1529_virus_2663.jpeg,person1529,PNEUMONIA,10.348965644836426,0.99996797512682,0.9976511352788704
d:\Pneum Det\archive\chest_xray\chest_xray\train\PNEUMONIA\person1534_virus_2670.jpeg,person1534,PNEUMONIA,11.081329345703125,0.999984603105777,0.9984681026114367
d:\Pneum Det\archive\chest_xray\chest_xray\train\PNEUMONIA\person1542_bacteria_4029.jpeg,person1542,PNEUMONIA,11.00019645690918,0.9999833018588845,0.9983937946892532
d:\Pneum Det\archive\chest_xray\chest_xray\train\PNEUMONIA\person1542_virus_2683.jpeg,person1542,PNEUMONIA,9.59158992767334,0.999931703922677,0.9963472021659068
d:\Pneum Det\archive\chest_xray\chest_xray\train\PNEUMONIA\person1543_virus_2684.jpeg,person1543,PNEUMONIA,8.28169059753418,0.9997469551151354,0.9921755736484084
d:\Pneum Det\archive\chest_xray\chest_xray\train\PNEUMONIA\person1554_bacteria_4057.jpeg,person1554,PNEUMONIA,9.006125450134277,0.9998773588686882,0.9948636189639743
d:\Pneum Det\archive\chest_xray\chest_xray\train\PNEUMONIA\person1554_virus_2696.jpeg,person1554,PNEUMONIA,8.712544441223145,0.999835517921146,0.9939075134383769
d:\Pneum Det\archive\chest_xray\chest_xray\train\PNEUMONIA\person1558_bacteria_4066.jpeg,person1558,PNEUMONIA,14.205240249633789,0.9999993227605454,0.999753128579751
d:\Pneum Det\archive\chest_xray\chest_xray\train\PNEUMONIA\person1562_bacteria_4078.jpeg,person1562,PNEUMONIA,12.425592422485352,0.9999959854947237,0.9993014198138954
d:\Pneum Det\archive\chest_xray\chest_xray\train\PNEUMONIA\person1562_bacteria_4081.jpeg,person1562,PNEUMONIA,10.80981159210205,0.9999798000775411,0.9982049887578958
d:\Pneum Det\archive\chest_xray\chest_xray\train\PNEUMONIA\person1562_bacteria_4087.jpeg,person1562,PNEUMONIA,11.734782218933105,0.9999919897631595,0.9989540845090292
d:\Pneum Det\archive\chest_xray\chest_xray\train\PNEUMONIA\person1562_bacteria_4089.jpeg,person1562,PNEUMONIA,9.436274528503418,0.9999202293010796,0.9960013149267515
d:\Pneum Det\archive\chest_xray\chest_xray\train\PNEUMONIA\person1563_bacteria_4092.jpeg,person1563,PNEUMONIA,10.606451034545898,0.9999752448198048,0.9979787865599286
d:\Pneum Det\archive\chest_xray\chest_xray\train\PNEUMONIA\person1571_bacteria_4108.jpeg,person1571,PNEUMONIA,12.418901443481445,0.9999959585437981,0.9992986831897163
d:\Pneum Det\archive\chest_xray\chest_xray\train\PNEUMONIA\person1571_bacteria_4110.jpeg,person1571,PNEUMONIA,12.694696426391602,0.9999969326589947,0.9994030726813827
d:\Pneum Det\archive\chest_xray\chest_xray\train\PNEUMONIA\person1571_virus_2728.jpeg,person1571,PNEUMONIA,7.613489627838135,0.9995064978052793,0.9884781886697429
d:\Pneum Det\archive\chest_xray\chest_xray\train\PNEUMONIA\person1579_bacteria_4133.jpeg,person1579,PNEUMONIA,7.95784330368042,0.9996502154447439,0.9905597025202377
d:\Pneum Det\archive\chest_xray\chest_xray\train\PNEUMONIA\person1584_bacteria_4146.jpeg,person1584,PNEUMONIA,8.915642738342285,0.9998657459961736,0.9945860512447405
d:\Pneum Det\archive\chest_xray\chest_xray\train\PNEUMONIA\person1584_bacteria_4148.jpeg,person1584,PNEUMONIA,11.672584533691406,0.9999914757290541,0.9989153868174055
d:\Pneum Det\archive\chest_xray\chest_xray\train\PNEUMONIA\person1593_virus_2767.jpeg,person1593,PNEUMONIA,6.2628092765808105,0.9980977413711722,0.9749649726286471
d:\Pneum Det\archive\chest_xray\chest_xray\train\PNEUMONIA\person1604_virus_2782.jpeg,person1604,PNEUMONIA,9.828397750854492,0.9999461038573987,0.9968180492198443
d:\Pneum Det\archive\chest_xray\chest_xray\train\PNEUMONIA\person1608_bacteria_4235.jpeg,person1608,PNEUMONIA,9.282573699951172,0.9999069772738076,0.995626931665271
d:\Pneum Det\archive\chest_xray\chest_xray\train\PNEUMONIA\person1611_bacteria_4241.jpeg,person1611,PNEUMONIA,5.196188926696777,0.994492867886947,0.9542803028758958
d:\Pneum Det\archive\chest_xray\chest_xray\train\PNEUMONIA\person1615_bacteria_4249.jpeg,person1615,PNEUMONIA,9.982791900634766,0.9999538141963549,0.9970919333236746
d:\Pneum Det\archive\chest_xray\chest_xray\train\PNEUMONIA\person1620_bacteria_4272.jpeg,person1620,PNEUMONIA,7.56484842300415,0.9994819126210178,0.9881497133532465
d:\Pneum Det\archive\chest_xray\chest_xray\train\PNEUMONIA\person1635_bacteria_4335.jpeg,person1635,PNEUMONIA,6.39754056930542,0.9983371209849471,0.9768176461360455
d:\Pneum Det\archive\chest_xray\chest_xray\train\PNEUMONIA\person1638_bacteria_4340.jpeg,person1638,PNEUMONIA,7.478367328643799,0.9994351398323902,0.9875427014884309
d:\Pneum Det\archive\chest_xray\chest_xray\train\PNEUMONIA\person1638_bacteria_4341.jpeg,person1638,PNEUMONIA,6.870518684387207,0.9989631376369866,0.9823199229056533
d:\Pneum Det\archive\chest_xray\chest_xray\train\PNEUMONIA\person1638_bacteria_4342.jpeg,person1638,PNEUMONIA,9.343716621398926,0.9999124940818727,0.995779871053291
d:\Pneum Det\archive\chest_xray\chest_xray\train\PNEUMONIA\person1646_bacteria_4368.jpeg,person1646,PNEUMONIA,12.151384353637695,0.9999947189712207,0.9991800286729657
d:\Pneum Det\archive\chest_xray\chest_xray\train\PNEUMONIA\person1652_bacteria_4383.jpeg,person1652,PNEUMONIA,12.432928085327148,0.9999960148359134,0.9993044078536099
d:\Pneum Det\archive\chest_xray\chest_xray\train\PNEUMONIA\person1663_bacteria_4411.jpeg,person1663,PNEUMONIA,11.183650970458984,0.9999861005998018,0.998556942186639
d:\Pneum Det\archive\chest_xray\chest_xray\train\PNEUMONIA\person1663_bacteria_4412.jpeg,person1663,PNEUMONIA,7.3442301750183105,0.9993541067251057,0.9865399459386361
d:\Pneum Det\archive\chest_xray\chest_xray\train\PNEUMONIA\person1666_bacteria_4416.jpeg,person1666,PNEUMONIA,3.505826234817505,0.9708530894156971,0.8859478931084468
d:\Pneum Det\archive\chest_xray\chest_xray\train\PNEUMONIA\person1683_bacteria_4460.jpeg,person1683,PNEUMONIA,11.345785140991211,0.9999881809386377,0.998687297129492
d:\Pneum Det\archive\chest_xray\chest_xray\train\PNEUMONIA\person1687_bacteria_4468.jpeg,person1687,PNEUMONIA,9.773735046386719,0.9999430759122773,0.9967150393306121
d:\Pneum Det\archive\chest_xray\chest_xray\train\PNEUMONIA\person1689_bacteria_4472.jpeg,person1689,PNEUMONIA,10.405143737792969,0.9999697245684317,0.9977268686041423
d:\Pneum Det\archive\chest_xray\chest_xray\train\PNEUMONIA\person1689_bacteria_4473.jpeg,person1689,PNEUMONIA,8.972493171691895,0.9998731645543478,0.9947621404076407
d:\Pneum Det\archive\chest_xray\chest_xray\train\PNEUMONIA\person1689_bacteria_4474.jpeg,person1689,PNEUMONIA,12.630435943603516,0.9999967290798282,0.9993802300953222
d:\Pneum Det\archive\chest_xray\chest_xray\train\PNEUMONIA\person1691_bacteria_4479.jpeg,person1691,PNEUMONIA,12.45048713684082,0.9999960842005697,0.9993115084202528
d:\Pneum Det\archive\chest_xray\chest_xray\train\PNEUMONIA\person1691_bacteria_4481.jpeg,person1691,PNEUMONIA,7.508530139923096,0.9994519140148749,0.9877578240305765
d:\Pneum Det\archive\chest_xray\chest_xray\train\PNEUMONIA\person16_bacteria_53.jpeg,person16,PNEUMONIA,10.470544815063477,0.9999716412001122,0.9978119715046934
d:\Pneum Det\archive\chest_xray\chest_xray\train\PNEUMONIA\person16_bacteria_54.jpeg,person16,PNEUMONIA,9.375798225402832,0.9999152566238575,0.9958579755531324
d:\Pneum Det\archive\chest_xray\chest_xray\train\PNEUMONIA\person16_bacteria_55.jpeg,person16,PNEUMONIA,8.871522903442383,0.9998596909716092,0.9944453470157076
d:\Pneum Det\archive\chest_xray\chest_xray\train\PNEUMONIA\person1706_bacteria_4516.jpeg,person1706,PNEUMONIA,12.448162078857422,0.9999960750855525,0.9993105723849883
d:\Pneum Det\archive\chest_xray\chest_xray\train\PNEUMONIA\person1712_bacteria_4529.jpeg,person1712,PNEUMONIA,7.40109395980835,0.9993897881450635,0.9869744083748608
d:\Pneum Det\archive\chest_xray\chest_xray\train\PNEUMONIA\person1722_bacteria_4547.jpeg,person1722,PNEUMONIA,9.945324897766113,0.9999520510113156,0.9970277103143336
d:\Pneum Det\archive\chest_xray\chest_xray\train\PNEUMONIA\person1725_bacteria_4550.jpeg,person1725,PNEUMONIA,8.643404006958008,0.9998237452695542,0.9936577457572402
d:\Pneum Det\archive\chest_xray\chest_xray\train\PNEUMONIA\person1725_bacteria_4551.jpeg,person1725,PNEUMONIA,10.949955940246582,0.9999824415193856,0.9983459872821403
d:\Pneum Det\archive\chest_xray\chest_xray\train\PNEUMONIA\person1735_bacteria_4570.jpeg,person1735,PNEUMONIA,10.65076732635498,0.9999763178985622,0.9980303887927772
d:\Pneum Det\archive\chest_xray\chest_xray\train\PNEUMONIA\person1744_bacteria_4583.jpeg,person1744,PNEUMONIA,8.227578163146973,0.999732888747436,0.9919260670828502
d:\Pneum Det\archive\chest_xray\chest_xray\train\PNEUMONIA\person1753_bacteria_4594.jpeg,person1753,PNEUMONIA,9.602527618408203,0.9999324468034806,0.9963704053759662
d:\Pneum Det\archive\chest_xray\chest_xray\train\PNEUMONIA\person1756_bacteria_4598.jpeg,person1756,PNEUMONIA,5.819744110107422,0.9970404204890071,0.9677996240142765
d:\Pneum Det\archive\chest_xray\chest_xray\train\PNEUMONIA\person1765_bacteria_4608.jpeg,person1765,PNEUMONIA,9.432281494140625,0.9999199101627073,0.995992004978533
d:\Pneum Det\archive\chest_xray\chest_xray\train\PNEUMONIA\person1770_bacteria_4613.jpeg,person1770,PNEUMONIA,7.676555633544922,0.9995366459433768,0.9888907088807617
d:\Pneum Det\archive\chest_xray\chest_xray\train\PNEUMONIA\person1770_bacteria_4614.jpeg,person1770,PNEUMONIA,10.623146057128906,0.9999756546673093,0.9979983828991609
d:\Pneum Det\archive\chest_xray\chest_xray\train\PNEUMONIA\person1787_bacteria_4634.jpeg,person1787,PNEUMONIA,10.611371994018555,0.9999753663368072,0.9979845825169762
d:\Pneum Det\archive\chest_xray\chest_xray\train\PNEUMONIA\person17_bacteria_56.jpeg,person17,PNEUMONIA,10.6446533203125,0.999976172665977,0.9980233485492952
d:\Pneum Det\archive\chest_xray\chest_xray\train\PNEUMONIA\person1812_bacteria_4667.jpeg,person1812,PNEUMONIA,13.328079223632812,0.9999983718739249,0.9995877562425441
d:\Pneum Det\archive\chest_xray\chest_xray\train\PNEUMONIA\person1818_bacteria_4676.jpeg,person1818,PNEUMONIA,8.276460647583008,0.9997456285738417,0.9921517966814021
d:\Pneum Det\archive\chest_xray\chest_xray\train\PNEUMONIA\person1830_bacteria_4693.jpeg,person1830,PNEUMONIA,5.757310390472412,0.9968503533520703,0.9666422822329274
d:\Pneum Det\archive\chest_xray\chest_xray\train\PNEUMONIA\person1848_bacteria_4719.jpeg,person1848,PNEUMONIA,8.529111862182617,0.9998024086350145,0.9932223706018888
d:\Pneum Det\archive\chest_xray\chest_xray\train\PNEUMONIA\person1852_bacteria_4724.jpeg,person1852,PNEUMONIA,7.815925121307373,0.9995969009729853,0.9897512425849285
d:\Pneum Det\archive\chest_xray\chest_xray\train\PNEUMONIA\person1864_bacteria_4736.jpeg,person1864,PNEUMONIA,7.333075523376465,0.9993468664097434,0.9864530578144511
d:\Pneum Det\archive\chest_xray\chest_xray\train\PNEUMONIA\person1880_bacteria_4765.jpeg,person1880,PNEUMONIA,9.106529235839844,0.9998890732149891,0.9951550767969582
d:\Pneum Det\archive\chest_xray\chest_xray\train\PNEUMONIA\person1881_bacteria_4767.jpeg,person1881,PNEUMONIA,9.221122741699219,0.999901082230527,0.9954676623063353
d:\Pneum Det\archive\chest_xray\chest_xray\train\PNEUMONIA\person1884_bacteria_4771.jpeg,person1884,PNEUMONIA,10.024789810180664,0.9999557136518913,0.9971622794442355
d:\Pneum Det\archive\chest_xray\chest_xray\train\PNEUMONIA\person1897_bacteria_4789.jpeg,person1897,PNEUMONIA,11.176694869995117,0.9999860035784768,0.9985510690858005
d:\Pneum Det\archive\chest_xray\chest_xray\train\PNEUMONIA\person1901_bacteria_4795.jpeg,person1901,PNEUMONIA,10.663541793823242,0.999976618493664,0.9980450178541979
d:\Pneum Det\archive\chest_xray\chest_xray\train\PNEUMONIA\person1908_bacteria_4811.jpeg,person1908,PNEUMONIA,9.401424407958984,0.9999174005066195,0.9959193284342459
d:\Pneum Det\archive\chest_xray\chest_xray\train\PNEUMONIA\person1917_bacteria_4823.jpeg,person1917,PNEUMONIA,7.661008358001709,0.9995293891751003,0.9887903895696599
d:\Pneum Det\archive\chest_xray\chest_xray\train\PNEUMONIA\person1929_bacteria_4839.jpeg,person1929,PNEUMONIA,12.09240436553955,0.999994398129328,0.9991512805724017
d:\Pneum Det\archive\chest_xray\chest_xray\train\PNEUMONIA\person1930_bacteria_4841.jpeg,person1930,PNEUMONIA,8.570277214050293,0.999810375898031,0.9933825009757069
d:\Pneum Det\archive\chest_xray\chest_xray\train\PNEUMONIA\person1941_bacteria_4863.jpeg,person1941,PNEUMONIA,2.0318186283111572,0.8840975612836999,0.7663991153211605
d:\Pneum Det\archive\chest_xray\chest_xray\train\PNEUMONIA\person1942_bacteria_4865.jpeg,person1942,PNEUMONIA,3.6922459602355957,0.9756897351888372,0.896507739935488
d:\Pneum Det\archive\chest_xray\chest_xray\train\PNEUMONIA\person20_bacteria_64.jpeg,person20,PNEUMONIA,10.81284236907959,0.9999798612050893,0.9982081614033523
d:\Pneum Det\archive\chest_xray\chest_xray\train\PNEUMONIA\person20_bacteria_66.jpeg,person20,PNEUMONIA,6.939414024353027,0.9990321005910672,0.9830061623407629
d:\Pneum Det\archive\chest_xray\chest_xray\train\PNEUMONIA\person20_bacteria_67.jpeg,person20,PNEUMONIA,8.408785820007324,0.9997771493396791,0.9927319130057632
d:\Pneum Det\archive\chest_xray\chest_xray\train\PNEUMONIA\person20_bacteria_69.jpeg,person20,PNEUMONIA,10.607242584228516,0.9999752644065222,0.9979797199767411
d:\Pneum Det\archive\chest_xray\chest_xray\train\PNEUMONIA\person20_bacteria_70.jpeg,person20,PNEUMONIA,7.337881565093994,0.999349995830583,0.9864905616506648
d:\Pneum Det\archive\chest_xray\chest_xray\train\PNEUMONIA\person255_bacteria_1160.jpeg,person255,PNEUMONIA,7.871987342834473,0.9996188694330167,0.9900784899325437
d:\Pneum Det\archive\chest_xray\chest_xray\train\PNEUMONIA\person255_bacteria_1161.jpeg,person255,PNEUMONIA,7.185586452484131,0.9992431485738748,0.9852508653345604
d:\Pneum Det\archive\chest_xray\chest_xray\train\PNEUMONIA\person255_bacteria_1162.jpeg,person255,PNEUMONIA,9.615987777709961,0.9999333499279289,0.9963987582812376
d:\Pneum Det\archive\chest_xray\chest_xray\train\PNEUMONIA\person255_bacteria_1165.jpeg,person255,PNEUMONIA,10.059247016906738,0.9999572135803765,0.9972187258522015
d:\Pneum Det\archive\chest_xray\chest_xray\train\PNEUMONIA\person255_bacteria_1175.jpeg,person255,PNEUMONIA,9.493825912475586,0.9999246902707533,0.9961331306787055
d:\Pneum Det\archive\chest_xray\chest_xray\train\PNEUMONIA\person255_bacteria_1182.jpeg,person255,PNEUMONIA,9.850539207458496,0.9999472840201188,0.9968588519277064
d:\Pneum Det\archive\chest_xray\chest_xray\train\PNEUMONIA\person255_bacteria_1188.jpeg,person255,PNEUMONIA,8.508785247802734,0.9997983519921912,0.9931418880488406
d:\Pneum Det\archive\chest_xray\chest_xray\train\PNEUMONIA\person255_virus_531.jpeg,person255,PNEUMONIA,8.214204788208008,0.9997292935491321,0.9918631974136984
d:\Pneum Det\archive\chest_xray\chest_xray\train\PNEUMONIA\person258_bacteria_1205.jpeg,person258,PNEUMONIA,9.571966171264648,0.9999303505547876,0.9963052012908961
d:\Pneum Det\archive\chest_xray\chest_xray\train\PNEUMONIA\person258_bacteria_1206.jpeg,person258,PNEUMONIA,9.136526107788086,0.9998923509073264,0.9952389167409471
d:\Pneum Det\archive\chest_xray\chest_xray\train\PNEUMONIA\person258_bacteria_1207.jpeg,person258,PNEUMONIA,12.097929954528809,0.9999944289974296,0.9991540160791229
d:\Pneum Det\archive\chest_xray\chest_xray\train\PNEUMONIA\person258_bacteria_1208.jpeg,person258,PNEUMONIA,12.097929954528809,0.9999944289974296,0.9991540160791229
d:\Pneum Det\archive\chest_xray\chest_xray\train\PNEUMONIA\person258_bacteria_1209.jpeg,person258,PNEUMONIA,12.097929954528809,0.9999944289974296,0.9991540160791229
d:\Pneum Det\archive\chest_xray\chest_xray\train\PNEUMONIA\person258_bacteria_1210.jpeg,person258,PNEUMONIA,11.525684356689453,0.9999901268759008,0.9988182164444498
d:\Pneum Det\archive\chest_xray\chest_xray\train\PNEUMONIA\person258_bacteria_1212.jpeg,person258,PNEUMONIA,8.928638458251953,0.9998674792058445,0.9946268164478184
d:\Pneum Det\archive\chest_xray\chest_xray\train\PNEUMONIA\person258_bacteria_1214.jpeg,person258,PNEUMONIA,10.391792297363281,0.9999693176497827,0.9977090932997867
d:\Pneum Det\archive\chest_xray\chest_xray\train\PNEUMONIA\person258_bacteria_1215.jpeg,person258,PNEUMONIA,10.54085922241211,0.9999735666914632,0.9978999245232792
d:\Pneum Det\archive\chest_xray\chest_xray\train\PNEUMONIA\person258_bacteria_1216.jpeg,person258,PNEUMONIA,10.66079330444336,0.9999765541429558,0.9980418795234627
d:\Pneum Det\archive\chest_xray\chest_xray\train\PNEUMONIA\person258_virus_539.jpeg,person258,PNEUMONIA,7.913130283355713,0.9996342264470469,0.990312048371914
d:\Pneum Det\archive\chest_xray\chest_xray\train\PNEUMONIA\person267_bacteria_1250.jpeg,person267,PNEUMONIA,8.757577896118164,0.9998427596684438,0.9940649128353668
d:\Pneum Det\archive\chest_xray\chest_xray\train\PNEUMONIA\person267_bacteria_1251.jpeg,person267,PNEUMONIA,7.893688201904297,0.9996270481455983,0.9902023667844344
d:\Pneum Det\archive\chest_xray\chest_xray\train\PNEUMONIA\person267_bacteria_1252.jpeg,person267,PNEUMONIA,10.881570816040039,0.9999811987954321,0.9982786231926052
d:\Pneum Det\archive\chest_xray\chest_xray\train\PNEUMONIA\person267_bacteria_1253.jpeg,person267,PNEUMONIA,12.507216453552246,0.9999963001569326,0.9993339574504999
d:\Pneum Det\archive\chest_xray\chest_xray\train\PNEUMONIA\person267_virus_552.jpeg,person267,PNEUMONIA,9.52212905883789,0.9999267917376534,0.9961963593966614
d:\Pneum Det\archive\chest_xray\chest_xray\train\PNEUMONIA\person270_virus_555.jpeg,person270,PNEUMONIA,10.474933624267578,0.9999717653852481,0.9978175672471775
d:\Pneum Det\archive\chest_xray\chest_xray\train\PNEUMONIA\person277_bacteria_1300.jpeg,person277,PNEUMONIA,10.81002140045166,0.9999798043151233,0.9982052085677617
d:\Pneum Det\archive\chest_xray\chest_xray\train\PNEUMONIA\person277_bacteria_1301.jpeg,person277,PNEUMONIA,11.473804473876953,0.999989601145195,0.9987818604751248
d:\Pneum Det\archive\chest_xray\chest_xray\train\PNEUMONIA\person277_bacteria_1302.jpeg,person277,PNEUMONIA,9.894082069396973,0.9999495300546591,0.9969375783055457
d:\Pneum Det\archive\chest_xray\chest_xray\train\PNEUMONIA\person277_bacteria_1303.jpeg,person277,PNEUMONIA,7.118785858154297,0.9991909058583797,0.9846723534580819
d:\Pneum Det\archive\chest_xray\chest_xray\train\PNEUMONIA\person277_bacteria_1304.jpeg,person277,PNEUMONIA,7.863175868988037,0.9996154975685454,0.9900277491607521
d:\Pneum Det\archive\chest_xray\chest_xray\train\PNEUMONIA\person277_bacteria_1305.jpeg,person277,PNEUMONIA,6.021584510803223,0.9975800475700459,0.9712814055020916
d:\Pneum Det\archive\chest_xray\chest_xray\train\PNEUMONIA\person277_bacteria_1306.jpeg,person277,PNEUMONIA,7.8934006690979,0.9996269409342976,0.9902007354898866
d:\Pneum Det\archive\chest_xray\chest_xray\train\PNEUMONIA\person277_bacteria_1307.jpeg,person277,PNEUMONIA,10.062647819519043,0.9999573588352079,0.997224235836402
d:\Pneum Det\archive\chest_xray\chest_xray\train\PNEUMONIA\person277_virus_571.jpeg,person277,PNEUMONIA,-5.304804801940918,0.0049431120741729615,0.04302728372675517
d:\Pneum Det\archive\chest_xray\chest_xray\train\PNEUMONIA\person281_bacteria_1323.jpeg,person281,PNEUMONIA,13.406623840332031,0.9999984948610606,0.9996062544008355
d:\Pneum Det\archive\chest_xray\chest_xray\train\PNEUMONIA\person281_bacteria_1324.jpeg,person281,PNEUMONIA,12.287260055541992,0.9999953899168565,0.9992426088609285
d:\Pneum Det\archive\chest_xray\chest_xray\train\PNEUMONIA\person281_bacteria_1325.jpeg,person281,PNEUMONIA,10.740811347961426,0.9999783570976025,0.9981312220745825
d:\Pneum Det\archive\chest_xray\chest_xray\train\PNEUMONIA\person281_bacteria_1326.jpeg,person281,PNEUMONIA,8.037484169006348,0.9996769835275227,0.9909853791307207
d:\Pneum Det\archive\chest_xray\chest_xray\train\PNEUMONIA\person281_bacteria_1327.jpeg,person281,PNEUMONIA,9.926586151123047,0.9999511440804263,0.9969950612863404
d:\Pneum Det\archive\chest_xray\chest_xray\train\PNEUMONIA\person281_bacteria_1328.jpeg,person281,PNEUMONIA,5.352120876312256,0.9952842522144156,0.9580976640420573
d:\Pneum Det\archive\chest_xray\chest_xray\train\PNEUMONIA\person281_bacteria_1329.jpeg,person281,PNEUMONIA,11.579719543457031,0.9999906462095145,0.998854930977788
d:\Pneum Det\archive\chest_xray\chest_xray\train\PNEUMONIA\person281_bacteria_1330.jpeg,person281,PNEUMONIA,11.527305603027344,0.9999901428695409,0.9988193349344342
d:\Pneum Det\archive\chest_xray\chest_xray\train\PNEUMONIA\person281_bacteria_1331.jpeg,person281,PNEUMONIA,8.961833953857422,0.9998718055308219,0.9947295640575893
d:\Pneum Det\archive\chest_xray\chest_xray\train\PNEUMONIA\person281_bacteria_1332.jpeg,person281,PNEUMONIA,10.50393295288086,0.999972572389813,0.9978541842639354
d:\Pneum Det\archive\chest_xray\chest_xray\train\PNEUMONIA\person281_bacteria_1333.jpeg,person281,PNEUMONIA,9.612772941589355,0.9999331353284305,0.9963920065730393
d:\Pneum Det\archive\chest_xray\chest_xray\train\PNEUMONIA\person281_virus_578.jpeg,person281,PNEUMONIA,9.810117721557617,0.9999451096288343,0.9967839645876039
d:\Pneum Det\archive\chest_xray\chest_xray\train\PNEUMONIA\person286_virus_585.jpeg,person286,PNEUMONIA,-3.692960739135742,0.02429331653662364,0.10345348739401021
d:\Pneum Det\archive\chest_xray\chest_xray\train\PNEUMONIA\person288_virus_587.jpeg,person288,PNEUMONIA,8.506442070007324,0.9997978790366653,0.9931325495162632
d:\Pneum Det\archive\chest_xray\chest_xray\train\PNEUMONIA\person292_bacteria_1378.jpeg,person292,PNEUMONIA,8.493581771850586,0.9997952634504313,0.9930810706127575
d:\Pneum Det\archive\chest_xray\chest_xray\train\PNEUMONIA\person292_virus_597.jpeg,person292,PNEUMONIA,9.488408088684082,0.9999242811796136,0.9961209085011848
d:\Pneum Det\archive\chest_xray\chest_xray\train\PNEUMONIA\person292_virus_598.jpeg,person292,PNEUMONIA,7.858638286590576,0.9996137495681275,0.9900015194249326
d:\Pneum Det\archive\chest_xray\chest_xray\train\PNEUMONIA\person292_virus_599.jpeg,person292,PNEUMONIA,8.755130767822266,0.9998423744707096,0.9940564645280151
d:\Pneum Det\archive\chest_xray\chest_xray\train\PNEUMONIA\person292_virus_600.jpeg,person292,PNEUMONIA,8.827988624572754,0.9998534487243911,0.9943029468296187
d:\Pneum Det\archive\chest_xray\chest_xray\train\PNEUMONIA\person292_virus_602.jpeg,person292,PNEUMONIA,7.474298477172852,0.999432838124314,0.987513397988157
d:\Pneum Det\archive\chest_xray\chest_xray\train\PNEUMONIA\person297_bacteria_1400.jpeg,person297,PNEUMONIA,5.5687031745910645,0.9961990769714049,0.9628971507341232
d:\Pneum Det\archive\chest_xray\chest_xray\train\PNEUMONIA\person297_bacteria_1404.jpeg,person297,PNEUMONIA,8.738655090332031,0.9998397563913826,0.9939992729687959
d:\Pneum Det\archive\chest_xray\chest_xray\train\PNEUMONIA\person297_virus_614.jpeg,person297,PNEUMONIA,-0.22196350991725922,0.4447358317595196,0.4675976453463539
d:\Pneum Det\archive\chest_xray\chest_xray\train\PNEUMONIA\person299_bacteria_1414.jpeg,person299,PNEUMONIA,7.788142681121826,0.9995855495853501,0.9895851343106729
d:\Pneum Det\archive\chest_xray\chest_xray\train\PNEUMONIA\person299_bacteria_1416.jpeg,person299,PNEUMONIA,3.7519760131835938,0.977066948631642,0.8997037061394874
d:\Pneum Det\archive\chest_xray\chest_xray\train\PNEUMONIA\person299_bacteria_1417.jpeg,person299,PNEUMONIA,8.315469741821289,0.9997553579445316,0.9923274318138852
d:\Pneum Det\archive\chest_xray\chest_xray\train\PNEUMONIA\person299_bacteria_1418.jpeg,person299,PNEUMONIA,7.699272155761719,0.9995470483676371,0.9890356938457769
d:\Pneum Det\archive\chest_xray\chest_xray\train\PNEUMONIA\person299_bacteria_1419.jpeg,person299,PNEUMONIA,6.090651988983154,0.997741181437915,0.9723867547853067
d:\Pneum Det\archive\chest_xray\chest_xray\train\PNEUMONIA\person299_virus_620.jpeg,person299,PNEUMONIA,6.274084568023682,0.9981190293081953,0.9751253966764307
d:\Pneum Det\archive\chest_xray\chest_xray\train\PNEUMONIA\person303_bacteria_1431.jpeg,person303,PNEUMONIA,8.419229507446289,0.9997794641006901,0.9927758432705176
d:\Pneum Det\archive\chest_xray\chest_xray\train\PNEUMONIA\person303_virus_624.jpeg,person303,PNEUMONIA,6.845734596252441,0.9989371465088802,0.9820664609452323
d:\Pneum Det\archive\chest_xray\chest_xray\train\PNEUMONIA\person310_bacteria_1450.jpeg,person310,PNEUMONIA,8.267748832702637,0.9997434034272343,0.9921120308284316
d:\Pneum Det\archive\chest_xray\chest_xray\train\PNEUMONIA\person310_bacteria_1451.jpeg,person310,PNEUMONIA,5.725788593292236,0.9967498173015316,0.9660427999571845
d:\Pneum Det\archive\chest_xray\chest_xray\train\PNEUMONIA\person310_virus_633.jpeg,person310,PNEUMONIA,8.976503372192383,0.9998736721072858,0.9947743443309327
d:\Pneum Det\archive\chest_xray\chest_xray\train\PNEUMONIA\person316_bacteria_1469.jpeg,person316,PNEUMONIA,9.359676361083984,0.9999138794488195,0.9958189075674493
d:\Pneum Det\archive\chest_xray\chest_xray\train\PNEUMONIA\person316_bacteria_1470.jpeg,person316,PNEUMONIA,6.208346366882324,0.9979914795191818,0.9741757780917978
d:\Pneum Det\archive\chest_xray\chest_xray\train\PNEUMONIA\person316_virus_641.jpeg,person316,PNEUMONIA,9.923528671264648,0.9999509944831779,0.9969897003305404
d:\Pneum Det\archive\chest_xray\chest_xray\train\PNEUMONIA\person31_bacteria_160.jpeg,person31,PNEUMONIA,9.69485092163086,0.9999384039319363,0.9965604988281034
d:\Pneum Det\archive\chest_xray\chest_xray\train\PNEUMONIA\person31_bacteria_161.jpeg,person31,PNEUMONIA,8.71812629699707,0.9998364333290005,0.9939272459911392
d:\Pneum Det\archive\chest_xray\chest_xray\train\PNEUMONIA\person31_bacteria_162.jpeg,person31,PNEUMONIA,8.346921920776367,0.9997629309284032,0.9924661980304994
d:\Pneum Det\archive\chest_xray\chest_xray\train\PNEUMONIA\person31_bacteria_163.jpeg,person31,PNEUMONIA,8.701471328735352,0.9998336867759677,0.9938681798204186
d:\Pneum Det\archive\chest_xray\chest_xray\train\PNEUMONIA\person31_bacteria_164.jpeg,person31,PNEUMONIA,11.742525100708008,0.999992051545488,0.9989588043576559
d:\Pneum Det\archive\chest_xray\chest_xray\train\PNEUMONIA\person320_virus_647.jpeg,person320,PNEUMONIA,12.957633018493652,0.9999976418552634,0.9994880994072392
d:\Pneum Det\archive\chest_xray\chest_xray\train\PNEUMONIA\person327_bacteria_1508.jpeg,person327,PNEUMONIA,7.3427276611328125,0.9993531361602884,0.9865282743578411
d:\Pneum Det\archive\chest_xray\chest_xray\train\PNEUMONIA\person327_bacteria_1509.jpeg,person327,PNEUMONIA,8.172853469848633,0.9997178680367282,0.9916657126239083
d:\Pneum Det\archive\chest_xray\chest_xray\train\PNEUMONIA\person327_virus_679.jpeg,person327,PNEUMONIA,6.335855960845947,0.9982315043731212,0.9759866515029904
d:\Pneum Det\archive\chest_xray\chest_xray\train\PNEUMONIA\person328_bacteria_1510.jpeg,person328,PNEUMONIA,9.202144622802734,0.9998991872216145,0.995417317272009
d:\Pneum Det\archive\chest_xray\chest_xray\train\PNEUMONIA\person328_bacteria_1511.jpeg,person328,PNEUMONIA,11.260416030883789,0.9999871276492981,0.9986201980715874
d:\Pneum Det\archive\chest_xray\chest_xray\train\PNEUMONIA\person328_bacteria_1512.jpeg,person328,PNEUMONIA,5.883136749267578,0.9972217079426531,0.968934985201155
d:\Pneum Det\archive\chest_xray\chest_xray\train\PNEUMONIA\person328_bacteria_1513.jpeg,person328,PNEUMONIA,9.841187477111816,0.9999467887485086,0.9968416823900088
d:\Pneum Det\archive\chest_xray\chest_xray\train\PNEUMONIA\person328_bacteria_1514.jpeg,person328,PNEUMONIA,8.57295036315918,0.999810882018898,0.993392768428985
d:\Pneum Det\archive\chest_xray\chest_xray\train\PNEUMONIA\person328_bacteria_1515.jpeg,person328,PNEUMONIA,8.917403221130371,0.9998659821084642,0.9945915915186793
d:\Pneum Det\archive\chest_xray\chest_xray\train\PNEUMONIA\person328_virus_681.jpeg,person328,PNEUMONIA,4.01745080947876,0.9823194398197499,0.912868305926542
d:\Pneum Det\archive\chest_xray\chest_xray\train\PNEUMONIA\person334_bacteria_1541.jpeg,person334,PNEUMONIA,8.851041793823242,0.999856788072743,0.9943787998587865
d:\Pneum Det\archive\chest_xray\chest_xray\train\PNEUMONIA\person334_bacteria_1542.jpeg,person334,PNEUMONIA,3.433244228363037,0.9687274997236659,0.8815886506908587
d:\Pneum Det\archive\chest_xray\chest_xray\train\PNEUMONIA\person334_bacteria_1544.jpeg,person334,PNEUMONIA,8.258987426757812,0.9997411459877065,0.9920718370223134
d:\Pneum Det\archive\chest_xray\chest_xray\train\PNEUMONIA\person334_bacteria_1545.jpeg,person334,PNEUMONIA,3.09981107711792,0.9568849515025675,0.8596744548395655
d:\Pneum Det\archive\chest_xray\chest_xray\train\PNEUMONIA\person334_virus_689.jpeg,person334,PNEUMONIA,8.959953308105469,0.9998715642465882,0.9947237956105404
d:\Pneum Det\archive\chest_xray\chest_xray\train\PNEUMONIA\person33_bacteria_169.jpeg,person33,PNEUMONIA,9.289365768432617,0.9999076068915349,0.9956441898214776
d:\Pneum Det\archive\chest_xray\chest_xray\train\PNEUMONIA\person33_bacteria_172.jpeg,person33,PNEUMONIA,5.698350429534912,0.9966597055434289,0.9655125294162668
d:\Pneum Det\archive\chest_xray\chest_xray\train\PNEUMONIA\person33_bacteria_173.jpeg,person33,PNEUMONIA,9.325763702392578,0.999910909049768,0.995735525465958
d:\Pneum Det\archive\chest_xray\chest_xray\train\PNEUMONIA\person33_bacteria_174.jpeg,person33,PNEUMONIA,8.292985916137695,0.9997497965449561,0.9922266820748201
d:\Pneum Det\archive\chest_xray\chest_xray\train\PNEUMONIA\person33_bacteria_175.jpeg,person33,PNEUMONIA,5.138948440551758,0.9941703316541646,0.9527975808493285
d:\Pneum Det\archive\chest_xray\chest_xray\train\PNEUMONIA\person340_bacteria_1575.jpeg,person340,PNEUMONIA,7.666849136352539,0.999532128614547,0.9888281819902015
d:\Pneum Det\archive\chest_xray\chest_xray\train\PNEUMONIA\person340_virus_698.jpeg,person340,PNEUMONIA,8.397683143615723,0.9997746618752502,0.9926849199378854
d:\Pneum Det\archive\chest_xray\chest_xray\train\PNEUMONIA\person341_bacteria_1577.jpeg,person341,PNEUMONIA,7.968780040740967,0.9996540187869137,0.9906193176290141
d:\Pneum Det\archive\chest_xray\chest_xray\train\PNEUMONIA\person341_virus_699.jpeg,person341,PNEUMONIA,8.249970436096191,0.9997388019610016,0.9920302585437343
d:\Pneum Det\archive\chest_xray\chest_xray\train\PNEUMONIA\person347_bacteria_1594.jpeg,person347,PNEUMONIA,9.383727073669434,0.999915925828222,0.9958770558955495
d:\Pneum Det\archive\chest_xray\chest_xray\train\PNEUMONIA\person347_bacteria_1595.jpeg,person347,PNEUMONIA,9.605022430419922,0.9999326151146105,0.9963756772664049
d:\Pneum Det\archive\chest_xray\chest_xray\train\PNEUMONIA\person347_bacteria_1597.jpeg,person347,PNEUMONIA,7.681807994842529,0.9995390721473021,0.9889243989058027
d:\Pneum Det\archive\chest_xray\chest_xray\train\PNEUMONIA\person347_bacteria_1599.jpeg,person347,PNEUMONIA,3.773458480834961,0.9775434076526519,0.9008315573536317
d:\Pneum Det\archive\chest_xray\chest_xray\train\PNEUMONIA\person351_bacteria_1617.jpeg,person351,PNEUMONIA,10.593581199645996,0.999974924173807,0.9979635495744216
d:\Pneum Det\archive\chest_xray\chest_xray\train\PNEUMONIA\person351_bacteria_1619.jpeg,person351,PNEUMONIA,11.125395774841309,0.9999852668501036,0.9985070133418018
d:\Pneum Det\archive\chest_xray\chest_xray\train\PNEUMONIA\person351_bacteria_1620.jpeg,person351,PNEUMONIA,9.573881149291992,0.9999304837950561,0.9963093210297727
d:\Pneum Det\archive\chest_xray\chest_xray\train\PNEUMONIA\person351_bacteria_1621.jpeg,person351,PNEUMONIA,7.257887840270996,0.9992959014225644,0.9858527886487966
d:\Pneum Det\archive\chest_xray\chest_xray\train\PNEUMONIA\person351_bacteria_1622.jpeg,person351,PNEUMONIA,10.207052230834961,0.9999630922550709,0.99744842301961
d:\Pneum Det\archive\chest_xray\chest_xray\train\PNEUMONIA\person351_bacteria_1623.jpeg,person351,PNEUMONIA,8.463918685913086,0.9997891006615954,0.9929608653931565
d:\Pneum Det\archive\chest_xray\chest_xray\train\PNEUMONIA\person351_bacteria_1624.jpeg,person351,PNEUMONIA,10.402074813842773,0.999969631515543,0.9977227950419962
d:\Pneum Det\archive\chest_xray\chest_xray\train\PNEUMONIA\person351_virus_726.jpeg,person351,PNEUMONIA,10.555044174194336,0.9999739389901366,0.9979172354951575
d:\Pneum Det\archive\chest_xray\chest_xray\train\PNEUMONIA\person358_virus_737.jpeg,person358,PNEUMONIA,8.675918579101562,0.9998293829882442,0.993776446228213
d:\Pneum Det\archive\chest_xray\chest_xray\train\PNEUMONIA\person360_bacteria_1647.jpeg,person360,PNEUMONIA,3.8232431411743164,0.9786107005312044,0.9034020008712441
d:\Pneum Det\archive\chest_xray\chest_xray\train\PNEUMONIA\person360_virus_739.jpeg,person360,PNEUMONIA,4.278810977935791,0.9863303187977606,0.9242818463366282
d:\Pneum Det\archive\chest_xray\chest_xray\train\PNEUMONIA\person363_bacteria_1653.jpeg,person363,PNEUMONIA,10.002914428710938,0.9999547342415541,0.9971258527403183
d:\Pneum Det\archive\chest_xray\chest_xray\train\PNEUMONIA\person363_bacteria_1654.jpeg,person363,PNEUMONIA,8.093940734863281,0.9996947092852424,0.991275561831753
d:\Pneum Det\archive\chest_xray\chest_xray\train\PNEUMONIA\person363_bacteria_1655.jpeg,person363,PNEUMONIA,1.9740651845932007,0.8780470841913964,0.7602987676351391
d:\Pneum Det\archive\chest_xray\chest_xray\train\PNEUMONIA\person363_virus_742.jpeg,person363,PNEUMONIA,7.4140801429748535,0.9993976564943285,0.9870716705195858
d:\Pneum Det\archive\chest_xray\chest_xray\train\PNEUMONIA\person371_bacteria_1694.jpeg,person371,PNEUMONIA,6.553439617156982,0.9985768233202245,0.9787946691250239
d:\Pneum Det\archive\chest_xray\chest_xray\train\PNEUMONIA\person371_bacteria_1695.jpeg,person371,PNEUMONIA,10.785909652709961,0.9999793114539443,0.998179770701469
d:\Pneum Det\archive\chest_xray\chest_xray\train\PNEUMONIA\person371_bacteria_1696.jpeg,person371,PNEUMONIA,8.883590698242188,0.9998613737831132,0.9944841902491317
d:\Pneum Det\archive\chest_xray\chest_xray\train\PNEUMONIA\person371_bacteria_1698.jpeg,person371,PNEUMONIA,9.212606430053711,0.9999002363030389,0.9954451387484592
d:\Pneum Det\archive\chest_xray\chest_xray\train\PNEUMONIA\person371_bacteria_1699.jpeg,person371,PNEUMONIA,8.644279479980469,0.9998238994811286,0.993660971112362
d:\Pneum Det\archive\chest_xray\chest_xray\train\PNEUMONIA\person371_bacteria_1700.jpeg,person371,PNEUMONIA,11.78561019897461,0.9999923867302409,0.9989846819020141
d:\Pneum Det\archive\chest_xray\chest_xray\train\PNEUMONIA\person371_bacteria_1701.jpeg,person371,PNEUMONIA,10.277944564819336,0.9999656180536708,0.9975517793271933
d:\Pneum Det\archive\chest_xray\chest_xray\train\PNEUMONIA\person371_bacteria_1702.jpeg,person371,PNEUMONIA,9.254273414611816,0.9999043073544854,0.9955542868773867
d:\Pneum Det\archive\chest_xray\chest_xray\train\PNEUMONIA\person371_bacteria_1703.jpeg,person371,PNEUMONIA,9.32255744934082,0.9999106229687884,0.9957275569935151
d:\Pneum Det\archive\chest_xray\chest_xray\train\PNEUMONIA\person371_virus_754.jpeg,person371,PNEUMONIA,7.93037748336792,0.9996404786768947,0.9904083294117365
d:\Pneum Det\archive\chest_xray\chest_xray\train\PNEUMONIA\person375_bacteria_1713.jpeg,person375,PNEUMONIA,9.197917938232422,0.9998987602592562,0.9954060291748211
d:\Pneum Det\archive\chest_xray\chest_xray\train\PNEUMONIA\person375_virus_758.jpeg,person375,PNEUMONIA,11.370096206665039,0.9999884648047752,0.9987058021176888
d:\Pneum Det\archive\chest_xray\chest_xray\train\PNEUMONIA\person378_virus_761.jpeg,person378,PNEUMONIA,10.601713180541992,0.9999751272580171,0.9979731905496472
d:\Pneum Det\archive\chest_xray\chest_xray\train\PNEUMONIA\person383_bacteria_1747.jpeg,person383,PNEUMONIA,9.039073944091797,0.9998813333928993,0.9949611372478648
d:\Pneum Det\archive\chest_xray\chest_xray\train\PNEUMONIA\person383_bacteria_1748.jpeg,person383,PNEUMONIA,9.670857429504395,0.9999369082488284,0.9965120720390334
d:\Pneum Det\archive\chest_xray\chest_xray\train\PNEUMONIA\person383_bacteria_1749.jpeg,person383,PNEUMONIA,8.939308166503906,0.9998688854631462,0.994660057048767
d:\Pneum Det\archive\chest_xray\chest_xray\train\PNEUMONIA\person383_bacteria_1750.jpeg,person383,PNEUMONIA,10.138776779174805,0.9999604844501132,0.9973447702903385
d:\Pneum Det\archive\chest_xray\chest_xray\train\PNEUMONIA\person383_bacteria_1751.jpeg,person383,PNEUMONIA,9.572412490844727,0.9999303816315991,0.9963061618783693
d:\Pneum Det\archive\chest_xray\chest_xray\train\PNEUMONIA\person383_bacteria_1752.jpeg,person383,PNEUMONIA,10.360628128051758,0.9999683464351465,0.9976670617191643
d:\Pneum Det\archive\chest_xray\chest_xray\train\PNEUMONIA\person383_bacteria_1753.jpeg,person383,PNEUMONIA,5.408413410186768,0.9955412291761842,0.9593994044500997
d:\Pneum Det\archive\chest_xray\chest_xray\train\PNEUMONIA\person383_bacteria_1754.jpeg,person383,PNEUMONIA,7.725555896759033,0.9995587933511467,0.9892011122678329
d:\Pneum Det\archive\chest_xray\chest_xray\train\PNEUMONIA\person383_virus_767.jpeg,person383,PNEUMONIA,11.175676345825195,0.9999859893157207,0.9985502071353373
d:\Pneum Det\archive\chest_xray\chest_xray\train\PNEUMONIA\person388_virus_775.jpeg,person388,PNEUMONIA,12.462236404418945,0.9999961299389447,0.999316219119785
d:\Pneum Det\archive\chest_xray\chest_xray\train\PNEUMONIA\person388_virus_777.jpeg,person388,PNEUMONIA,8.417348861694336,0.99977904905227,0.9927679520392283
d:\Pneum Det\archive\chest_xray\chest_xray\train\PNEUMONIA\person394_bacteria_1791.jpeg,person394,PNEUMONIA,8.693279266357422,0.9998323189611563,0.9938389178671336
d:\Pneum Det\archive\chest_xray\chest_xray\train\PNEUMONIA\person394_bacteria_1792.jpeg,person394,PNEUMONIA,6.228537559509277,0.998031548234827,0.9744711444274823
d:\Pneum Det\archive\chest_xray\chest_xray\train\PNEUMONIA\person394_virus_786.jpeg,person394,PNEUMONIA,4.344913959503174,0.9871935094209924,0.926943011043332
d:\Pneum Det\archive\chest_xray\chest_xray\train\PNEUMONIA\person403_bacteria_1814.jpeg,person403,PNEUMONIA,7.840555667877197,0.9996067043901166,0.989896311815523
d:\Pneum Det\archive\chest_xray\chest_xray\train\PNEUMONIA\person403_virus_803.jpeg,person403,PNEUMONIA,11.204180717468262,0.9999863830379737,0.9985741373986144
d:\Pneum Det\archive\chest_xray\chest_xray\train\PNEUMONIA\person407_bacteria_1822.jpeg,person407,PNEUMONIA,9.050954818725586,0.9998827347494984,0.994995847563216
d:\Pneum Det\archive\chest_xray\chest_xray\train\PNEUMONIA\person407_virus_811.jpeg,person407,PNEUMONIA,10.260566711425781,0.9999650153686316,0.9975268366107174
d:\Pneum Det\archive\chest_xray\chest_xray\train\PNEUMONIA\person407_virus_812.jpeg,person407,PNEUMONIA,11.584184646606445,0.9999906878816603,0.998857913365442
d:\Pneum Det\archive\chest_xray\chest_xray\train\PNEUMONIA\person407_virus_814.jpeg,person407,PNEUMONIA,10.30634880065918,0.9999665808751095,0.9975920092357194
d:\Pneum Det\archive\chest_xray\chest_xray\train\PNEUMONIA\person409_bacteria_1824.jpeg,person409,PNEUMONIA,2.7918548583984375,0.9422340856894402,0.8365137261908696
d:\Pneum Det\archive\chest_xray\chest_xray\train\PNEUMONIA\person409_virus_816.jpeg,person409,PNEUMONIA,9.112504959106445,0.9998897340332676,0.9951718950537829
d:\Pneum Det\archive\chest_xray\chest_xray\train\PNEUMONIA\person409_virus_818.jpeg,person409,PNEUMONIA,9.927539825439453,0.999951190648579,0.9969967315014289
d:\Pneum Det\archive\chest_xray\chest_xray\train\PNEUMONIA\person409_virus_820.jpeg,person409,PNEUMONIA,8.656685829162598,0.9998260703714054,0.9937065028860482
d:\Pneum Det\archive\chest_xray\chest_xray\train\PNEUMONIA\person411_bacteria_1826.jpeg,person411,PNEUMONIA,3.8113136291503906,0.9783595634914671,0.9027915398046075
d:\Pneum Det\archive\chest_xray\chest_xray\train\PNEUMONIA\person417_bacteria_1841.jpeg,person417,PNEUMONIA,4.207075119018555,0.9853285992754093,0.9212934454783326
d:\Pneum Det\archive\chest_xray\chest_xray\train\PNEUMONIA\person417_bacteria_1842.jpeg,person417,PNEUMONIA,8.522053718566895,0.9998010093519397,0.99319453098886
d:\Pneum Det\archive\chest_xray\chest_xray\train\PNEUMONIA\person417_virus_850.jpeg,person417,PNEUMONIA,0.18221817910671234,0.5454289145025811,0.526612468055872
d:\Pneum Det\archive\chest_xray\chest_xray\train\PNEUMONIA\person418_bacteria_1843.jpeg,person418,PNEUMONIA,11.751663208007812,0.9999921238478894,0.9989643473316189
d:\Pneum Det\archive\chest_xray\chest_xray\train\PNEUMONIA\person418_virus_852.jpeg,person418,PNEUMONIA,9.59233283996582,0.9999317546383688,0.9963487828471412
d:\Pneum Det\archive\chest_xray\chest_xray\train\PNEUMONIA\person429_bacteria_1870.jpeg,person429,PNEUMONIA,7.1542792320251465,0.9992190976433569,0.9849824638579552
d:\Pneum Det\archive\chest_xray\chest_xray\train\PNEUMONIA\person429_virus_877.jpeg,person429,PNEUMONIA,1.0342963933944702,0.7377479930500823,0.6467528350512249
d:\Pneum Det\archive\chest_xray\chest_xray\train\PNEUMONIA\person431_bacteria_1872.jpeg,person431,PNEUMONIA,5.404862880706787,0.9955254410040614,0.9593184569793354
d:\Pneum Det\archive\chest_xray\chest_xray\train\PNEUMONIA\person431_virus_880.jpeg,person431,PNEUMONIA,10.326911926269531,0.9999672610371786,0.9976207213430454
d:\Pneum Det\archive\chest_xray\chest_xray\train\PNEUMONIA\person440_bacteria_1897.jpeg,person440,PNEUMONIA,9.815710067749023,0.9999454157213516,0.9967944304405465
d:\Pneum Det\archive\chest_xray\chest_xray\train\PNEUMONIA\person440_bacteria_1898.jpeg,person440,PNEUMONIA,9.528912544250488,0.9999272866282837,0.9962113599355444
d:\Pneum Det\archive\chest_xray\chest_xray\train\PNEUMONIA\person440_virus_893.jpeg,person440,PNEUMONIA,0.5624685883522034,0.6370235313674605,0.5814914201978846
d:\Pneum Det\archive\chest_xray\chest_xray\train\PNEUMONIA\person444_bacteria_1927.jpeg,person444,PNEUMONIA,-4.588650703430176,0.010064247986839399,0.06397347249009044
d:\Pneum Det\archive\chest_xray\chest_xray\train\PNEUMONIA\person444_virus_911.jpeg,person444,PNEUMONIA,7.066038608551025,0.9991471201296448,0.9841998147129791
d:\Pneum Det\archive\chest_xray\chest_xray\train\PNEUMONIA\person445_bacteria_1928.jpeg,person445,PNEUMONIA,10.01320743560791,0.9999551977518939,0.9971430502869857
d:\Pneum Det\archive\chest_xray\chest_xray\train\PNEUMONIA\person445_bacteria_1929.jpeg,person445,PNEUMONIA,9.119277000427246,0.9998904781547134,0.9951908842745467
d:\Pneum Det\archive\chest_xray\chest_xray\train\PNEUMONIA\person445_bacteria_1930.jpeg,person445,PNEUMONIA,9.334428787231445,0.9999116776275223,0.9957569867632974
d:\Pneum Det\archive\chest_xray\chest_xray\train\PNEUMONIA\person445_virus_912.jpeg,person445,PNEUMONIA,7.645857334136963,0.999522208082951,0.9886917655518734
d:\Pneum Det\archive\chest_xray\chest_xray\train\PNEUMONIA\person445_virus_913.jpeg,person445,PNEUMONIA,7.904008865356445,0.9996308760481479,0.9902607425511896
d:\Pneum Det\archive\chest_xray\chest_xray\train\PNEUMONIA\person445_virus_914.jpeg,person445,PNEUMONIA,8.543054580688477,0.9998051439458288,0.9932770332347826
d:\Pneum Det\archive\chest_xray\chest_xray\train\PNEUMONIA\person445_virus_915.jpeg,person445,PNEUMONIA,9.373334884643555,0.9999150476324763,0.9958520297731616
d:\Pneum Det\archive\chest_xray\chest_xray\train\PNEUMONIA\person445_virus_916.jpeg,person445,PNEUMONIA,7.188957214355469,0.9992456935238233,0.9852794800986044
d:\Pneum Det\archive\chest_xray\chest_xray\train\PNEUMONIA\person445_virus_917.jpeg,person445,PNEUMONIA,11.213399887084961,0.9999865079964707,0.9985817924321522
d:\Pneum Det\archive\chest_xray\chest_xray\train\PNEUMONIA\person445_virus_918.jpeg,person445,PNEUMONIA,13.29239273071289,0.9999983127227418,0.9995790670717501
d:\Pneum Det\archive\chest_xray\chest_xray\train\PNEUMONIA\person445_virus_919.jpeg,person445,PNEUMONIA,8.752461433410645,0.9998419532199797,0.9940472354588937
d:\Pneum Det\archive\chest_xray\chest_xray\train\PNEUMONIA\person449_bacteria_1938.jpeg,person449,PNEUMONIA,9.546911239624023,0.9999285835739676,0.9962508760067641
d:\Pneum Det\archive\chest_xray\chest_xray\train\PNEUMONIA\person449_bacteria_1939.jpeg,person449,PNEUMONIA,8.008944511413574,0.9996676350452885,0.990835068219689
d:\Pneum Det\archive\chest_xray\chest_xray\train\PNEUMONIA\person449_bacteria_1940.jpeg,person449,PNEUMONIA,10.028580665588379,0.999955881209832,0.9971685449799659
d:\Pneum Det\archive\chest_xray\chest_xray\train\PNEUMONIA\person450_bacteria_1941.jpeg,person450,PNEUMONIA,9.098012924194336,0.9998881245999884,0.9951310074360369
d:\Pneum Det\archive\chest_xray\chest_xray\train\PNEUMONIA\person450_virus_931.jpeg,person450,PNEUMONIA,9.55157470703125,0.9999289158231494,0.9962610474818658
d:\Pneum Det\archive\chest_xray\chest_xray\train\PNEUMONIA\person457_bacteria_1949.jpeg,person457,PNEUMONIA,6.846048831939697,0.9989374800880964,0.9820696967921615
d:\Pneum Det\archive\chest_xray\chest_xray\train\PNEUMONIA\person457_virus_944.jpeg,person457,PNEUMONIA,9.716815948486328,0.9999397420598914,0.9966042437813962
d:\Pneum Det\archive\chest_xray\chest_xray\train\PNEUMONIA\person462_bacteria_1961.jpeg,person462,PNEUMONIA,9.657682418823242,0.9999360715679352,0.9964851921573243
d:\Pneum Det\archive\chest_xray\chest_xray\train\PNEUMONIA\person462_bacteria_1963.jpeg,person462,PNEUMONIA,8.225334167480469,0.9997322888385632,0.9919155515602224
d:\Pneum Det\archive\chest_xray\chest_xray\train\PNEUMONIA\person462_bacteria_1967.jpeg,person462,PNEUMONIA,8.61910629272461,0.9998194110128398,0.9935675763148533
d:\Pneum Det\archive\chest_xray\chest_xray\train\PNEUMONIA\person462_bacteria_1968.jpeg,person462,PNEUMONIA,10.18293571472168,0.9999621913832155,0.9974122797198479
d:\Pneum Det\archive\chest_xray\chest_xray\train\PNEUMONIA\person462_virus_951.jpeg,person462,PNEUMONIA,5.000236511230469,0.9933087212323435,0.9490127527103397
d:\Pneum Det\archive\chest_xray\chest_xray\train\PNEUMONIA\person473_bacteria_2018.jpeg,person473,PNEUMONIA,10.063573837280273,0.9999573983017255,0.9972257342849401
d:\Pneum Det\archive\chest_xray\chest_xray\train\PNEUMONIA\person477_bacteria_2028.jpeg,person477,PNEUMONIA,9.008110046386719,0.9998776019906974,0.9948695455912765
d:\Pneum Det\archive\chest_xray\chest_xray\train\PNEUMONIA\person477_bacteria_2029.jpeg,person477,PNEUMONIA,7.9377641677856445,0.9996431236190011,0.9904492745650056
d:\Pneum Det\archive\chest_xray\chest_xray\train\PNEUMONIA\person477_bacteria_2030.jpeg,person477,PNEUMONIA,8.485766410827637,0.9997936574228807,0.993049599241453
d:\Pneum Det\archive\chest_xray\chest_xray\train\PNEUMONIA\person477_bacteria_2031.jpeg,person477,PNEUMONIA,6.377746105194092,0.9983039336340461,0.9765540873742454
d:\Pneum Det\archive\chest_xray\chest_xray\train\PNEUMONIA\person47_bacteria_229.jpeg,person47,PNEUMONIA,9.322656631469727,0.9999106318321609,0.9957278037120596
d:\Pneum Det\archive\chest_xray\chest_xray\train\PNEUMONIA\person483_bacteria_2046.jpeg,person483,PNEUMONIA,5.633838176727295,0.9964379057348459,0.9642341278451955
d:\Pneum Det\archive\chest_xray\chest_xray\train\PNEUMONIA\person483_virus_985.jpeg,person483,PNEUMONIA,3.815432071685791,0.9784465881141545,0.9030026782542023
d:\Pneum Det\archive\chest_xray\chest_xray\train\PNEUMONIA\person485_bacteria_2049.jpeg,person485,PNEUMONIA,-5.30983304977417,0.0049184412079945885,0.042906379698453075
d:\Pneum Det\archive\chest_xray\chest_xray\train\PNEUMONIA\person485_virus_988.jpeg,person485,PNEUMONIA,6.648655414581299,0.9987059136305114,0.9799199858934847
d:\Pneum Det\archive\chest_xray\chest_xray\train\PNEUMONIA\person493_bacteria_2086.jpeg,person493,PNEUMONIA,4.717628002166748,0.9911428006050994,0.94039685966522
d:\Pneum Det\archive\chest_xray\chest_xray\train\PNEUMONIA\person493_bacteria_2087.jpeg,person493,PNEUMONIA,1.9780619144439697,0.8784744093943053,0.7607244239537941
d:\Pneum Det\archive\chest_xray\chest_xray\train\PNEUMONIA\person493_virus_999.jpeg,person493,PNEUMONIA,10.560077667236328,0.9999740698350671,0.9979233439574984
d:\Pneum Det\archive\chest_xray\chest_xray\train\PNEUMONIA\person504_bacteria_2127.jpeg,person504,PNEUMONIA,10.670344352722168,0.9999767770042943,0.9980527637060906
d:\Pneum Det\archive\chest_xray\chest_xray\train\PNEUMONIA\person504_bacteria_2129.jpeg,person504,PNEUMONIA,7.845784664154053,0.9996087547614205,0.9899268470765471
d:\Pneum Det\archive\chest_xray\chest_xray\train\PNEUMONIA\person504_bacteria_2130.jpeg,person504,PNEUMONIA,8.023103713989258,0.9996723063766707,0.9909099488765636
d:\Pneum Det\archive\chest_xray\chest_xray\train\PNEUMONIA\person504_bacteria_2132.jpeg,person504,PNEUMONIA,8.602931022644043,0.9998164667251843,0.9935068444564457
d:\Pneum Det\archive\chest_xray\chest_xray\train\PNEUMONIA\person504_bacteria_2133.jpeg,person504,PNEUMONIA,9.874576568603516,0.9999485360005184,0.9969025581618505
d:\Pneum Det\archive\chest_xray\chest_xray\train\PNEUMONIA\person508_bacteria_2142.jpeg,person508,PNEUMONIA,10.635625839233398,0.9999759565965276,0.9980129075117063
d:\Pneum Det\archive\chest_xray\chest_xray\train\PNEUMONIA\person508_bacteria_2143.jpeg,person508,PNEUMONIA,12.561321258544922,0.9999964950165648,0.9993546860359317
d:\Pneum Det\archive\chest_xray\chest_xray\train\PNEUMONIA\person508_bacteria_2144.jpeg,person508,PNEUMONIA,4.11762809753418,0.9839778003509896,0.9174162801688012
d:\Pneum Det\archive\chest_xray\chest_xray\train\PNEUMONIA\person508_virus_1020.jpeg,person508,PNEUMONIA,3.626279354095459,0.9740749698348863,0.8928737047169114
d:\Pneum Det\archive\chest_xray\chest_xray\train\PNEUMONIA\person508_virus_1021.jpeg,person508,PNEUMONIA,4.824936866760254,0.9920368599790024,0.9438182518678445
d:\Pneum Det\archive\chest_xray\chest_xray\train\PNEUMONIA\person50_bacteria_238.jpeg,person50,PNEUMONIA,6.495205402374268,0.9984916137788319,0.9780762542493446
d:\Pneum Det\archive\chest_xray\chest_xray\train\PNEUMONIA\person515_bacteria_2185.jpeg,person515,PNEUMONIA,9.183439254760742,0.9998972839297953,0.9953671511324272
d:\Pneum Det\archive\chest_xray\chest_xray\train\PNEUMONIA\person515_bacteria_2186.jpeg,person515,PNEUMONIA,9.027650833129883,0.9998799702429002,0.9949275384542844
d:\Pneum Det\archive\chest_xray\chest_xray\train\PNEUMONIA\person515_bacteria_2187.jpeg,person515,PNEUMONIA,9.14045524597168,0.9998927730003594,0.9952497910185789
d:\Pneum Det\archive\chest_xray\chest_xray\train\PNEUMONIA\person515_bacteria_2188.jpeg,person515,PNEUMONIA,10.73731517791748,0.9999782812995546,0.9981274048802149
d:\Pneum Det\archive\chest_xray\chest_xray\train\PNEUMONIA\person515_bacteria_2189.jpeg,person515,PNEUMONIA,9.321771621704102,0.9999105527125287,0.9957256017219516
d:\Pneum Det\archive\chest_xray\chest_xray\train\PNEUMONIA\person515_bacteria_2190.jpeg,person515,PNEUMONIA,9.035293579101562,0.999880883994338,0.9949500426468958
d:\Pneum Det\archive\chest_xray\chest_xray\train\PNEUMONIA\person515_virus_1032.jpeg,person515,PNEUMONIA,10.632513046264648,0.9999758816395932,0.99800929455913
d:\Pneum Det\archive\chest_xray\chest_xray\train\PNEUMONIA\person520_bacteria_2203.jpeg,person520,PNEUMONIA,10.294548034667969,0.9999661841811301,0.9975753761031106
d:\Pneum Det\archive\chest_xray\chest_xray\train\PNEUMONIA\person520_bacteria_2204.jpeg,person520,PNEUMONIA,12.109124183654785,0.9999944910124128,0.9991595309401576
d:\Pneum Det\archive\chest_xray\chest_xray\train\PNEUMONIA\person520_bacteria_2205.jpeg,person520,PNEUMONIA,10.273904800415039,0.9999654788825827,0.9975460034675389
d:\Pneum Det\archive\chest_xray\chest_xray\train\PNEUMONIA\person520_virus_1039.jpeg,person520,PNEUMONIA,5.913454055786133,0.9973044506223713,0.9694641782627776
d:\Pneum Det\archive\chest_xray\chest_xray\train\PNEUMONIA\person522_bacteria_2210.jpeg,person522,PNEUMONIA,7.4730224609375,0.9994321143658704,0.9875041942235949
d:\Pneum Det\archive\chest_xray\chest_xray\train\PNEUMONIA\person522_bacteria_2211.jpeg,person522,PNEUMONIA,6.799961090087891,0.9988874207257813,0.9815889328347144
d:\Pneum Det\archive\chest_xray\chest_xray\train\PNEUMONIA\person522_virus_1041.jpeg,person522,PNEUMONIA,6.772934913635254,0.9988569767927751,0.9813011491978919
d:\Pneum Det\archive\chest_xray\chest_xray\train\PNEUMONIA\person523_virus_1043.jpeg,person523,PNEUMONIA,1.7442517280578613,0.8512263090999672,0.7349602657856825
d:\Pneum Det\archive\chest_xray\chest_xray\train\PNEUMONIA\person526_bacteria_2221.jpeg,person526,PNEUMONIA,11.135492324829102,0.9999854148534992,0.9985157887339613
d:\Pneum Det\archive\chest_xray\chest_xray\train\PNEUMONIA\person534_bacteria_2251.jpeg,person534,PNEUMONIA,5.75825834274292,0.9968533282614387,0.9666601512352788
d:\Pneum Det\archive\chest_xray\chest_xray\train\PNEUMONIA\person534_bacteria_2252.jpeg,person534,PNEUMONIA,10.938497543334961,0.9999822391738551,0.9983348863679257
d:\Pneum Det\archive\chest_xray\chest_xray\train\PNEUMONIA\person534_bacteria_2253.jpeg,person534,PNEUMONIA,6.741206169128418,0.9988201720940776,0.9809576568215023
d:\Pneum Det\archive\chest_xray\chest_xray\train\PNEUMONIA\person534_bacteria_2254.jpeg,person534,PNEUMONIA,10.617693901062012,0.9999755215735109,0.9979920041890593
d:\Pneum Det\archive\chest_xray\chest_xray\train\PNEUMONIA\person534_virus_1061.jpeg,person534,PNEUMONIA,9.539201736450195,0.999928030900749,0.9962340003420955
d:\Pneum Det\archive\chest_xray\chest_xray\train\PNEUMONIA\person544_bacteria_2286.jpeg,person544,PNEUMONIA,6.3081889152526855,0.9981819823730456,0.9756045566921319
d:\Pneum Det\archive\chest_xray\chest_xray\train\PNEUMONIA\person544_virus_1074.jpeg,person544,PNEUMONIA,10.230749130249023,0.9999639565417648,0.9974834469198525
d:\Pneum Det\archive\chest_xray\chest_xray\train\PNEUMONIA\person544_virus_1075.jpeg,person544,PNEUMONIA,12.119636535644531,0.9999945486211813,0.9991646771634245
d:\Pneum Det\archive\chest_xray\chest_xray\train\PNEUMONIA\person544_virus_1076.jpeg,person544,PNEUMONIA,11.43822193145752,0.9999892244696962,0.9987562814780172
d:\Pneum Det\archive\chest_xray\chest_xray\train\PNEUMONIA\person544_virus_1078.jpeg,person544,PNEUMONIA,9.736499786376953,0.9999409165006659,0.996642974270799
d:\Pneum Det\archive\chest_xray\chest_xray\train\PNEUMONIA\person544_virus_1079.jpeg,person544,PNEUMONIA,12.511330604553223,0.9999963153473201,0.999335556770256
d:\Pneum Det\archive\chest_xray\chest_xray\train\PNEUMONIA\person544_virus_1080.jpeg,person544,PNEUMONIA,10.209894180297852,0.999963196992257,0.9974526489326626
d:\Pneum Det\archive\chest_xray\chest_xray\train\PNEUMONIA\person546_virus_1085.jpeg,person546,PNEUMONIA,8.439319610595703,0.9997838495325916,0.9928596102344811
d:\Pneum Det\archive\chest_xray\chest_xray\train\PNEUMONIA\person54_bacteria_257.jpeg,person54,PNEUMONIA,7.874603271484375,0.9996198647619652,0.9900935044651518
d:\Pneum Det\archive\chest_xray\chest_xray\train\PNEUMONIA\person54_bacteria_258.jpeg,person54,PNEUMONIA,-1.0338603258132935,0.2623363842604837,0.35330542235248347
d:\Pneum Det\archive\chest_xray\chest_xray\train\PNEUMONIA\person551_bacteria_2310.jpeg,person551,PNEUMONIA,4.589263916015625,0.9899418595898263,0.9360479956930552
d:\Pneum Det\archive\chest_xray\chest_xray\train\PNEUMONIA\person551_bacteria_2311.jpeg,person551,PNEUMONIA,8.080484390258789,0.9996905747035395,0.9912072489149643
d:\Pneum Det\archive\chest_xray\chest_xray\train\PNEUMONIA\person551_virus_1091.jpeg,person551,PNEUMONIA,11.574572563171387,0.9999905979420827,0.9988514834891686
d:\Pneum Det\archive\chest_xray\chest_xray\train\PNEUMONIA\person553_bacteria_2316.jpeg,person553,PNEUMONIA,10.49714469909668,0.9999723855760233,0.9978456681758249
d:\Pneum Det\archive\chest_xray\chest_xray\train\PNEUMONIA\person553_bacteria_2317.jpeg,person553,PNEUMONIA,11.056112289428711,0.9999842099107855,0.9984453820898495
d:\Pneum Det\archive\chest_xray\chest_xray\train\PNEUMONIA\person553_virus_1093.jpeg,person553,PNEUMONIA,10.786430358886719,0.9999793222235709,0.9981803238296293
d:\Pneum Det\archive\chest_xray\chest_xray\train\PNEUMONIA\person560_bacteria_2330.jpeg,person560,PNEUMONIA,9.058996200561523,0.9998836738336337,0.9950192055857885
d:\Pneum Det\archive\chest_xray\chest_xray\train\PNEUMONIA\person562_bacteria_2332.jpeg,person562,PNEUMONIA,8.025979995727539,0.9996732472541151,0.9909250857945379
d:\Pneum Det\archive\chest_xray\chest_xray\train\PNEUMONIA\person562_virus_1102.jpeg,person562,PNEUMONIA,7.338240146636963,0.999350228716876,0.9864933557247
d:\Pneum Det\archive\chest_xray\chest_xray\train\PNEUMONIA\person568_bacteria_2358.jpeg,person568,PNEUMONIA,6.083385944366455,0.9977247464681577,0.9722724431416437
d:\Pneum Det\archive\chest_xray\chest_xray\train\PNEUMONIA\person568_bacteria_2359.jpeg,person568,PNEUMONIA,7.73935079574585,0.999564835333629,0.9892869411480515
d:\Pneum Det\archive\chest_xray\chest_xray\train\PNEUMONIA\person576_bacteria_2375.jpeg,person576,PNEUMONIA,7.3397722244262695,0.9993512228094611,0.9865052872845609
d:\Pneum Det\archive\chest_xray\chest_xray\train\PNEUMONIA\person576_bacteria_2376.jpeg,person576,PNEUMONIA,9.964221000671387,0.9999529485113772,0.9970602753620484
d:\Pneum Det\archive\chest_xray\chest_xray\train\PNEUMONIA\person576_virus_1120.jpeg,person576,PNEUMONIA,7.3958845138549805,0.9993866029399185,0.9869351887607763
d:\Pneum Det\archive\chest_xray\chest_xray\train\PNEUMONIA\person577_bacteria_2378.jpeg,person577,PNEUMONIA,1.2788892984390259,0.782260651132044,0.6787034752759109
d:\Pneum Det\archive\chest_xray\chest_xray\train\PNEUMONIA\person577_virus_1121.jpeg,person577,PNEUMONIA,8.57551383972168,0.9998113661062221,0.9934025997700886
d:\Pneum Det\archive\chest_xray\chest_xray\train\PNEUMONIA\person580_bacteria_2387.jpeg,person580,PNEUMONIA,9.283498764038086,0.9999070632780077,0.9956292861850472
d:\Pneum Det\archive\chest_xray\chest_xray\train\PNEUMONIA\person580_bacteria_2388.jpeg,person580,PNEUMONIA,10.244552612304688,0.9999644506313833,0.9975036269478544
d:\Pneum Det\archive\chest_xray\chest_xray\train\PNEUMONIA\person580_bacteria_2389.jpeg,person580,PNEUMONIA,10.602097511291504,0.9999751368153023,0.9979736450689962
d:\Pneum Det\archive\chest_xray\chest_xray\train\PNEUMONIA\person593_bacteria_2435.jpeg,person593,PNEUMONIA,7.907633304595947,0.9996322110027379,0.990281161298976
d:\Pneum Det\archive\chest_xray\chest_xray\train\PNEUMONIA\person593_virus_1142.jpeg,person593,PNEUMONIA,10.923971176147461,0.9999819792952461,0.9983207062182672
d:\Pneum Det\archive\chest_xray\chest_xray\train\PNEUMONIA\person59_bacteria_279.jpeg,person59,PNEUMONIA,6.9212799072265625,0.9990144059353868,0.9828281155631202
d:\Pneum Det\archive\chest_xray\chest_xray\train\PNEUMONIA\person59_bacteria_280.jpeg,person59,PNEUMONIA,8.040298461914062,0.9996778910200987,0.9910000682988122
d:\Pneum Det\archive\chest_xray\chest_xray\train\PNEUMONIA\person59_bacteria_281.jpeg,person59,PNEUMONIA,8.106998443603516,0.9996986685753654,0.9913413480268161
d:\Pneum Det\archive\chest_xray\chest_xray\train\PNEUMONIA\person59_bacteria_282.jpeg,person59,PNEUMONIA,7.255112648010254,0.9992939460813081,0.98583013790406
d:\Pneum Det\archive\chest_xray\chest_xray\train\PNEUMONIA\person59_bacteria_283.jpeg,person59,PNEUMONIA,7.45589017868042,0.9994223070383039,0.9873799703583587
d:\Pneum Det\archive\chest_xray\chest_xray\train\PNEUMONIA\person59_bacteria_284.jpeg,person59,PNEUMONIA,9.631038665771484,0.9999343454939719,0.9964302006780694
d:\Pneum Det\archive\chest_xray\chest_xray\train\PNEUMONIA\person5_bacteria_15.jpeg,person5,PNEUMONIA,7.129769325256348,0.999199736819537,0.9847689851230819
d:\Pneum Det\archive\chest_xray\chest_xray\train\PNEUMONIA\person5_bacteria_16.jpeg,person5,PNEUMONIA,8.721341133117676,0.9998369582391066,0.9939385819950585
d:\Pneum Det\archive\chest_xray\chest_xray\train\PNEUMONIA\person5_bacteria_17.jpeg,person5,PNEUMONIA,9.368947982788086,0.9999146741679994,0.9958414200285364
d:\Pneum Det\archive\chest_xray\chest_xray\train\PNEUMONIA\person5_bacteria_19.jpeg,person5,PNEUMONIA,10.532848358154297,0.9999733540930474,0.9978900848968483
d:\Pneum Det\archive\chest_xray\chest_xray\train\PNEUMONIA\person607_bacteria_2470.jpeg,person607,PNEUMONIA,11.018075942993164,0.999983597755051,0.9984104733431401
d:\Pneum Det\archive\chest_xray\chest_xray\train\PNEUMONIA\person607_virus_1173.jpeg,person607,PNEUMONIA,5.514825344085693,0.995989518176749,0.9617550484860752
d:\Pneum Det\archive\chest_xray\chest_xray\train\PNEUMONIA\person60_bacteria_285.jpeg,person60,PNEUMONIA,8.64303970336914,0.9998236810589495,0.9936564031356061
d:\Pneum Det\archive\chest_xray\chest_xray\train\PNEUMONIA\person60_bacteria_286.jpeg,person60,PNEUMONIA,9.659183502197266,0.9999361674517334,0.9964882650829828
d:\Pneum Det\archive\chest_xray\chest_xray\train\PNEUMONIA\person60_bacteria_287.jpeg,person60,PNEUMONIA,4.264034748077393,0.9861296551917949,0.923674936151198
d:\Pneum Det\archive\chest_xray\chest_xray\train\PNEUMONIA\person610_bacteria_2475.jpeg,person610,PNEUMONIA,11.594168663024902,0.9999907803905719,0.9988645539740366
d:\Pneum Det\archive\chest_xray\chest_xray\train\PNEUMONIA\person610_virus_1177.jpeg,person610,PNEUMONIA,7.3984904289245605,0.999388198342975,0.9869548220866737
d:\Pneum Det\archive\chest_xray\chest_xray\train\PNEUMONIA\person612_bacteria_2477.jpeg,person612,PNEUMONIA,5.861461639404297,0.9971610036109103,0.9685512120255837
d:\Pneum Det\archive\chest_xray\chest_xray\train\PNEUMONIA\person612_bacteria_2478.jpeg,person612,PNEUMONIA,8.411604881286621,0.9997777765452583,0.9927437971513635
d:\Pneum Det\archive\chest_xray\chest_xray\train\PNEUMONIA\person612_virus_1179.jpeg,person612,PNEUMONIA,10.453279495239258,0.9999711473394257,0.9977898188984371
d:\Pneum Det\archive\chest_xray\chest_xray\train\PNEUMONIA\person616_bacteria_2487.jpeg,person616,PNEUMONIA,5.927280426025391,0.9973413654127911,0.9697026110564473
d:\Pneum Det\archive\chest_xray\chest_xray\train\PNEUMONIA\person616_virus_1186.jpeg,person616,PNEUMONIA,8.103225708007812,0.9996975299288793,0.9913223912389401
d:\Pneum Det\archive\chest_xray\chest_xray\train\PNEUMONIA\person620_bacteria_2492.jpeg,person620,PNEUMONIA,7.017887592315674,0.9991050859761258,0.9837559533083264
d:\Pneum Det\archive\chest_xray\chest_xray\train\PNEUMONIA\person620_virus_1191.jpeg,person620,PNEUMONIA,7.031599521636963,0.9991172624695095,0.9838835856245048
d:\Pneum Det\archive\chest_xray\chest_xray\train\PNEUMONIA\person620_virus_1192.jpeg,person620,PNEUMONIA,6.307008266448975,0.9981798385742895,0.9755881201703229
d:\Pneum Det\archive\chest_xray\chest_xray\train\PNEUMONIA\person626_bacteria_2502.jpeg,person626,PNEUMONIA,11.24949836730957,0.9999869863451809,0.9986113734920645
d:\Pneum Det\archive\chest_xray\chest_xray\train\PNEUMONIA\person626_virus_1202.jpeg,person626,PNEUMONIA,7.9044976234436035,0.9996310563498368,0.9902634985089999
d:\Pneum Det\archive\chest_xray\chest_xray\train\PNEUMONIA\person629_bacteria_2506.jpeg,person629,PNEUMONIA,5.540187358856201,0.9960895603321422,0.962296818048875
d:\Pneum Det\archive\chest_xray\chest_xray\train\PNEUMONIA\person629_bacteria_2507.jpeg,person629,PNEUMONIA,7.281851291656494,0.999312562035545,0.9860468962859459
d:\Pneum Det\archive\chest_xray\chest_xray\train\PNEUMONIA\person629_bacteria_2508.jpeg,person629,PNEUMONIA,8.241806030273438,0.9997366612689398,0.9919924248877722
d:\Pneum Det\archive\chest_xray\chest_xray\train\PNEUMONIA\person629_bacteria_2509.jpeg,person629,PNEUMONIA,8.475627899169922,0.999791555213696,0.9930085609692458
d:\Pneum Det\archive\chest_xray\chest_xray\train\PNEUMONIA\person629_bacteria_2510.jpeg,person629,PNEUMONIA,10.003580093383789,0.999954764361981,0.9971269680475472
d:\Pneum Det\archive\chest_xray\chest_xray\train\PNEUMONIA\person629_virus_1207.jpeg,person629,PNEUMONIA,9.016806602478027,0.9998786616881555,0.994895436115608
d:\Pneum Det\archive\chest_xray\chest_xray\train\PNEUMONIA\person634_bacteria_2525.jpeg,person634,PNEUMONIA,7.580913066864014,0.9994901648052757,0.9882592089526291
d:\Pneum Det\archive\chest_xray\chest_xray\train\PNEUMONIA\person641_bacteria_2533.jpeg,person641,PNEUMONIA,2.5244030952453613,0.9258349590070363,0.8139863747261414
d:\Pneum Det\archive\chest_xray\chest_xray\train\PNEUMONIA\person641_virus_1222.jpeg,person641,PNEUMONIA,9.461713790893555,0.9999222328584461,0.9960601241133776
d:\Pneum Det\archive\chest_xray\chest_xray\train\PNEUMONIA\person643_bacteria_2534.jpeg,person643,PNEUMONIA,9.547809600830078,0.9999286476983286,0.9962528375611328
d:\Pneum Det\archive\chest_xray\chest_xray\train\PNEUMONIA\person645_bacteria_2537.jpeg,person645,PNEUMONIA,8.596511840820312,0.999815285020611,0.9934825853319555
d:\Pneum Det\archive\chest_xray\chest_xray\train\PNEUMONIA\person645_virus_1226.jpeg,person645,PNEUMONIA,8.263365745544434,0.9997422765641836,0.9920919483204812
d:\Pneum Det\archive\chest_xray\chest_xray\train\PNEUMONIA\person653_bacteria_2545.jpeg,person653,PNEUMONIA,7.362655162811279,0.9993658908599059,0.9866822633287858
d:\Pneum Det\archive\chest_xray\chest_xray\train\PNEUMONIA\person653_virus_1235.jpeg,person653,PNEUMONIA,7.259744644165039,0.9992972066645675,0.9858679237008804
d:\Pneum Det\archive\chest_xray\chest_xray\train\PNEUMONIA\person659_bacteria_2551.jpeg,person659,PNEUMONIA,9.775550842285156,0.9999431791751486,0.9967185139180054
d:\Pneum Det\archive\chest_xray\chest_xray\train\PNEUMONIA\person659_virus_1243.jpeg,person659,PNEUMONIA,8.086801528930664,0.9996925226258994,0.9912393844782169
d:\Pneum Det\archive\chest_xray\chest_xray\train\PNEUMONIA\person664_virus_1249.jpeg,person664,PNEUMONIA,3.075979232788086,0.9558909656889805,0.8579849180283753
d:\Pneum Det\archive\chest_xray\chest_xray\train\PNEUMONIA\person670_bacteria_2563.jpeg,person670,PNEUMONIA,7.252302169799805,0.999291960348029,0.9858071627318814
d:\Pneum Det\archive\chest_xray\chest_xray\train\PNEUMONIA\person670_virus_1256.jpeg,person670,PNEUMONIA,9.832071304321289,0.9999463014739288,0.9968248552891102
d:\Pneum Det\archive\chest_xray\chest_xray\train\PNEUMONIA\person670_virus_1259.jpeg,person670,PNEUMONIA,9.67757797241211,0.9999373308115609,0.9965257044088193
d:\Pneum Det\archive\chest_xray\chest_xray\train\PNEUMONIA\person673_bacteria_2566.jpeg,person673,PNEUMONIA,10.098114967346191,0.9999588446292752,0.9972810549937678
d:\Pneum Det\archive\chest_xray\chest_xray\train\PNEUMONIA\person673_virus_1263.jpeg,person673,PNEUMONIA,8.953938484191895,0.9998707895003194,0.9947053043308091
d:\Pneum Det\archive\chest_xray\chest_xray\train\PNEUMONIA\person678_bacteria_2572.jpeg,person678,PNEUMONIA,1.025497317314148,0.7360420261461731,0.6455764615400795
d:\Pneum Det\archive\chest_xray\chest_xray\train\PNEUMONIA\person687_bacteria_2583.jpeg,person687,PNEUMONIA,11.465496063232422,0.9999895143882378,0.9987759352821963
d:\Pneum Det\archive\chest_xray\chest_xray\train\PNEUMONIA\person696_bacteria_2594.jpeg,person696,PNEUMONIA,9.02981185913086,0.9998802293192228,0.9949339117294808
d:\Pneum Det\archive\chest_xray\chest_xray\train\PNEUMONIA\person703_bacteria_2602.jpeg,person703,PNEUMONIA,7.642839431762695,0.9995207646676658,0.9886720186240883
d:\Pneum Det\archive\chest_xray\chest_xray\train\PNEUMONIA\person703_virus_1300.jpeg,person703,PNEUMONIA,-3.208116292953491,0.03886143213399717,0.13285829415793296
d:\Pneum Det\archive\chest_xray\chest_xray\train\PNEUMONIA\person70_bacteria_341.jpeg,person70,PNEUMONIA,9.916975021362305,0.9999506722793673,0.9969781770778369
d:\Pneum Det\archive\chest_xray\chest_xray\train\PNEUMONIA\person70_bacteria_342.jpeg,person70,PNEUMONIA,8.64996337890625,0.9998248974046768,0.9936818717232757
d:\Pneum Det\archive\chest_xray\chest_xray\train\PNEUMONIA\person70_bacteria_343.jpeg,person70,PNEUMONIA,8.509307861328125,0.9997984573274008,0.9931439691592318
d:\Pneum Det\archive\chest_xray\chest_xray\train\PNEUMONIA\person70_bacteria_344.jpeg,person70,PNEUMONIA,8.391204833984375,0.9997731976584907,0.9926573607100369
d:\Pneum Det\archive\chest_xray\chest_xray\train\PNEUMONIA\person70_bacteria_345.jpeg,person70,PNEUMONIA,7.970879077911377,0.9996547440022128,0.990630716554167
d:\Pneum Det\archive\chest_xray\chest_xray\train\PNEUMONIA\person70_bacteria_346.jpeg,person70,PNEUMONIA,10.605443000793457,0.9999752198537849,0.9979775972361694
d:\Pneum Det\archive\chest_xray\chest_xray\train\PNEUMONIA\person718_bacteria_2620.jpeg,person718,PNEUMONIA,-4.551721572875977,0.010438907496426262,0.06527877951642805
d:\Pneum Det\archive\chest_xray\chest_xray\train\PNEUMONIA\person718_virus_1316.jpeg,person718,PNEUMONIA,8.855499267578125,0.9998574249247055,0.9943933502355652
d:\Pneum Det\archive\chest_xray\chest_xray\train\PNEUMONIA\person71_bacteria_347.jpeg,person71,PNEUMONIA,6.912228584289551,0.9990054534225821,0.9827385622074822
d:\Pneum Det\archive\chest_xray\chest_xray\train\PNEUMONIA\person71_bacteria_348.jpeg,person71,PNEUMONIA,10.453518867492676,0.9999711542449264,0.9977901275542979
d:\Pneum Det\archive\chest_xray\chest_xray\train\PNEUMONIA\person71_bacteria_349.jpeg,person71,PNEUMONIA,7.794610500335693,0.9995882204253269,0.9896240410504131
d:\Pneum Det\archive\chest_xray\chest_xray\train\PNEUMONIA\person71_bacteria_350.jpeg,person71,PNEUMONIA,9.548883438110352,0.9999287242725075,0.9962551809226657
d:\Pneum Det\archive\chest_xray\chest_xray\train\PNEUMONIA\person71_bacteria_351.jpeg,person71,PNEUMONIA,10.043444633483887,0.9999565321121278,0.9971929793812251
d:\Pneum Det\archive\chest_xray\chest_xray\train\PNEUMONIA\person724_bacteria_2626.jpeg,person724,PNEUMONIA,12.239667892456055,0.9999951652093422,0.9992212519514381
d:\Pneum Det\archive\chest_xray\chest_xray\train\PNEUMONIA\person724_virus_1343.jpeg,person724,PNEUMONIA,12.402253150939941,0.9999958906975343,0.9992918274240395
d:\Pneum Det\archive\chest_xray\chest_xray\train\PNEUMONIA\person724_virus_1344.jpeg,person724,PNEUMONIA,10.95578384399414,0.9999825435491357,0.9983516049880127
d:\Pneum Det\archive\chest_xray\chest_xray\train\PNEUMONIA\person727_bacteria_2629.jpeg,person727,PNEUMONIA,8.544269561767578,0.9998053805024374,0.9932817757936792
d:\Pneum Det\archive\chest_xray\chest_xray\train\PNEUMONIA\person727_virus_1347.jpeg,person727,PNEUMONIA,3.199326753616333,0.960808933888943,0.8665484688486228
d:\Pneum Det\archive\chest_xray\chest_xray\train\PNEUMONIA\person737_bacteria_2640.jpeg,person737,PNEUMONIA,10.318976402282715,0.9999670002114012,0.9976096817357273
d:\Pneum Det\archive\chest_xray\chest_xray\train\PNEUMONIA\person73_bacteria_355.jpeg,person73,PNEUMONIA,7.8813090324401855,0.9996224043709527,0.9901318905685037
d:\Pneum Det\archive\chest_xray\chest_xray\train\PNEUMONIA\person73_bacteria_356.jpeg,person73,PNEUMONIA,10.004449844360352,0.9999548036868393,0.9971284246468421
d:\Pneum Det\archive\chest_xray\chest_xray\train\PNEUMONIA\person73_bacteria_357.jpeg,person73,PNEUMONIA,7.849985599517822,0.999610394270877,0.9899513126842356
d:\Pneum Det\archive\chest_xray\chest_xray\train\PNEUMONIA\person73_bacteria_358.jpeg,person73,PNEUMONIA,8.238518714904785,0.9997357943961372,0.9919771412907104
d:\Pneum Det\archive\chest_xray\chest_xray\train\PNEUMONIA\person73_bacteria_359.jpeg,person73,PNEUMONIA,11.443021774291992,0.9999892760660671,0.9987597629659067
d:\Pneum Det\archive\chest_xray\chest_xray\train\PNEUMONIA\person73_bacteria_360.jpeg,person73,PNEUMONIA,9.626826286315918,0.999934068367242,0.9964214283801223
d:\Pneum Det\archive\chest_xray\chest_xray\train\PNEUMONIA\person744_bacteria_2647.jpeg,person744,PNEUMONIA,14.186458587646484,0.999999309920672,0.9997504030717683
d:\Pneum Det\archive\chest_xray\chest_xray\train\PNEUMONIA\person744_virus_1367.jpeg,person744,PNEUMONIA,4.612311840057373,0.9901687747719224,0.9368500372619929
d:\Pneum Det\archive\chest_xray\chest_xray\train\PNEUMONIA\person745_bacteria_2648.jpeg,person745,PNEUMONIA,-1.3059923648834229,0.21315823920952165,0.317850397792543
d:\Pneum Det\archive\chest_xray\chest_xray\train\PNEUMONIA\person745_virus_1368.jpeg,person745,PNEUMONIA,1.8992241621017456,0.8698036909004889,0.7522326636952943
d:\Pneum Det\archive\chest_xray\chest_xray\train\PNEUMONIA\person74_bacteria_361.jpeg,person74,PNEUMONIA,8.583024024963379,0.9998127772110116,0.993431318955703
d:\Pneum Det\archive\chest_xray\chest_xray\train\PNEUMONIA\person74_bacteria_362.jpeg,person74,PNEUMONIA,6.026020526885986,0.9975907329368364,0.9713536715971117
d:\Pneum Det\archive\chest_xray\chest_xray\train\PNEUMONIA\person74_bacteria_363.jpeg,person74,PNEUMONIA,5.19996976852417,0.9945135361491227,0.9543766626404596
d:\Pneum Det\archive\chest_xray\chest_xray\train\PNEUMONIA\person755_bacteria_2659.jpeg,person755,PNEUMONIA,10.328652381896973,0.9999673179664725,0.9976231357910132
d:\Pneum Det\archive\chest_xray\chest_xray\train\PNEUMONIA\person755_virus_1380.jpeg,person755,PNEUMONIA,5.980592250823975,0.9974790422535184,0.9706051869331052
d:\Pneum Det\archive\chest_xray\chest_xray\train\PNEUMONIA\person755_virus_1382.jpeg,person755,PNEUMONIA,5.868706703186035,0.9971814402250061,0.9686799986886102
d:\Pneum Det\archive\chest_xray\chest_xray\train\PNEUMONIA\person75_bacteria_364.jpeg,person75,PNEUMONIA,4.601881980895996,0.9900667237548548,0.9364882586119037
d:\Pneum Det\archive\chest_xray\chest_xray\train\PNEUMONIA\person75_bacteria_365.jpeg,person75,PNEUMONIA,10.774909973144531,0.9999790826351675,0.9981680468237348
d:\Pneum Det\archive\chest_xray\chest_xray\train\PNEUMONIA\person75_bacteria_366.jpeg,person75,PNEUMONIA,8.445244789123535,0.9997851262015237,0.9928841309899197
d:\Pneum Det\archive\chest_xray\chest_xray\train\PNEUMONIA\person75_bacteria_367.jpeg,person75,PNEUMONIA,8.811365127563477,0.9998509925340359,0.9942476189851562
d:\Pneum Det\archive\chest_xray\chest_xray\train\PNEUMONIA\person75_bacteria_368.jpeg,person75,PNEUMONIA,9.270928382873535,0.9999058877650908,0.9955971831843081
d:\Pneum Det\archive\chest_xray\chest_xray\train\PNEUMONIA\person75_bacteria_369.jpeg,person75,PNEUMONIA,8.1610689163208,0.9997145245244483,0.9916085669803321
d:\Pneum Det\archive\chest_xray\chest_xray\train\PNEUMONIA\person762_virus_1390.jpeg,person762,PNEUMONIA,8.356182098388672,0.9997651155837111,0.992506577041647
d:\Pneum Det\archive\chest_xray\chest_xray\train\PNEUMONIA\person763_bacteria_2667.jpeg,person763,PNEUMONIA,6.854674816131592,0.9989465963384782,0.9821582995026729
d:\Pneum Det\archive\chest_xray\chest_xray\train\PNEUMONIA\person763_virus_1391.jpeg,person763,PNEUMONIA,5.1875,0.994445075296309,0.9540581192225527
d:\Pneum Det\archive\chest_xray\chest_xray\train\PNEUMONIA\person765_bacteria_2669.jpeg,person765,PNEUMONIA,3.172370195388794,0.9597811768997483,0.8647150892442527
d:\Pneum Det\archive\chest_xray\chest_xray\train\PNEUMONIA\person765_virus_1393.jpeg,person765,PNEUMONIA,6.42515230178833,0.9983823345947891,0.9771804640565268
d:\Pneum Det\archive\chest_xray\chest_xray\train\PNEUMONIA\person767_bacteria_2671.jpeg,person767,PNEUMONIA,10.239994049072266,0.9999642882132104,0.9974969804623658
d:\Pneum Det\archive\chest_xray\chest_xray\train\PNEUMONIA\person770_bacteria_2674.jpeg,person770,PNEUMONIA,11.376943588256836,0.9999885435199499,0.9987109669940304
d:\Pneum Det\archive\chest_xray\chest_xray\train\PNEUMONIA\person770_virus_1398.jpeg,person770,PNEUMONIA,10.069770812988281,0.9999576614759531,0.9972357412667417
d:\Pneum Det\archive\chest_xray\chest_xray\train\PNEUMONIA\person776_bacteria_2680.jpeg,person776,PNEUMONIA,8.83595085144043,0.9998546107967631,0.9943292597152331
d:\Pneum Det\archive\chest_xray\chest_xray\train\PNEUMONIA\person776_virus_1405.jpeg,person776,PNEUMONIA,8.261895179748535,0.9997418973839984,0.9920851990984121
d:\Pneum Det\archive\chest_xray\chest_xray\train\PNEUMONIA\person786_bacteria_2690.jpeg,person786,PNEUMONIA,4.61761999130249,0.9902203131355051,0.9370334213669334
d:\Pneum Det\archive\chest_xray\chest_xray\train\PNEUMONIA\person791_virus_1422.jpeg,person791,PNEUMONIA,-8.584945678710938,0.00018686342424146138,0.0065613525554163565
d:\Pneum Det\archive\chest_xray\chest_xray\train\PNEUMONIA\person802_bacteria_2708.jpeg,person802,PNEUMONIA,3.1625452041625977,0.9594002018353229,0.8640416035725544
d:\Pneum Det\archive\chest_xray\chest_xray\train\PNEUMONIA\person806_virus_1439.jpeg,person806,PNEUMONIA,5.645209789276123,0.9964780411926245,0.964462738920546
d:\Pneum Det\archive\chest_xray\chest_xray\train\PNEUMONIA\person806_virus_1440.jpeg,person806,PNEUMONIA,5.854772090911865,0.9971420028022885,0.9684318452360928
d:\Pneum Det\archive\chest_xray\chest_xray\train\PNEUMONIA\person80_virus_150.jpeg,person80,PNEUMONIA,11.564247131347656,0.9999905003597742,0.9988445361396887
d:\Pneum Det\archive\chest_xray\chest_xray\train\PNEUMONIA\person813_bacteria_2723.jpeg,person813,PNEUMONIA,7.663613319396973,0.9995306129280923,0.988807260412685
d:\Pneum Det\archive\chest_xray\chest_xray\train\PNEUMONIA\person813_bacteria_2724.jpeg,person813,PNEUMONIA,13.379279136657715,0.9999984531356616,0.9995999105068926
d:\Pneum Det\archive\chest_xray\chest_xray\train\PNEUMONIA\person813_virus_1449.jpeg,person813,PNEUMONIA,-4.6913275718688965,0.009091092053829766,0.06047100101674926
d:\Pneum Det\archive\chest_xray\chest_xray\train\PNEUMONIA\person816_bacteria_2727.jpeg,person816,PNEUMONIA,10.799453735351562,0.9999795897666031,0.9981941036690968
d:\Pneum Det\archive\chest_xray\chest_xray\train\PNEUMONIA\person823_virus_1459.jpeg,person823,PNEUMONIA,10.000394821166992,0.9999546200509858,0.9971216272796044
d:\Pneum Det\archive\chest_xray\chest_xray\train\PNEUMONIA\person827_bacteria_2738.jpeg,person827,PNEUMONIA,6.292203426361084,0.9981527410616726,0.9753810943430495
d:\Pneum Det\archive\chest_xray\chest_xray\train\PNEUMONIA\person833_virus_1469.jpeg,person833,PNEUMONIA,-6.78631067276001,0.0011278533281535263,0.01855587395862715
d:\Pneum Det\archive\chest_xray\chest_xray\train\PNEUMONIA\person837_bacteria_2753.jpeg,person837,PNEUMONIA,6.923705101013184,0.999016790948638,0.982852032672584
d:\Pneum Det\archive\chest_xray\chest_xray\train\PNEUMONIA\person837_bacteria_2754.jpeg,person837,PNEUMONIA,7.70929479598999,0.9995515634388265,0.9890990655129509
d:\Pneum Det\archive\chest_xray\chest_xray\train\PNEUMONIA\person837_virus_1475.jpeg,person837,PNEUMONIA,8.51898193359375,0.999800397277867,0.9931823794291199
d:\Pneum Det\archive\chest_xray\chest_xray\train\PNEUMONIA\person842_bacteria_2762.jpeg,person842,PNEUMONIA,9.32109260559082,0.9999104919611922,0.9957239114979142
d:\Pneum Det\archive\chest_xray\chest_xray\train\PNEUMONIA\person842_virus_1483.jpeg,person842,PNEUMONIA,6.571791172027588,0.9986026664739786,0.979016255864393
d:\Pneum Det\archive\chest_xray\chest_xray\train\PNEUMONIA\person850_bacteria_2771.jpeg,person850,PNEUMONIA,9.04905891418457,0.9998825122410371,0.994990324618962
d:\Pneum Det\archive\chest_xray\chest_xray\train\PNEUMONIA\person855_bacteria_2777.jpeg,person855,PNEUMONIA,8.612800598144531,0.9998182688836119,0.9935439682914656
d:\Pneum Det\archive\chest_xray\chest_xray\train\PNEUMONIA\person855_virus_1500.jpeg,person855,PNEUMONIA,9.23337173461914,0.9999022863654154,0.9954998636141805
d:\Pneum Det\archive\chest_xray\chest_xray\train\PNEUMONIA\person862_bacteria_2784.jpeg,person862,PNEUMONIA,7.450982093811035,0.9994194663527844,0.987344158372621
d:\Pneum Det\archive\chest_xray\chest_xray\train\PNEUMONIA\person862_virus_1507.jpeg,person862,PNEUMONIA,13.574413299560547,0.9999987273568149,0.9996430383613745
d:\Pneum Det\archive\chest_xray\chest_xray\train\PNEUMONIA\person87_virus_160.jpeg,person87,PNEUMONIA,10.713669776916504,0.9999777616440744,0.9981013832133211
d:\Pneum Det\archive\chest_xray\chest_xray\train\PNEUMONIA\person880_bacteria_2804.jpeg,person880,PNEUMONIA,6.357943058013916,0.9982700702631022,0.9762874887787814
d:\Pneum Det\archive\chest_xray\chest_xray\train\PNEUMONIA\person880_virus_1529.jpeg,person880,PNEUMONIA,12.357059478759766,0.9999957007233831,0.9992728771283501
d:\Pneum Det\archive\chest_xray\chest_xray\train\PNEUMONIA\person881_bacteria_2805.jpeg,person881,PNEUMONIA,7.1456828117370605,0.999212361052088,0.9849079275293477
d:\Pneum Det\archive\chest_xray\chest_xray\train\PNEUMONIA\person881_virus_1531.jpeg,person881,PNEUMONIA,8.731704711914062,0.9998386389385183,0.9939749825697726
d:\Pneum Det\archive\chest_xray\chest_xray\train\PNEUMONIA\person883_bacteria_2807.jpeg,person883,PNEUMONIA,10.181051254272461,0.9999621200698989,0.9974094340718387
d:\Pneum Det\archive\chest_xray\chest_xray\train\PNEUMONIA\person883_virus_1533.jpeg,person883,PNEUMONIA,11.89159107208252,0.99999315230131,0.9990456344077573
d:\Pneum Det\archive\chest_xray\chest_xray\train\PNEUMONIA\person888_bacteria_2812.jpeg,person888,PNEUMONIA,11.019594192504883,0.9999836226384493,0.9984118816328003
d:\Pneum Det\archive\chest_xray\chest_xray\train\PNEUMONIA\person888_virus_1538.jpeg,person888,PNEUMONIA,10.632530212402344,0.9999758820535987,0.9980093145014675
d:\Pneum Det\archive\chest_xray\chest_xray\train\PNEUMONIA\person890_bacteria_2814.jpeg,person890,PNEUMONIA,9.012855529785156,0.9998781813818292,0.9948836895256669
d:\Pneum Det\archive\chest_xray\chest_xray\train\PNEUMONIA\person890_virus_1540.jpeg,person890,PNEUMONIA,7.717075824737549,0.9995550376499973,0.9891480139084738
d:\Pneum Det\archive\chest_xray\chest_xray\train\PNEUMONIA\person891_virus_1541.jpeg,person891,PNEUMONIA,11.090482711791992,0.9999847433940021,0.9984762675058693
d:\Pneum Det\archive\chest_xray\chest_xray\train\PNEUMONIA\person901_virus_1555.jpeg,person901,PNEUMONIA,13.226158142089844,0.9999981971826909,0.9995624517402564
d:\Pneum Det\archive\chest_xray\chest_xray\train\PNEUMONIA\person902_bacteria_2827.jpeg,person902,PNEUMONIA,10.322944641113281,0.9999671308986688,0.9976152085754919
d:\Pneum Det\archive\chest_xray\chest_xray\train\PNEUMONIA\person911_bacteria_2836.jpeg,person911,PNEUMONIA,9.493419647216797,0.9999246596711163,0.996132215508646
d:\Pneum Det\archive\chest_xray\chest_xray\train\PNEUMONIA\person911_virus_1567.jpeg,person911,PNEUMONIA,7.6643595695495605,0.9995309629133673,0.9888120888199835
d:\Pneum Det\archive\chest_xray\chest_xray\train\PNEUMONIA\person919_bacteria_2844.jpeg,person919,PNEUMONIA,11.228147506713867,0.9999867055087636,0.9985939527093173
d:\Pneum Det\archive\chest_xray\chest_xray\train\PNEUMONIA\person919_virus_1576.jpeg,person919,PNEUMONIA,10.504241943359375,0.9999725808631417,0.9978545711023459
d:\Pneum Det\archive\chest_xray\chest_xray\train\PNEUMONIA\person926_virus_1583.jpeg,person926,PNEUMONIA,7.549825191497803,0.9994740746393529,0.9880464033016224
d:\Pneum Det\archive\chest_xray\chest_xray\train\PNEUMONIA\person929_bacteria_2854.jpeg,person929,PNEUMONIA,9.11088752746582,0.9998895555610071,0.9951673486480153
d:\Pneum Det\archive\chest_xray\chest_xray\train\PNEUMONIA\person929_virus_1588.jpeg,person929,PNEUMONIA,6.262609004974365,0.9980973610895476,0.9749621140860304
d:\Pneum Det\archive\chest_xray\chest_xray\train\PNEUMONIA\person929_virus_1589.jpeg,person929,PNEUMONIA,0.6191728115081787,0.6500303940965378,0.5895380784198392
d:\Pneum Det\archive\chest_xray\chest_xray\train\PNEUMONIA\person938_bacteria_2863.jpeg,person938,PNEUMONIA,6.090895175933838,0.9977417294459742,0.9723905727475383
d:\Pneum Det\archive\chest_xray\chest_xray\train\PNEUMONIA\person938_virus_1600.jpeg,person938,PNEUMONIA,11.865835189819336,0.999992973643155,0.999031166399438
d:\Pneum Det\archive\chest_xray\chest_xray\train\PNEUMONIA\person939_bacteria_2864.jpeg,person939,PNEUMONIA,10.622861862182617,0.9999756477476741,0.9979980509074943
d:\Pneum Det\archive\chest_xray\chest_xray\train\PNEUMONIA\person944_bacteria_2869.jpeg,person944,PNEUMONIA,5.7469658851623535,0.9968177069351979,0.9664466852446479
d:\Pneum Det\archive\chest_xray\chest_xray\train\PNEUMONIA\person947_bacteria_2872.jpeg,person947,PNEUMONIA,9.605692863464355,0.9999326602734826,0.9963770926851193
d:\Pneum Det\archive\chest_xray\chest_xray\train\PNEUMONIA\person947_virus_1618.jpeg,person947,PNEUMONIA,10.820968627929688,0.9999800241917477,0.9982166404489505
d:\Pneum Det\archive\chest_xray\chest_xray\train\PNEUMONIA\person949_bacteria_2874.jpeg,person949,PNEUMONIA,6.705104351043701,0.9987768530164155,0.9805592933897206
d:\Pneum Det\archive\chest_xray\chest_xray\train\PNEUMONIA\person949_virus_1620.jpeg,person949,PNEUMONIA,9.500605583190918,0.9999251990809959,0.996148371052215
d:\Pneum Det\archive\chest_xray\chest_xray\train\PNEUMONIA\person955_bacteria_2880.jpeg,person955,PNEUMONIA,8.702136039733887,0.9998337972710954,0.9938705480933273
d:\Pneum Det\archive\chest_xray\chest_xray\train\PNEUMONIA\person955_virus_1627.jpeg,person955,PNEUMONIA,9.068906784057617,0.9998848208677558,0.995047843940557
d:\Pneum Det\archive\chest_xray\chest_xray\train\PNEUMONIA\person958_bacteria_2883.jpeg,person958,PNEUMONIA,9.282264709472656,0.9999069485289048,0.9956261449258031
d:\Pneum Det\archive\chest_xray\chest_xray\train\PNEUMONIA\person958_virus_1630.jpeg,person958,PNEUMONIA,10.349021911621094,0.9999679769286483,0.9976512123773373
d:\Pneum Det\archive\chest_xray\chest_xray\train\PNEUMONIA\person962_bacteria_2887.jpeg,person962,PNEUMONIA,9.140626907348633,0.9998927914035407,0.9952502655444155
d:\Pneum Det\archive\chest_xray\chest_xray\train\PNEUMONIA\person962_virus_1635.jpeg,person962,PNEUMONIA,7.708731174468994,0.9995513107325267,0.9890955114497557
d:\Pneum Det\archive\chest_xray\chest_xray\train\PNEUMONIA\person974_bacteria_2899.jpeg,person974,PNEUMONIA,6.06007719039917,0.9976712151965496,0.9719026315996088
d:\Pneum Det\archive\chest_xray\chest_xray\train\PNEUMONIA\person974_virus_1649.jpeg,person974,PNEUMONIA,12.511474609375,0.9999963158778878,0.9993356126805846
d:\Pneum Det\archive\chest_xray\chest_xray\train\PNEUMONIA\person97_virus_180.jpeg,person97,PNEUMONIA,12.48891830444336,0.9999962318337197,0.999326797562977
d:\Pneum Det\archive\chest_xray\chest_xray\train\PNEUMONIA\person97_virus_181.jpeg,person97,PNEUMONIA,11.375009536743164,0.9999885213413412,0.9987095102578402
d:\Pneum Det\archive\chest_xray\chest_xray\train\PNEUMONIA\person986_bacteria_2913.jpeg,person986,PNEUMONIA,8.560208320617676,0.9998084573160801,0.9933436842999042
d:\Pneum Det\archive\chest_xray\chest_xray\train\PNEUMONIA\person987_bacteria_2914.jpeg,person987,PNEUMONIA,9.311691284179688,0.9999096465757388,0.9957004409831405
d:\Pneum Det\archive\chest_xray\chest_xray\train\PNEUMONIA\person98_virus_182.jpeg,person98,PNEUMONIA,7.757235050201416,0.9995725454521823,0.989397209323062
d:\Pneum Det\archive\chest_xray\chest_xray\train\PNEUMONIA\person992_bacteria_2919.jpeg,person992,PNEUMONIA,9.505987167358398,0.9999256005173375,0.99616042598424
d:\Pneum Det\archive\chest_xray\chest_xray\train\PNEUMONIA\person992_bacteria_2920.jpeg,person992,PNEUMONIA,10.0101318359375,0.9999550597521996,0.9971379223548639
d:\Pneum Det\archive\chest_xray\chest_xray\train\PNEUMONIA\person992_virus_1670.jpeg,person992,PNEUMONIA,9.854004859924316,0.9999474663895898,0.9968651911199592
d:\Pneum Det\archive\chest_xray\chest_xray\train\PNEUMONIA\person997_bacteria_2926.jpeg,person997,PNEUMONIA,10.074202537536621,0.9999578486855834,0.997242875607434
d:\Pneum Det\archive\chest_xray\chest_xray\train\PNEUMONIA\person997_virus_1678.jpeg,person997,PNEUMONIA,11.116724014282227,0.9999851385340954,0.9984994349572298
d:\Pneum Det\archive\chest_xray\chest_xray\val\NORMAL\NORMAL2-IM-1431-0001.jpeg,normal:im-1431,NORMAL,-1.1894348859786987,0.23336002119954374,0.3328079916240853
d:\Pneum Det\archive\chest_xray\chest_xray\val\PNEUMONIA\person1951_bacteria_4882.jpeg,person1951,PNEUMONIA,8.230974197387695,0.9997337940867637,0.9919419553438791
