path,patient_id,label,logit,probability,calibrated_probability
d:\Pneum Det\archive\chest_xray\chest_xray\train\NORMAL\IM-0122-0001.jpeg,normal:im-0122,NORMAL,-8.16862964630127,0.0002833258208160494,0.008312396988255364
d:\Pneum Det\archive\chest_xray\chest_xray\train\NORMAL\IM-0141-0001.jpeg,normal:im-0141,NORMAL,-11.94186019897461,6.511981885505821e-06,0.0009198394085487894
d:\Pneum Det\archive\chest_xray\chest_xray\train\NORMAL\IM-0151-0001.jpeg,normal:im-0151,NORMAL,-9.028810501098633,0.00011989065979231191,0.005040568564554802
d:\Pneum Det\archive\chest_xray\chest_xray\train\NORMAL\IM-0166-0001.jpeg,normal:im-0166,NORMAL,-10.308832168579102,3.333623863563405e-05,0.0023890497004643947
d:\Pneum Det\archive\chest_xray\chest_xray\train\NORMAL\IM-0170-0001.jpeg,normal:im-0170,NORMAL,-5.15793514251709,0.0057206535582202045,0.04656181556491028
d:\Pneum Det\archive\chest_xray\chest_xray\train\NORMAL\IM-0178-0001.jpeg,normal:im-0178,NORMAL,-1.455967664718628,0.18908483526295747,0.298955234204346
d:\Pneum Det\archive\chest_xray\chest_xray\train\NORMAL\IM-0205-0001.jpeg,normal:im-0205,NORMAL,-8.002424240112305,0.0003345384174890891,0.009153995431874081
d:\Pneum Det\archive\chest_xray\chest_xray\train\NORMAL\IM-0210-0001.jpeg,normal:im-0210,NORMAL,-10.979551315307617,1.7046453838019644e-05,0.0016145458883903027
d:\Pneum Det\archive\chest_xray\chest_xray\train\NORMAL\IM-0213-0001.jpeg,normal:im-0213,NORMAL,-10.552087783813477,2.613816836758e-05,0.002072630503321887
d:\Pneum Det\archive\chest_xray\chest_xray\train\NORMAL\IM-0216-0001.jpeg,normal:im-0216,NORMAL,-10.550987243652344,2.6166949553406268e-05,0.002073963397070434
d:\Pneum Det\archive\chest_xray\chest_xray\train\NORMAL\IM-0225-0001.jpeg,normal:im-0225,NORMAL,-10.426599502563477,2.9632787146333815e-05,0.0022302585476558735
d:\Pneum Det\archive\chest_xray\chest_xray\train\NORMAL\IM-0227-0001.jpeg,normal:im-0227,NORMAL,-10.88168716430664,1.8799017248689287e-05,0.0017095756067575674
d:\Pneum Det\archive\chest_xray\chest_xray\train\NORMAL\IM-0234-0001.jpeg,normal:im-0234,NORMAL,-9.094234466552734,0.000112298868526222,0.004852097822098115
d:\Pneum Det\archive\chest_xray\chest_xray\train\NORMAL\IM-0239-0001.jpeg,normal:im-0239,NORMAL,-9.582990646362305,6.888586629400227e-05,0.003649231447693596
d:\Pneum Det\archive\chest_xray\chest_xray\train\NORMAL\IM-0241-0001.jpeg,normal:im-0241,NORMAL,-10.747845649719238,2.1491197158776784e-05,0.0018486441411529823
d:\Pneum Det\archive\chest_xray\chest_xray\train\NORMAL\IM-0251-0001.jpeg,normal:im-0251,NORMAL,-10.045741081237793,4.336818499280124e-05,0.0027857113689989652
d:\Pneum Det\archive\chest_xray\chest_xray\train\NORMAL\IM-0257-0001.jpeg,normal:im-0257,NORMAL,-10.646728515625,2.377794009568749e-05,0.001961149065837977
d:\Pneum Det\archive\chest_xray\chest_xray\train\NORMAL\IM-0264-0001.jpeg,normal:im-0264,NORMAL,-7.8967742919921875,0.0003718030928148123,0.00973230528025638
d:\Pneum Det\archive\chest_xray\chest_xray\train\NORMAL\IM-0275-0001.jpeg,normal:im-0275,NORMAL,-9.205310821533203,0.00010049412190280392,0.004548038429665978
d:\Pneum Det\archive\chest_xray\chest_xray\train\NORMAL\IM-0280-0001.jpeg,normal:im-0280,NORMAL,-8.412590980529785,0.00022200447699450562,0.007214172551721994
d:\Pneum Det\archive\chest_xray\chest_xray\train\NORMAL\IM-0285-0001.jpeg,normal:im-0285,NORMAL,-8.427550315856934,0.00021870887538234156,0.007151725621408367
d:\Pneum Det\archive\chest_xray\chest_xray\train\NORMAL\IM-0295-0001.jpeg,normal:im-0295,NORMAL,-6.784626483917236,0.0011297522988240097,0.018496428483803663
d:\Pneum Det\archive\chest_xray\chest_xray\train\NORMAL\IM-0302-0001.jpeg,normal:im-0302,NORMAL,-6.890103340148926,0.0010167737739152432,0.017408226864230505
d:\Pneum Det\archive\chest_xray\chest_xray\train\NORMAL\IM-0304-0001.jpeg,normal:im-0304,NORMAL,-6.37760066986084,0.0016963126334125585,0.023356466995281943
d:\Pneum Det\archive\chest_xray\chest_xray\train\NORMAL\IM-0311-0001.jpeg,normal:im-0311,NORMAL,-7.080936908721924,0.0008402781918801993,0.015596968300604344
d:\Pneum Det\archive\chest_xray\chest_xray\train\NORMAL\IM-0316-0001.jpeg,normal:im-0316,NORMAL,-10.848069190979004,1.9441732687261037e-05,0.0017434921604944093
d:\Pneum Det\archive\chest_xray\chest_xray\train\NORMAL\IM-0317-0001.jpeg,normal:im-0317,NORMAL,-12.173036575317383,5.167912394051215e-06,0.0008035119933230673
d:\Pneum Det\archive\chest_xray\chest_xray\train\NORMAL\IM-0324-0001.jpeg,normal:im-0324,NORMAL,-9.945133209228516,4.7958180395957846e-05,0.0029541973746097924
d:\Pneum Det\archive\chest_xray\chest_xray\train\NORMAL\IM-0329-0001.jpeg,normal:im-0329,NORMAL,-9.618903160095215,6.645605748888408e-05,0.0035735890901333928
d:\Pneum Det\archive\chest_xray\chest_xray\train\NORMAL\IM-0335-0001.jpeg,normal:im-0335,NORMAL,-8.72540283203125,0.00016238098472869241,0.0060143306605630045
d:\Pneum Det\archive\chest_xray\chest_xray\train\NORMAL\IM-0345-0001.jpeg,normal:im-0345,NORMAL,-2.644338369369507,0.06633881966113073,0.17538791220073094
d:\Pneum Det\archive\chest_xray\chest_xray\train\NORMAL\IM-0358-0001.jpeg,normal:im-0358,NORMAL,-11.048727035522461,1.5907132844146564e-05,0.0015505729477058542
d:\Pneum Det\archive\chest_xray\chest_xray\train\NORMAL\IM-0359-0001.jpeg,normal:im-0359,NORMAL,-10.54292106628418,2.6378864765829227e-05,0.002083758706245665
d:\Pneum Det\archive\chest_xray\chest_xray\train\NORMAL\IM-0362-0001.jpeg,normal:im-0362,NORMAL,-9.20697021484375,0.0001003275176289518,0.00454364286906024
d:\Pneum Det\archive\chest_xray\chest_xray\train\NORMAL\IM-0367-0001.jpeg,normal:im-0367,NORMAL,-8.213529586791992,0.0002708892444377583,0.008098514466852549
d:\Pneum Det\archive\chest_xray\chest_xray\train\NORMAL\IM-0368-0001.jpeg,normal:im-0368,NORMAL,-7.390003681182861,0.0006170127409991191,0.01304941254433006
d:\Pneum Det\archive\chest_xray\chest_xray\train\NORMAL\IM-0382-0001.jpeg,normal:im-0382,NORMAL,-10.483171463012695,2.8002984438235662e-05,0.002157768775594639
d:\Pneum Det\archive\chest_xray\chest_xray\train\NORMAL\IM-0387-0001.jpeg,normal:im-0387,NORMAL,-5.252564430236816,0.005206825807938106,0.0441635590125463
d:\Pneum Det\archive\chest_xray\chest_xray\train\NORMAL\IM-0392-0001.jpeg,normal:im-0392,NORMAL,-8.530706405639648,0.00019727661013470144,0.006735476027386775
d:\Pneum Det\archive\chest_xray\chest_xray\train\NORMAL\IM-0394-0001.jpeg,normal:im-0394,NORMAL,-10.599845886230469,2.4919228944144943e-05,0.0020156054435942206
d:\Pneum Det\archive\chest_xray\chest_xray\train\NORMAL\IM-0401-0001.jpeg,normal:im-0401,NORMAL,-10.174266815185547,3.813778810017537e-05,0.0025843402186310617
d:\Pneum Det\archive\chest_xray\chest_xray\train\NORMAL\IM-0404-0001.jpeg,normal:im-0404,NORMAL,-10.926609992980957,1.7973214955434805e-05,0.00166527972014055
d:\Pneum Det\archive\chest_xray\chest_xray\train\NORMAL\IM-0421-0001.jpeg,normal:im-0421,NORMAL,-6.668928623199463,0.001268148170420243,0.019766890143799756
d:\Pneum Det\archive\chest_xray\chest_xray\train\NORMAL\IM-0428-0001.jpeg,normal:im-0428,NORMAL,-10.556005477905273,2.6035970007584385e-05,0.0020678926128900126
d:\Pneum Det\archive\chest_xray\chest_xray\train\NORMAL\IM-0429-0001.jpeg,normal:im-0429,NORMAL,-8.902607917785645,0.0001360151961283098,0.005424943753386864
d:\Pneum Det\archive\chest_xray\chest_xray\train\NORMAL\IM-0435-0001.jpeg,normal:im-0435,NORMAL,-3.482377767562866,0.02981781708881121,0.11522211340745879
d:\Pneum Det\archive\chest_xray\chest_xray\train\NORMAL\IM-0439-0001-0001.jpeg,normal:im-0439-0001,NORMAL,-11.368468284606934,1.1553988699532861e-05,0.0012862393081000372
d:\Pneum Det\archive\chest_xray\chest_xray\train\NORMAL\IM-0439-0001-0002.jpeg,normal:im-0439-0001,NORMAL,-10.349809646606445,3.199785639787294e-05,0.002332557638915009
d:\Pneum Det\archive\chest_xray\chest_xray\train\NORMAL\IM-0439-0001.jpeg,normal:im-0439,NORMAL,-11.421030044555664,1.0962381531848137e-05,0.0012473155221437069
d:\Pneum Det\archive\chest_xray\chest_xray\train\NORMAL\IM-0445-0001.jpeg,normal:im-0445,NORMAL,-9.344561576843262,8.743201721597647e-05,0.004193514111478684
d:\Pneum Det\archive\chest_xray\chest_xray\train\NORMAL\IM-0453-0001.jpeg,normal:im-0453,NORMAL,-6.8209309577941895,0.0010895167077444878,0.018114544172377414
d:\Pneum Det\archive\chest_xray\chest_xray\train\NORMAL\IM-0458-0001.jpeg,normal:im-0458,NORMAL,-8.936922073364258,0.00013142772072758253,0.005317636752136226
d:\Pneum Det\archive\chest_xray\chest_xray\train\NORMAL\IM-0459-0001.jpeg,normal:im-0459,NORMAL,-8.714414596557617,0.00016417480972813679,0.0060529056220974585
d:\Pneum Det\archive\chest_xray\chest_xray\train\NORMAL\IM-0463-0001.jpeg,normal:im-0463,NORMAL,-9.512358665466309,7.39269883902971e-05,0.003802688449010766
d:\Pneum Det\archive\chest_xray\chest_xray\train\NORMAL\IM-0471-0001.jpeg,normal:im-0471,NORMAL,-10.169878005981445,3.8305528986179296e-05,0.002590970884853201
d:\Pneum Det\archive\chest_xray\chest_xray\train\NORMAL\IM-0478-0001.jpeg,normal:im-0478,NORMAL,-9.157458305358887,0.00010541941557482851,0.004676632040632667
d:\Pneum Det\archive\chest_xray\chest_xray\train\NORMAL\IM-0479-0001.jpeg,normal:im-0479,NORMAL,-7.278520107269287,0.0006897301833815444,0.013917158535226258
d:\Pneum Det\archive\chest_xray\chest_xray\train\NORMAL\IM-0487-0001.jpeg,normal:im-0487,NORMAL,-8.204755783081055,0.00027327577817312735,0.008139875266925469
d:\Pneum Det\archive\chest_xray\chest_xray\train\NORMAL\IM-0489-0001.jpeg,normal:im-0489,NORMAL,-10.401935577392578,3.0372713022851486e-05,0.002262618060984393
d:\Pneum Det\archive\chest_xray\chest_xray\train\NORMAL\IM-0496-0001.jpeg,normal:im-0496,NORMAL,-9.09810733795166,0.00011186483911487952,0.004841163488158586
d:\Pneum Det\archive\chest_xray\chest_xray\train\NORMAL\IM-0497-0001-0001.jpeg,normal:im-0497-0001,NORMAL,-7.588857650756836,0.0005058028538107319,0.011632177389597254
d:\Pneum Det\archive\chest_xray\chest_xray\train\NORMAL\IM-0497-0001-0002.jpeg,normal:im-0497-0001,NORMAL,-9.202644348144531,0.0001007624173461476,0.004555110508305594
d:\Pneum Det\archive\chest_xray\chest_xray\train\NORMAL\IM-0500-0001.jpeg,normal:im-0500,NORMAL,-9.884708404541016,5.094523370896843e-05,0.003060234144258865
d:\Pneum Det\archive\chest_xray\chest_xray\train\NORMAL\IM-0501-0001-0001.jpeg,normal:im-0501-0001,NORMAL,-5.32263708114624,0.004856170661812153,0.04246406116072622
d:\Pneum Det\archive\chest_xray\chest_xray\train\NORMAL\IM-0501-0001-0002.jpeg,normal:im-0501-0001,NORMAL,-8.044506072998047,0.0003207569517110131,0.008933245970594883
d:\Pneum Det\archive\chest_xray\chest_xray\train\NORMAL\IM-0509-0001-0001.jpeg,normal:im-0509-0001,NORMAL,-9.03248405456543,0.00011945109552835327,0.005029795516454107
d:\Pneum Det\archive\chest_xray\chest_xray\train\NORMAL\IM-0509-0001-0002.jpeg,normal:im-0509-0001,NORMAL,-8.296525001525879,0.0002493197491002626,0.007717433389406687
d:\Pneum Det\archive\chest_xray\chest_xray\train\NORMAL\IM-0512-0001.jpeg,normal:im-0512,NORMAL,-10.370746612548828,3.1334903687142636e-05,0.0023042101128453217
d:\Pneum Det\archive\chest_xray\chest_xray\train\NORMAL\IM-0523-0001-0001.jpeg,normal:im-0523-0001,NORMAL,-10.42096996307373,2.9800071545821408e-05,0.0022376036945643343
d:\Pneum Det\archive\chest_xray\chest_xray\train\NORMAL\IM-0523-0001-0002.jpeg,normal:im-0523-0001,NORMAL,-8.03512954711914,0.0003237777037282404,0.008981971291534186
d:\Pneum Det\archive\chest_xray\chest_xray\train\NORMAL\IM-0523-0001-0003.jpeg,normal:im-0523-0001,NORMAL,-7.813745498657227,0.0004039782336687538,0.010212052804705687
d:\Pneum Det\archive\chest_xray\chest_xray\train\NORMAL\IM-0526-0001.jpeg,normal:im-0526,NORMAL,-11.267156600952148,1.2785876599191978e-05,0.0013647193459929976
d:\Pneum Det\archive\chest_xray\chest_xray\train\NORMAL\IM-0527-0001.jpeg,normal:im-0527,NORMAL,-9.787370681762695,5.615320290068612e-05,0.0032390836720018823
d:\Pneum Det\archive\chest_xray\chest_xray\train\NORMAL\IM-0533-0001-0001.jpeg,normal:im-0533-0001,NORMAL,-7.9126434326171875,0.00036595160824947736,0.00964318537009644
d:\Pneum Det\archive\chest_xray\chest_xray\train\NORMAL\IM-0533-0001-0002.jpeg,normal:im-0533-0001,NORMAL,-9.856283187866211,5.2414064125727084e-05,0.003111420325741435
d:\Pneum Det\archive\chest_xray\chest_xray\train\NORMAL\IM-0538-0001.jpeg,normal:im-0538,NORMAL,-9.613024711608887,6.684784029406994e-05,0.003585863034193947
d:\Pneum Det\archive\chest_xray\chest_xray\train\NORMAL\IM-0540-0001.jpeg,normal:im-0540,NORMAL,-9.896530151367188,5.03465481030481e-05,0.003039194321183616
d:\Pneum Det\archive\chest_xray\chest_xray\train\NORMAL\IM-0541-0001.jpeg,normal:im-0541,NORMAL,-9.001546859741211,0.00012320387293424603,0.005121242485563553
d:\Pneum Det\archive\chest_xray\chest_xray\train\NORMAL\IM-0551-0001-0001.jpeg,normal:im-0551-0001,NORMAL,-8.556770324707031,0.0001922022133945648,0.006634169384386012
d:\Pneum Det\archive\chest_xray\chest_xray\train\NORMAL\IM-0551-0001-0002.jpeg,normal:im-0551-0001,NORMAL,-9.408166885375977,8.204448701592505e-05,0.004040869096558429
d:\Pneum Det\archive\chest_xray\chest_xray\train\NORMAL\IM-0551-0001.jpeg,normal:im-0551,NORMAL,-9.2059326171875,0.00010043166079121263,0.0045463908618618275
d:\Pneum Det\archive\chest_xray\chest_xray\train\NORMAL\IM-0553-0001-0001.jpeg,normal:im-0553-0001,NORMAL,-7.970127582550049,0.00034551546390281597,0.00932707260663089
d:\Pneum Det\archive\chest_xray\chest_xray\train\NORMAL\IM-0553-0001-0002.jpeg,normal:im-0553-0001,NORMAL,-10.07638931274414,4.205924355002714e-05,0.0027363154432457765
d:\Pneum Det\archive\chest_xray\chest_xray\train\NORMAL\IM-0553-0001-0003.jpeg,normal:im-0553-0001,NORMAL,-8.95934009552002,0.00012851452586014025,0.005248674169029786
d:\Pneum Det\archive\chest_xray\chest_xray\train\NORMAL\IM-0560-0001.jpeg,normal:im-0560,NORMAL,-9.722637176513672,5.9908204845035075e-05,0.003363756497347336
d:\Pneum Det\archive\chest_xray\chest_xray\train\NORMAL\IM-0562-0001.jpeg,normal:im-0562,NORMAL,-8.800604820251465,0.00015061924666822974,0.005756808386595779
d:\Pneum Det\archive\chest_xray\chest_xray\train\NORMAL\IM-0564-0001.jpeg,normal:im-0564,NORMAL,-10.562723159790039,2.586165930419193e-05,0.0020597936796106905
d:\Pneum Det\archive\chest_xray\chest_xray\train\NORMAL\IM-0581-0001.jpeg,normal:im-0581,NORMAL,-9.399221420288086,8.278164454736349e-05,0.0040619980056054855
d:\Pneum Det\archive\chest_xray\chest_xray\train\NORMAL\IM-0584-0001.jpeg,normal:im-0584,NORMAL,0.29693272709846497,0.5736925257950733,0.5433447096825966
d:\Pneum Det\archive\chest_xray\chest_xray\train\NORMAL\IM-0588-0001.jpeg,normal:im-0588,NORMAL,-9.314558982849121,9.009471234201341e-05,0.004267496499018012
d:\Pneum Det\archive\chest_xray\chest_xray\train\NORMAL\IM-0595-0001.jpeg,normal:im-0595,NORMAL,-11.15131950378418,1.4356125251857681e-05,0.0014603271241870302
d:\Pneum Det\archive\chest_xray\chest_xray\train\NORMAL\IM-0601-0001.jpeg,normal:im-0601,NORMAL,-8.00021743774414,0.00033527724506258924,0.009165719685197643
d:\Pneum Det\archive\chest_xray\chest_xray\train\NORMAL\IM-0609-0001.jpeg,normal:im-0609,NORMAL,-9.029478073120117,0.00011981066043695802,0.005038609140089132
d:\Pneum Det\archive\chest_xray\chest_xray\train\NORMAL\IM-0617-0001.jpeg,normal:im-0617,NORMAL,-10.031346321105957,4.399694672706125e-05,0.002809217400957796
d:\Pneum Det\archive\chest_xray\chest_xray\train\NORMAL\IM-0620-0001-0001.jpeg,normal:im-0620-0001,NORMAL,-8.065683364868164,0.00031403771999179614,0.008824159515330695
d:\Pneum Det\archive\chest_xray\chest_xray\train\NORMAL\IM-0620-0001-0002.jpeg,normal:im-0620-0001,NORMAL,-11.644502639770508,8.767039263181793e-06,0.0010945384340724483
d:\Pneum Det\archive\chest_xray\chest_xray\train\NORMAL\IM-0623-0001.jpeg,normal:im-0623,NORMAL,-9.19084358215332,0.00010195841276964682,0.004586540408034895
d:\Pneum Det\archive\chest_xray\chest_xray\train\NORMAL\IM-0624-0001.jpeg,normal:im-0624,NORMAL,-11.446039199829102,1.0691624377146328e-05,0.0012292106436567185
d:\Pneum Det\archive\chest_xray\chest_xray\train\NORMAL\IM-0632-0001.jpeg,normal:im-0632,NORMAL,-8.577983856201172,0.00018816862746915495,0.0065528338892475915
d:\Pneum Det\archive\chest_xray\chest_xray\train\NORMAL\IM-0635-0001.jpeg,normal:im-0635,NORMAL,-8.116922378540039,0.00029835670824563824,0.008565653415054204
d:\Pneum Det\archive\chest_xray\chest_xray\train\NORMAL\IM-0646-0001.jpeg,normal:im-0646,NORMAL,-11.55987548828125,9.541259772603509e-06,0.0011500613094458706
d:\Pneum Det\archive\chest_xray\chest_xray\train\NORMAL\IM-0649-0001.jpeg,normal:im-0649,NORMAL,-6.9610490798950195,0.0009472033736343117,0.01671191411845036
d:\Pneum Det\archive\chest_xray\chest_xray\train\NORMAL\IM-0652-0001-0002.jpeg,normal:im-0652-0001,NORMAL,-9.171456336975098,0.00010395418377000533,0.004638645271956903
d:\Pneum Det\archive\chest_xray\chest_xray\train\NORMAL\IM-0654-0001.jpeg,normal:im-0654,NORMAL,-8.126447677612305,0.0002955290995331084,0.008518431559155375
d:\Pneum Det\archive\chest_xray\chest_xray\train\NORMAL\IM-0655-0001.jpeg,normal:im-0655,NORMAL,-8.015264511108398,0.0003302717236275179,0.009086072067123833
d:\Pneum Det\archive\chest_xray\chest_xray\train\NORMAL\IM-0666-0001-0001.jpeg,normal:im-0666-0001,NORMAL,-10.989206314086914,1.6882665088070594e-05,0.001605461250311327
d:\Pneum Det\archive\chest_xray\chest_xray\train\NORMAL\IM-0666-0001-0002.jpeg,normal:im-0666-0001,NORMAL,-10.341621398925781,3.226092990439001e-05,0.0023437384940141787
d:\Pneum Det\archive\chest_xray\chest_xray\train\NORMAL\IM-0667-0001.jpeg,normal:im-0667,NORMAL,-11.231451034545898,1.3250645559075304e-05,0.0013935032463189864
d:\Pneum Det\archive\chest_xray\chest_xray\train\NORMAL\IM-0675-0001.jpeg,normal:im-0675,NORMAL,-9.536985397338867,7.212877255518188e-05,0.003748467207820693
d:\Pneum Det\archive\chest_xray\chest_xray\train\NORMAL\IM-0678-0001.jpeg,normal:im-0678,NORMAL,-9.190633773803711,0.00010197980455844422,0.004587101155633968
d:\Pneum Det\archive\chest_xray\chest_xray\train\NORMAL\IM-0684-0001.jpeg,normal:im-0684,NORMAL,-6.812977313995361,0.0010982073341538087,0.018197540437699642
d:\Pneum Det\archive\chest_xray\chest_xray\train\NORMAL\IM-0693-0001.jpeg,normal:im-0693,NORMAL,-8.383588790893555,0.00022853587611466373,0.007336786663891964
d:\Pneum Det\archive\chest_xray\chest_xray\train\NORMAL\IM-0697-0001.jpeg,normal:im-0697,NORMAL,-9.806924819946289,5.50659011452038e-05,0.003202337324614058
d:\Pneum Det\archive\chest_xray\chest_xray\train\NORMAL\IM-0698-0001.jpeg,normal:im-0698,NORMAL,-7.10935640335083,0.0008167532809947263,0.015343593557781532
d:\Pneum Det\archive\chest_xray\chest_xray\train\NORMAL\IM-0703-0001.jpeg,normal:im-0703,NORMAL,-7.091761589050293,0.0008312390211320281,0.015499978674457794
d:\Pneum Det\archive\chest_xray\chest_xray\train\NORMAL\IM-0706-0001.jpeg,normal:im-0706,NORMAL,-8.509092330932617,0.00020158610709500183,0.006820651079726379
d:\Pneum Det\archive\chest_xray\chest_xray\train\NORMAL\IM-0711-0001.jpeg,normal:im-0711,NORMAL,-8.60240650177002,0.00018362954941876676,0.006460420298950049
d:\Pneum Det\archive\chest_xray\chest_xray\train\NORMAL\IM-0724-0001.jpeg,normal:im-0724,NORMAL,-10.467094421386719,2.845681512558129e-05,0.0021781269454126937
d:\Pneum Det\archive\chest_xray\chest_xray\train\NORMAL\IM-0729-0001.jpeg,normal:im-0729,NORMAL,-11.266786575317383,1.279060851619426e-05,0.0013650145746222544
d:\Pneum Det\archive\chest_xray\chest_xray\train\NORMAL\IM-0735-0001.jpeg,normal:im-0735,NORMAL,-8.718202590942383,0.00016355419436985902,0.006039579910490889
d:\Pneum Det\archive\chest_xray\chest_xray\train\NORMAL\IM-0738-0001.jpeg,normal:im-0738,NORMAL,-11.131134033203125,1.4648850611074357e-05,0.00147765896295166
d:\Pneum Det\archive\chest_xray\chest_xray\train\NORMAL\IM-0740-0001.jpeg,normal:im-0740,NORMAL,-7.521359443664551,0.0005411031167910347,0.012095310494790401
d:\Pneum Det\archive\chest_xray\chest_xray\train\NORMAL\IM-0747-0001.jpeg,normal:im-0747,NORMAL,-10.469121932983398,2.83991786904581e-05,0.0021755490073418157
d:\Pneum Det\archive\chest_xray\chest_xray\train\NORMAL\IM-0754-0001.jpeg,normal:im-0754,NORMAL,-10.072330474853516,4.22302948922028e-05,0.002742806577159505
d:\Pneum Det\archive\chest_xray\chest_xray\train\NORMAL\NORMAL2-IM-0392-0001.jpeg,normal:im-0392,NORMAL,-9.47061824798584,7.707779443878202e-05,0.0038963794821156206
d:\Pneum Det\archive\chest_xray\chest_xray\train\NORMAL\NORMAL2-IM-0394-0001.jpeg,normal:im-0394,NORMAL,-9.60177230834961,6.760423595172098e-05,0.003609474837865313
d:\Pneum Det\archive\chest_xray\chest_xray\train\NORMAL\NORMAL2-IM-0401-0001.jpeg,normal:im-0401,NORMAL,-10.341107368469238,3.227751673235811e-05,0.002344442171198067
d:\Pneum Det\archive\chest_xray\chest_xray\train\NORMAL\NORMAL2-IM-0404-0001.jpeg,normal:im-0404,NORMAL,-8.312071800231934,0.00024547454439852347,0.0076480533702535545
d:\Pneum Det\archive\chest_xray\chest_xray\train\NORMAL\NORMAL2-IM-0416-0001-0001.jpeg,normal:im-0416-0001,NORMAL,-10.80292797088623,2.0339447914862996e-05,0.0017900931625326262
d:\Pneum Det\archive\chest_xray\chest_xray\train\NORMAL\NORMAL2-IM-0416-0001-0002.jpeg,normal:im-0416-0001,NORMAL,-8.741104125976562,0.00015985170912455218,0.005959633852589079
d:\Pneum Det\archive\chest_xray\chest_xray\train\NORMAL\NORMAL2-IM-0421-0001.jpeg,normal:im-0421,NORMAL,-7.6104254722595215,0.0004950159316549446,0.011487919309223243
d:\Pneum Det\archive\chest_xray\chest_xray\train\NORMAL\NORMAL2-IM-0428-0001.jpeg,normal:im-0428,NORMAL,-6.979240894317627,0.000930143696984137,0.016537822027628803
d:\Pneum Det\archive\chest_xray\chest_xray\train\NORMAL\NORMAL2-IM-0429-0001.jpeg,normal:im-0429,NORMAL,-8.93327808380127,0.00013190745233455535,0.005328931279185015
d:\Pneum Det\archive\chest_xray\chest_xray\train\NORMAL\NORMAL2-IM-0435-0001.jpeg,normal:im-0435,NORMAL,-4.164267063140869,0.015303271676381862,0.08034774389165092
d:\Pneum Det\archive\chest_xray\chest_xray\train\NORMAL\NORMAL2-IM-0439-0001.jpeg,normal:im-0439,NORMAL,-9.774786949157715,5.6864244002439676e-05,0.0032629531137273503
d:\Pneum Det\archive\chest_xray\chest_xray\train\NORMAL\NORMAL2-IM-0445-0001.jpeg,normal:im-0445,NORMAL,-9.57620620727539,6.935477468634681e-05,0.003663699613305434
d:\Pneum Det\archive\chest_xray\chest_xray\train\NORMAL\NORMAL2-IM-0453-0001.jpeg,normal:im-0453,NORMAL,-8.97214126586914,0.00012688008197423348,0.005209694856441145
d:\Pneum Det\archive\chest_xray\chest_xray\train\NORMAL\NORMAL2-IM-0458-0001.jpeg,normal:im-0458,NORMAL,-9.045141220092773,0.00011794888846482331,0.004992852307758645
d:\Pneum Det\archive\chest_xray\chest_xray\train\NORMAL\NORMAL2-IM-0463-0001.jpeg,normal:im-0463,NORMAL,-9.686752319335938,6.209690444533632e-05,0.003434917209833252
d:\Pneum Det\archive\chest_xray\chest_xray\train\NORMAL\NORMAL2-IM-0478-0001.jpeg,normal:im-0478,NORMAL,-9.943197250366211,4.805111092482258e-05,0.0029575372086767097
d:\Pneum Det\archive\chest_xray\chest_xray\train\NORMAL\NORMAL2-IM-0479-0001.jpeg,normal:im-0479,NORMAL,-7.586518287658691,0.0005069868948573001,0.011647931620913609
d:\Pneum Det\archive\chest_xray\chest_xray\train\NORMAL\NORMAL2-IM-0487-0001.jpeg,normal:im-0487,NORMAL,-1.8374924659729004,0.13734812419377346,0.2543375723019157
d:\Pneum Det\archive\chest_xray\chest_xray\train\NORMAL\NORMAL2-IM-0489-0001.jpeg,normal:im-0489,NORMAL,-10.070598602294922,4.2303492653398014e-05,0.0027455809622332996
d:\Pneum Det\archive\chest_xray\chest_xray\train\NORMAL\NORMAL2-IM-0496-0001.jpeg,normal:im-0496,NORMAL,-10.506938934326172,2.7345289343792158e-05,0.002128019622997727
d:\Pneum Det\archive\chest_xray\chest_xray\train\NORMAL\NORMAL2-IM-0500-0001.jpeg,normal:im-0500,NORMAL,-7.88831901550293,0.0003749589349640978,0.009780122010862946
d:\Pneum Det\archive\chest_xray\chest_xray\train\NORMAL\NORMAL2-IM-0512-0001.jpeg,normal:im-0512,NORMAL,-10.926103591918945,1.7982318751798663e-05,0.0016657726119830801
d:\Pneum Det\archive\chest_xray\chest_xray\train\NORMAL\NORMAL2-IM-0526-0001.jpeg,normal:im-0526,NORMAL,-10.377153396606445,3.113479568511099e-05,0.0022956045470708835
d:\Pneum Det\archive\chest_xray\chest_xray\train\NORMAL\NORMAL2-IM-0540-0001.jpeg,normal:im-0540,NORMAL,-8.345141410827637,0.00023749145110511693,0.007502526844431956
d:\Pneum Det\archive\chest_xray\chest_xray\train\NORMAL\NORMAL2-IM-0541-0001.jpeg,normal:im-0541,NORMAL,-9.459217071533203,7.796153171238362e-05,0.003922368126317917
d:\Pneum Det\archive\chest_xray\chest_xray\train\NORMAL\NORMAL2-IM-0551-0001.jpeg,normal:im-0551,NORMAL,-10.001276969909668,4.5339936615210446e-05,0.002858959402212492
d:\Pneum Det\archive\chest_xray\chest_xray\train\NORMAL\NORMAL2-IM-0564-0001.jpeg,normal:im-0564,NORMAL,-10.307008743286133,3.3397078197596245e-05,0.0023915949745449746
d:\Pneum Det\archive\chest_xray\chest_xray\train\NORMAL\NORMAL2-IM-0572-0001.jpeg,normal:im-0572,NORMAL,-10.935328483581543,1.781719953944866e-05,0.0016568166078131657
d:\Pneum Det\archive\chest_xray\chest_xray\train\NORMAL\NORMAL2-IM-0587-0001-0001.jpeg,normal:im-0587-0001,NORMAL,-6.623179912567139,0.001327433065680217,0.020292509420557256
d:\Pneum Det\archive\chest_xray\chest_xray\train\NORMAL\NORMAL2-IM-0587-0001-0002.jpeg,normal:im-0587-0001,NORMAL,-6.623179912567139,0.001327433065680217,0.020292509420557256
d:\Pneum Det\archive\chest_xray\chest_xray\train\NORMAL\NORMAL2-IM-0588-0001.jpeg,normal:im-0588,NORMAL,-7.728759288787842,0.0004397961729404395,0.010727346107317634
d:\Pneum Det\archive\chest_xray\chest_xray\train\NORMAL\NORMAL2-IM-0595-0001.jpeg,normal:im-0595,NORMAL,-7.2569732666015625,0.0007047423679884562,0.014091315997512947
d:\Pneum Det\archive\chest_xray\chest_xray\train\NORMAL\NORMAL2-IM-0601-0001.jpeg,normal:im-0601,NORMAL,-8.455995559692383,0.0002125766010787011,0.007034459249644922
d:\Pneum Det\archive\chest_xray\chest_xray\train\NORMAL\NORMAL2-IM-0609-0001.jpeg,normal:im-0609,NORMAL,-9.913124084472656,4.9518035375254994e-05,0.0030099042397956645
d:\Pneum Det\archive\chest_xray\chest_xray\train\NORMAL\NORMAL2-IM-0611-0001.jpeg,normal:im-0611,NORMAL,6.085323333740234,0.9977291402524954,0.9724055374623197
d:\Pneum Det\archive\chest_xray\chest_xray\train\NORMAL\NORMAL2-IM-0617-0001.jpeg,normal:im-0617,NORMAL,-9.653120040893555,6.42207453160722e-05,0.003502972222962567
d:\Pneum Det\archive\chest_xray\chest_xray\train\NORMAL\NORMAL2-IM-0623-0001.jpeg,normal:im-0623,NORMAL,-8.52840805053711,0.0001977304535317749,0.006744482776953442
d:\Pneum Det\archive\chest_xray\chest_xray\train\NORMAL\NORMAL2-IM-0635-0001.jpeg,normal:im-0635,NORMAL,-8.970786094665527,0.00012705212090653202,0.00521380765999636
d:\Pneum Det\archive\chest_xray\chest_xray\train\NORMAL\NORMAL2-IM-0649-0001.jpeg,normal:im-0649,NORMAL,-11.013032913208008,1.6485169514926034e-05,0.0015832599643841089
d:\Pneum Det\archive\chest_xray\chest_xray\train\NORMAL\NORMAL2-IM-0654-0001.jpeg,normal:im-0654,NORMAL,-5.815917015075684,0.002970894090104935,0.0321565000884677
d:\Pneum Det\archive\chest_xray\chest_xray\train\NORMAL\NORMAL2-IM-0655-0001.jpeg,normal:im-0655,NORMAL,-8.878690719604492,0.00013930705444421192,0.005501008439481819
d:\Pneum Det\archive\chest_xray\chest_xray\train\NORMAL\NORMAL2-IM-0667-0001.jpeg,normal:im-0667,NORMAL,-9.240213394165039,9.704745751908183e-05,0.004456470717687194
d:\Pneum Det\archive\chest_xray\chest_xray\train\NORMAL\NORMAL2-IM-0675-0001.jpeg,normal:im-0675,NORMAL,-7.5177717208862305,0.0005430468752848209,0.012120430835204175
d:\Pneum Det\archive\chest_xray\chest_xray\train\NORMAL\NORMAL2-IM-0678-0001.jpeg,normal:im-0678,NORMAL,-9.437334060668945,7.96862307903741e-05,0.003972734501574368
d:\Pneum Det\archive\chest_xray\chest_xray\train\NORMAL\NORMAL2-IM-0684-0001-0001.jpeg,normal:im-0684-0001,NORMAL,-7.265750885009766,0.0006985877806671962,0.014020110987900283
d:\Pneum Det\archive\chest_xray\chest_xray\train\NORMAL\NORMAL2-IM-0690-0001.jpeg,normal:im-0690,NORMAL,-8.770586013793945,0.00015520849213736512,0.005858263587155022
d:\Pneum Det\archive\chest_xray\chest_xray\train\NORMAL\NORMAL2-IM-0693-0001.jpeg,normal:im-0693,NORMAL,-7.592869758605957,0.0005037786040163133,0.011605207219985134
d:\Pneum Det\archive\chest_xray\chest_xray\train\NORMAL\NORMAL2-IM-0698-0001.jpeg,normal:im-0698,NORMAL,-10.064967155456543,4.254238441026643e-05,0.002754621656652641
d:\Pneum Det\archive\chest_xray\chest_xray\train\NORMAL\NORMAL2-IM-0765-0001.jpeg,normal:im-0765,NORMAL,2.6911280155181885,0.9365010941700224,0.8285381530697896
d:\Pneum Det\archive\chest_xray\chest_xray\train\NORMAL\NORMAL2-IM-0780-0001.jpeg,normal:im-0780,NORMAL,-5.723014831542969,0.003259181022475383,0.03389274888496219
d:\Pneum Det\archive\chest_xray\chest_xray\train\NORMAL\NORMAL2-IM-0790-0001.jpeg,normal:im-0790,NORMAL,-6.644318580627441,0.0012997034843935046,0.020047961765427936
d:\Pneum Det\archive\chest_xray\chest_xray\train\NORMAL\NORMAL2-IM-0808-0001.jpeg,normal:im-0808,NORMAL,-8.960467338562012,0.00012836975896069424,0.00524523011919402
d:\Pneum Det\archive\chest_xray\chest_xray\train\NORMAL\NORMAL2-IM-0818-0001.jpeg,normal:im-0818,NORMAL,-10.658981323242188,2.348837801036684e-05,0.0019471605153645974
d:\Pneum Det\archive\chest_xray\chest_xray\train\NORMAL\NORMAL2-IM-0820-0001.jpeg,normal:im-0820,NORMAL,-8.013493537902832,0.00033085695053923665,0.009095410513627467
d:\Pneum Det\archive\chest_xray\chest_xray\train\NORMAL\NORMAL2-IM-0822-0001.jpeg,normal:im-0822,NORMAL,-9.783447265625,5.637393559320952e-05,0.0032465070676931454
d:\Pneum Det\archive\chest_xray\chest_xray\train\NORMAL\NORMAL2-IM-0833-0001.jpeg,normal:im-0833,NORMAL,-9.123418807983398,0.0001090692143582461,0.004770302607790907
d:\Pneum Det\archive\chest_xray\chest_xray\train\NORMAL\NORMAL2-IM-0834-0001.jpeg,normal:im-0834,NORMAL,-8.335134506225586,0.0002398793631912969,0.007546270965392244
d:\Pneum Det\archive\chest_xray\chest_xray\train\NORMAL\NORMAL2-IM-0841-0001.jpeg,normal:im-0841,NORMAL,-7.051434516906738,0.0008654159430952624,0.01586435349612536
d:\Pneum Det\archive\chest_xray\chest_xray\train\NORMAL\NORMAL2-IM-0845-0001.jpeg,normal:im-0845,NORMAL,-8.793281555175781,0.00015172615211342673,0.005781396721122348
d:\Pneum Det\archive\chest_xray\chest_xray\train\NORMAL\NORMAL2-IM-0855-0001.jpeg,normal:im-0855,NORMAL,-4.806209564208984,0.008112452101079347,0.056604097495470095
d:\Pneum Det\archive\chest_xray\chest_xray\train\NORMAL\NORMAL2-IM-0857-0001.jpeg,normal:im-0857,NORMAL,-10.798652648925781,2.042658997439359e-05,0.0017945706815529691
d:\Pneum Det\archive\chest_xray\chest_xray\train\NORMAL\NORMAL2-IM-0867-0001.jpeg,normal:im-0867,NORMAL,-8.977285385131836,0.00012622915375014413,0.005194112345199806
d:\Pneum Det\archive\chest_xray\chest_xray\train\NORMAL\NORMAL2-IM-0871-0001.jpeg,normal:im-0871,NORMAL,-11.29153823852539,1.2477909506914007e-05,0.0013454060886172914
d:\Pneum Det\archive\chest_xray\chest_xray\train\NORMAL\NORMAL2-IM-0872-0001.jpeg,normal:im-0872,NORMAL,-4.085852146148682,0.016530944155315048,0.08380550582712853
d:\Pneum Det\archive\chest_xray\chest_xray\train\NORMAL\NORMAL2-IM-0876-0001.jpeg,normal:im-0876,NORMAL,-2.263089656829834,0.09422634292500282,0.21003045443897103
d:\Pneum Det\archive\chest_xray\chest_xray\train\NORMAL\NORMAL2-IM-0885-0001.jpeg,normal:im-0885,NORMAL,-8.11542797088623,0.00029880277478745596,0.008573085484400632
d:\Pneum Det\archive\chest_xray\chest_xray\train\NORMAL\NORMAL2-IM-0888-0001.jpeg,normal:im-0888,NORMAL,-9.959606170654297,4.726911474862767e-05,0.002929348085620125
d:\Pneum Det\archive\chest_xray\chest_xray\train\NORMAL\NORMAL2-IM-0890-0001.jpeg,normal:im-0890,NORMAL,-7.723998069763184,0.0004418942041643163,0.010756963600528118
d:\Pneum Det\archive\chest_xray\chest_xray\train\NORMAL\NORMAL2-IM-0904-0001.jpeg,normal:im-0904,NORMAL,-8.3369779586792,0.0002394376701166486,0.007538193532955297
d:\Pneum Det\archive\chest_xray\chest_xray\train\NORMAL\NORMAL2-IM-0905-0001.jpeg,normal:im-0905,NORMAL,-10.349763870239258,3.199932113015056e-05,0.002332619997291166
d:\Pneum Det\archive\chest_xray\chest_xray\train\NORMAL\NORMAL2-IM-0914-0001.jpeg,normal:im-0914,NORMAL,-9.444177627563477,7.914279753084449e-05,0.003956914370479691
d:\Pneum Det\archive\chest_xray\chest_xray\train\NORMAL\NORMAL2-IM-0923-0001.jpeg,normal:im-0923,NORMAL,-9.721451759338379,5.997925890653133e-05,0.003366083578955682
d:\Pneum Det\archive\chest_xray\chest_xray\train\NORMAL\NORMAL2-IM-0924-0001.jpeg,normal:im-0924,NORMAL,-8.777422904968262,0.00015415113079468007,0.005835001601339577
d:\Pneum Det\archive\chest_xray\chest_xray\train\NORMAL\NORMAL2-IM-0939-0001.jpeg,normal:im-0939,NORMAL,-10.421295166015625,2.97903823391514e-05,0.0022371787296116465
d:\Pneum Det\archive\chest_xray\chest_xray\train\NORMAL\NORMAL2-IM-0941-0001.jpeg,normal:im-0941,NORMAL,-6.690624713897705,0.0012409644133642166,0.019522303827861975
d:\Pneum Det\archive\chest_xray\chest_xray\train\NORMAL\NORMAL2-IM-0942-0001.jpeg,normal:im-0942,NORMAL,-8.685362815856934,0.00016901352043593082,0.006156082499825242
d:\Pneum Det\archive\chest_xray\chest_xray\train\NORMAL\NORMAL2-IM-0954-0001.jpeg,normal:im-0954,NORMAL,-10.903291702270508,1.8397236411146044e-05,0.0016881276589342474
d:\Pneum Det\archive\chest_xray\chest_xray\train\NORMAL\NORMAL2-IM-0955-0001.jpeg,normal:im-0955,NORMAL,-9.157316207885742,0.00010543439489224886,0.004677019236887082
d:\Pneum Det\archive\chest_xray\chest_xray\train\NORMAL\NORMAL2-IM-0961-0001.jpeg,normal:im-0961,NORMAL,-11.400341033935547,1.1191542201282758e-05,0.0012624940399908386
d:\Pneum Det\archive\chest_xray\chest_xray\train\NORMAL\NORMAL2-IM-0977-0001.jpeg,normal:im-0977,NORMAL,-8.003008842468262,0.0003343429680658351,0.009150892058957522
d:\Pneum Det\archive\chest_xray\chest_xray\train\NORMAL\NORMAL2-IM-0981-0001.jpeg,normal:im-0981,NORMAL,-9.376615524291992,8.467414963303826e-05,0.004115884057561908
d:\Pneum Det\archive\chest_xray\chest_xray\train\NORMAL\NORMAL2-IM-0992-0001.jpeg,normal:im-0992,NORMAL,-9.156227111816406,0.00010554927350283384,0.004679987934917778
d:\Pneum Det\archive\chest_xray\chest_xray\train\NORMAL\NORMAL2-IM-0998-0001.jpeg,normal:im-0998,NORMAL,-6.191233158111572,0.002043117674771108,0.025978752808486983
d:\Pneum Det\archive\chest_xray\chest_xray\train\NORMAL\NORMAL2-IM-1006-0001.jpeg,normal:im-1006,NORMAL,-10.970389366149902,1.720334752310171e-05,0.0016232140569770372
d:\Pneum Det\archive\chest_xray\chest_xray\train\NORMAL\NORMAL2-IM-1011-0001.jpeg,normal:im-1011,NORMAL,-9.929302215576172,4.8723410245989016e-05,0.0029816190632869066
d:\Pneum Det\archive\chest_xray\chest_xray\train\NORMAL\NORMAL2-IM-1024-0001.jpeg,normal:im-1024,NORMAL,-9.722350120544434,5.99254032906447e-05,0.003364319867130297
d:\Pneum Det\archive\chest_xray\chest_xray\train\NORMAL\NORMAL2-IM-1025-0001.jpeg,normal:im-1025,NORMAL,-9.434134483337402,7.994158095441816e-05,0.0039801524944046585
d:\Pneum Det\archive\chest_xray\chest_xray\train\NORMAL\NORMAL2-IM-1035-0001.jpeg,normal:im-1035,NORMAL,-9.611452102661133,6.695304146585261e-05,0.0035891536887619393
d:\Pneum Det\archive\chest_xray\chest_xray\train\NORMAL\NORMAL2-IM-1040-0001.jpeg,normal:im-1040,NORMAL,-6.389932632446289,0.0016755570617378783,0.02319236596649762
d:\Pneum Det\archive\chest_xray\chest_xray\train\NORMAL\NORMAL2-IM-1041-0001.jpeg,normal:im-1041,NORMAL,-11.245275497436523,1.3068725267705197e-05,0.0013822874799152881
d:\Pneum Det\archive\chest_xray\chest_xray\train\NORMAL\NORMAL2-IM-1045-0001.jpeg,normal:im-1045,NORMAL,-8.593780517578125,0.00018522009175743823,0.006492911578837911
d:\Pneum Det\archive\chest_xray\chest_xray\train\NORMAL\NORMAL2-IM-1050-0001.jpeg,normal:im-1050,NORMAL,-6.7549567222595215,0.0011637344000924917,0.018814378920174193
d:\Pneum Det\archive\chest_xray\chest_xray\train\NORMAL\NORMAL2-IM-1055-0001.jpeg,normal:im-1055,NORMAL,-4.466745853424072,0.011354228680470221,0.06819875541182954
d:\Pneum Det\archive\chest_xray\chest_xray\train\NORMAL\NORMAL2-IM-1056-0001.jpeg,normal:im-1056,NORMAL,-9.970561027526855,4.675413846844554e-05,0.002910677862384886
d:\Pneum Det\archive\chest_xray\chest_xray\train\NORMAL\NORMAL2-IM-1086-0001.jpeg,normal:im-1086,NORMAL,0.281867653131485,0.5700040443880993,0.5411557995916061
d:\Pneum Det\archive\chest_xray\chest_xray\train\NORMAL\NORMAL2-IM-1090-0001.jpeg,normal:im-1090,NORMAL,-9.972731590270996,4.6652770464409686e-05,0.002906992707193068
d:\Pneum Det\archive\chest_xray\chest_xray\train\NORMAL\NORMAL2-IM-1093-0001.jpeg,normal:im-1093,NORMAL,-11.058304786682129,1.5755507956333626e-05,0.0015419173270177957
d:\Pneum Det\archive\chest_xray\chest_xray\train\NORMAL\NORMAL2-IM-1104-0001.jpeg,normal:im-1104,NORMAL,-9.12496566772461,0.00010890064836228654,0.00476600571065139
d:\Pneum Det\archive\chest_xray\chest_xray\train\NORMAL\NORMAL2-IM-1106-0001.jpeg,normal:im-1106,NORMAL,-10.576229095458984,2.5514730382721917e-05,0.0020436064012138207
d:\Pneum Det\archive\chest_xray\chest_xray\train\NORMAL\NORMAL2-IM-1117-0001.jpeg,normal:im-1117,NORMAL,-9.46777629852295,7.729714024046662e-05,0.00390284152879933
d:\Pneum Det\archive\chest_xray\chest_xray\train\NORMAL\NORMAL2-IM-1123-0001.jpeg,normal:im-1123,NORMAL,-5.031893730163574,0.0064841213193329176,0.04994900400223238
d:\Pneum Det\archive\chest_xray\chest_xray\train\NORMAL\NORMAL2-IM-1124-0001.jpeg,normal:im-1124,NORMAL,-7.334604263305664,0.0006521365323132178,0.01347373423147458
d:\Pneum Det\archive\chest_xray\chest_xray\train\NORMAL\NORMAL2-IM-1130-0001.jpeg,normal:im-1130,NORMAL,-9.508928298950195,7.418100167409538e-05,0.0038103029057663905
d:\Pneum Det\archive\chest_xray\chest_xray\train\NORMAL\NORMAL2-IM-1136-0001.jpeg,normal:im-1136,NORMAL,-10.177192687988281,3.802636910482886e-05,0.0025799291799000847
d:\Pneum Det\archive\chest_xray\chest_xray\train\NORMAL\NORMAL2-IM-1142-0001.jpeg,normal:im-1142,NORMAL,-11.060548782348633,1.5720192858830074e-05,0.0015398963651893599
d:\Pneum Det\archive\chest_xray\chest_xray\train\NORMAL\NORMAL2-IM-1144-0001.jpeg,normal:im-1144,NORMAL,-11.349233627319336,1.1778374165666745e-05,0.0013007844402460732
d:\Pneum Det\archive\chest_xray\chest_xray\train\NORMAL\NORMAL2-IM-1147-0001.jpeg,normal:im-1147,NORMAL,-7.37712287902832,0.0006250067669331758,0.013146878783908654
d:\Pneum Det\archive\chest_xray\chest_xray\train\NORMAL\NORMAL2-IM-1155-0001.jpeg,normal:im-1155,NORMAL,-9.354973793029785,8.652645754423653e-05,0.004168138649159711
d:\Pneum Det\archive\chest_xray\chest_xray\train\NORMAL\NORMAL2-IM-1157-0001.jpeg,normal:im-1157,NORMAL,-7.679769515991211,0.0004618679682876777,0.01103598434867685
d:\Pneum Det\archive\chest_xray\chest_xray\train\NORMAL\NORMAL2-IM-1169-0001.jpeg,normal:im-1169,NORMAL,-9.721418380737305,5.998126084361393e-05,0.003366149127401794
d:\Pneum Det\archive\chest_xray\chest_xray\train\NORMAL\NORMAL2-IM-1173-0001.jpeg,normal:im-1173,NORMAL,-9.543664932250977,7.164862578383656e-05,0.003733893970873099
d:\Pneum Det\archive\chest_xray\chest_xray\train\NORMAL\NORMAL2-IM-1177-0001.jpeg,normal:im-1177,NORMAL,-11.080015182495117,1.5417141243968356e-05,0.0015224753730943665
d:\Pneum Det\archive\chest_xray\chest_xray\train\NORMAL\NORMAL2-IM-1182-0001.jpeg,normal:im-1182,NORMAL,-9.855009078979492,5.2480884404997376e-05,0.0031137345332759984
d:\Pneum Det\archive\chest_xray\chest_xray\train\NORMAL\NORMAL2-IM-1184-0001.jpeg,normal:im-1184,NORMAL,-7.544273376464844,0.0005288517727405398,0.011936081617589042
d:\Pneum Det\archive\chest_xray\chest_xray\train\NORMAL\NORMAL2-IM-1191-0001.jpeg,normal:im-1191,NORMAL,-9.010108947753906,0.00012215362197505198,0.005095769613167219
d:\Pneum Det\archive\chest_xray\chest_xray\train\NORMAL\NORMAL2-IM-1203-0001.jpeg,normal:im-1203,NORMAL,-10.412354469299316,3.0057915290243453e-05,0.0022488915293972065
d:\Pneum Det\archive\chest_xray\chest_xray\train\NORMAL\NORMAL2-IM-1204-0001.jpeg,normal:im-1204,NORMAL,-9.12296199798584,0.00010911904420957426,0.004771572280741193
d:\Pneum Det\archive\chest_xray\chest_xray\train\NORMAL\NORMAL2-IM-1218-0001.jpeg,normal:im-1218,NORMAL,-10.417177200317383,2.9913307368941683e-05,0.002242565908796607
d:\Pneum Det\archive\chest_xray\chest_xray\train\NORMAL\NORMAL2-IM-1224-0001.jpeg,normal:im-1224,NORMAL,-11.443073272705078,1.0723381687495792e-05,0.0012313439746717378
d:\Pneum Det\archive\chest_xray\chest_xray\train\NORMAL\NORMAL2-IM-1226-0001.jpeg,normal:im-1226,NORMAL,-9.696228981018066,6.151124870167858e-05,0.0034159802161534353
d:\Pneum Det\archive\chest_xray\chest_xray\train\NORMAL\NORMAL2-IM-1241-0001.jpeg,normal:im-1241,NORMAL,-5.980441093444824,0.0025213378757920246,0.02929052785519419
d:\Pneum Det\archive\chest_xray\chest_xray\train\NORMAL\NORMAL2-IM-1244-0001.jpeg,normal:im-1244,NORMAL,-8.963159561157227,0.00012802466797970374,0.005237013702436046
d:\Pneum Det\archive\chest_xray\chest_xray\train\NORMAL\NORMAL2-IM-1247-0001.jpeg,normal:im-1247,NORMAL,-1.8179293870925903,0.13968251563251532,0.2565154737266942
d:\Pneum Det\archive\chest_xray\chest_xray\train\NORMAL\NORMAL2-IM-1252-0001.jpeg,normal:im-1252,NORMAL,-6.25023078918457,0.0019262909015781728,0.025119034287712397
d:\Pneum Det\archive\chest_xray\chest_xray\train\NORMAL\NORMAL2-IM-1262-0001.jpeg,normal:im-1262,NORMAL,-9.251188278198242,9.598829787102891e-05,0.004428058910470595
d:\Pneum Det\archive\chest_xray\chest_xray\train\NORMAL\NORMAL2-IM-1266-0001-0001.jpeg,normal:im-1266-0001,NORMAL,-8.969231605529785,0.00012724975048290132,0.0052185293502091026
d:\Pneum Det\archive\chest_xray\chest_xray\train\NORMAL\NORMAL2-IM-1266-0001-0002.jpeg,normal:im-1266-0001,NORMAL,-9.483968734741211,7.605568464124255e-05,0.003866165383240747
d:\Pneum Det\archive\chest_xray\chest_xray\train\NORMAL\NORMAL2-IM-1275-0001.jpeg,normal:im-1275,NORMAL,-9.07804012298584,0.00011413207111630009,0.004898086408920516
d:\Pneum Det\archive\chest_xray\chest_xray\train\NORMAL\NORMAL2-IM-1280-0001.jpeg,normal:im-1280,NORMAL,-12.023674011230469,6.000426477523826e-06,0.0008768630903231018
d:\Pneum Det\archive\chest_xray\chest_xray\train\NORMAL\NORMAL2-IM-1294-0001.jpeg,normal:im-1294,NORMAL,-10.29737377166748,3.372040235592274e-05,0.002405089172691534
d:\Pneum Det\archive\chest_xray\chest_xray\train\NORMAL\NORMAL2-IM-1296-0001.jpeg,normal:im-1296,NORMAL,-10.80349063873291,2.032800701315859e-05,0.0017895047148699208
d:\Pneum Det\archive\chest_xray\chest_xray\train\NORMAL\NORMAL2-IM-1301-0001.jpeg,normal:im-1301,NORMAL,-9.876108169555664,5.138524154962171e-05,0.003075631648361823
d:\Pneum Det\archive\chest_xray\chest_xray\train\NORMAL\NORMAL2-IM-1311-0001.jpeg,normal:im-1311,NORMAL,-8.826353073120117,0.00014679112866846186,0.005671179502421268
d:\Pneum Det\archive\chest_xray\chest_xray\train\NORMAL\NORMAL2-IM-1320-0001.jpeg,normal:im-1320,NORMAL,-9.659958839416504,6.378307885308058e-05,0.0034890259202243106
d:\Pneum Det\archive\chest_xray\chest_xray\train\NORMAL\NORMAL2-IM-1327-0001.jpeg,normal:im-1327,NORMAL,-10.37845516204834,3.109429311244993e-05,0.0022938599445380767
d:\Pneum Det\archive\chest_xray\chest_xray\train\NORMAL\NORMAL2-IM-1328-0001.jpeg,normal:im-1328,NORMAL,-7.298147201538086,0.0006763338355894665,0.013760365741876963
d:\Pneum Det\archive\chest_xray\chest_xray\train\NORMAL\NORMAL2-IM-1332-0001.jpeg,normal:im-1332,NORMAL,-10.479795455932617,2.809767981184193e-05,0.0021620279652248635
d:\Pneum Det\archive\chest_xray\chest_xray\train\NORMAL\NORMAL2-IM-1337-0001.jpeg,normal:im-1337,NORMAL,-7.488348960876465,0.000559253124623814,0.01232839517084747
d:\Pneum Det\archive\chest_xray\chest_xray\train\NORMAL\NORMAL2-IM-1347-0001.jpeg,normal:im-1347,NORMAL,-8.921119689941406,0.00013352080899286714,0.005366789061197389
d:\Pneum Det\archive\chest_xray\chest_xray\train\NORMAL\NORMAL2-IM-1362-0001.jpeg,normal:im-1362,NORMAL,-3.560476064682007,0.02763962488509385,0.11064286987291472
d:\Pneum Det\archive\chest_xray\chest_xray\train\NORMAL\NORMAL2-IM-1365-0001.jpeg,normal:im-1365,NORMAL,2.4581387042999268,0.9211545850530442,0.808286958105825
d:\Pneum Det\archive\chest_xray\chest_xray\train\NORMAL\NORMAL2-IM-1379-0001.jpeg,normal:im-1379,NORMAL,-4.062089443206787,0.016921741687320167,0.08487974272231626
d:\Pneum Det\archive\chest_xray\chest_xray\train\NORMAL\NORMAL2-IM-1423-0001.jpeg,normal:im-1423,NORMAL,2.168409585952759,0.8973765949338095,0.7806261673484266
d:\Pneum Det\archive\chest_xray\chest_xray\train\PNEUMONIA\person1000_bacteria_2931.jpeg,person1000,PNEUMONIA,8.361040115356445,0.9997662536229242,0.9925664556749776
d:\Pneum Det\archive\chest_xray\chest_xray\train\PNEUMONIA\person1000_virus_1681.jpeg,person1000,PNEUMONIA,6.662676811218262,0.9987239089198715,0.980162075807714
d:\Pneum Det\archive\chest_xray\chest_xray\train\PNEUMONIA\person1005_bacteria_2936.jpeg,person1005,PNEUMONIA,10.572742462158203,0.9999743961561236,0.9979522269581698
d:\Pneum Det\archive\chest_xray\chest_xray\train\PNEUMONIA\person1005_virus_1688.jpeg,person1005,PNEUMONIA,7.807680130004883,0.9995935650423581,0.9897519973237311
d:\Pneum Det\archive\chest_xray\chest_xray\train\PNEUMONIA\person1017_bacteria_2948.jpeg,person1017,PNEUMONIA,11.226800918579102,0.9999866875947392,0.9986027037329211
d:\Pneum Det\archive\chest_xray\chest_xray\train\PNEUMONIA\person1024_bacteria_2955.jpeg,person1024,PNEUMONIA,10.51435661315918,0.9999728567933058,0.9978811808351705
d:\Pneum Det\archive\chest_xray\chest_xray\train\PNEUMONIA\person1024_virus_1716.jpeg,person1024,PNEUMONIA,7.879721641540527,0.9996218047299682,0.9901710191571937
d:\Pneum Det\archive\chest_xray\chest_xray\train\PNEUMONIA\person1028_bacteria_2959.jpeg,person1028,PNEUMONIA,8.392208099365234,0.9997734250357938,0.9926998681169056
d:\Pneum Det\archive\chest_xray\chest_xray\train\PNEUMONIA\person1028_bacteria_2960.jpeg,person1028,PNEUMONIA,7.74619197845459,0.9995678009322785,0.9893804084110869
d:\Pneum Det\archive\chest_xray\chest_xray\train\PNEUMONIA\person102_virus_189.jpeg,person102,PNEUMONIA,-7.552579879760742,0.0005244793526389431,0.011878872627305182
d:\Pneum Det\archive\chest_xray\chest_xray\train\PNEUMONIA\person1038_bacteria_2972.jpeg,person1038,PNEUMONIA,6.089262008666992,0.997738046648318,0.9724673356935399
d:\Pneum Det\archive\chest_xray\chest_xray\train\PNEUMONIA\person1038_virus_1733.jpeg,person1038,PNEUMONIA,7.177977561950684,0.9992373722180828,0.9852516140375333
d:\Pneum Det\archive\chest_xray\chest_xray\train\PNEUMONIA\person1044_bacteria_2978.jpeg,person1044,PNEUMONIA,4.745868682861328,0.9913873108068194,0.941479915077896
d:\Pneum Det\archive\chest_xray\chest_xray\train\PNEUMONIA\person1044_virus_1740.jpeg,person1044,PNEUMONIA,5.051143646240234,0.9936387173539811,0.9505830192830977
d:\Pneum Det\archive\chest_xray\chest_xray\train\PNEUMONIA\person1049_bacteria_2983.jpeg,person1049,PNEUMONIA,6.966218948364258,0.9990576763042254,0.9833377429312741
d:\Pneum Det\archive\chest_xray\chest_xray\train\PNEUMONIA\person1049_virus_1746.jpeg,person1049,PNEUMONIA,8.144744873046875,0.9997098275300002,0.9915715542486951
d:\Pneum Det\archive\chest_xray\chest_xray\train\PNEUMONIA\person1052_bacteria_2986.jpeg,person1052,PNEUMONIA,7.899986267089844,0.999629388771724,0.9902857985190926
d:\Pneum Det\archive\chest_xray\chest_xray\train\PNEUMONIA\person1052_virus_1751.jpeg,person1052,PNEUMONIA,8.1008939743042,0.999696824040392,0.9913542990136992
d:\Pneum Det\archive\chest_xray\chest_xray\train\PNEUMONIA\person1053_bacteria_2987.jpeg,person1053,PNEUMONIA,5.9695820808410645,0.9974512038535019,0.9705281978499211
d:\Pneum Det\archive\chest_xray\chest_xray\train\PNEUMONIA\person1054_bacteria_2988.jpeg,person1054,PNEUMONIA,5.412169456481934,0.9955578708588978,0.959616583955232
d:\Pneum Det\archive\chest_xray\chest_xray\train\PNEUMONIA\person106_virus_194.jpeg,person106,PNEUMONIA,5.802664756774902,0.9969895921318587,0.9676011905699996
d:\Pneum Det\archive\chest_xray\chest_xray\train\PNEUMONIA\person1070_virus_1773.jpeg,person1070,PNEUMONIA,7.821687698364258,0.9995992162538145,0.9898348325206434
d:\Pneum Det\archive\chest_xray\chest_xray\train\PNEUMONIA\person1078_bacteria_3018.jpeg,person1078,PNEUMONIA,7.863954067230225,0.9996157965563497,0.990080783272445
d:\Pneum Det\archive\chest_xray\chest_xray\train\PNEUMONIA\person1078_virus_1788.jpeg,person1078,PNEUMONIA,10.177947044372559,0.9999620023044231,0.9974212068677998
d:\Pneum Det\archive\chest_xray\chest_xray\train\PNEUMONIA\person1086_bacteria_3026.jpeg,person1086,PNEUMONIA,5.817084312438965,0.9970325615186493,0.9678647590707858
d:\Pneum Det\archive\chest_xray\chest_xray\train\PNEUMONIA\person1086_virus_1798.jpeg,person1086,PNEUMONIA,10.931306838989258,0.999982111003023,0.9983392848962842
d:\Pneum Det\archive\chest_xray\chest_xray\train\PNEUMONIA\person1087_bacteria_3027.jpeg,person1087,PNEUMONIA,8.387845039367676,0.9997724345413712,0.9926813363871874
d:\Pneum Det\archive\chest_xray\chest_xray\train\PNEUMONIA\person1087_virus_1799.jpeg,person1087,PNEUMONIA,11.923458099365234,0.999993367075383,0.9990702077724046
d:\Pneum Det\archive\chest_xray\chest_xray\train\PNEUMONIA\person1088_bacteria_3028.jpeg,person1088,PNEUMONIA,7.8452959060668945,0.9996085635652777,0.989972945014649
d:\Pneum Det\archive\chest_xray\chest_xray\train\PNEUMONIA\person1088_virus_1800.jpeg,person1088,PNEUMONIA,3.6008694171905518,0.9734255060188808,0.8916624914193662
d:\Pneum Det\archive\chest_xray\chest_xray\train\PNEUMONIA\person108_virus_199.jpeg,person108,PNEUMONIA,11.012802124023438,0.99998351102551,0.9984165264665845
d:\Pneum Det\archive\chest_xray\chest_xray\train\PNEUMONIA\person108_virus_200.jpeg,person108,PNEUMONIA,12.174772262573242,0.9999948410496595,0.9991973033189551
d:\Pneum Det\archive\chest_xray\chest_xray\train\PNEUMONIA\person108_virus_201.jpeg,person108,PNEUMONIA,9.719643592834473,0.99993991219702,0.9966303637353635
d:\Pneum Det\archive\chest_xray\chest_xray\train\PNEUMONIA\person1090_virus_1809.jpeg,person1090,PNEUMONIA,11.19300651550293,0.9999862300280955,0.9985748267275707
d:\Pneum Det\archive\chest_xray\chest_xray\train\PNEUMONIA\person1093_bacteria_3033.jpeg,person1093,PNEUMONIA,7.426764965057373,0.9994052443432286,0.9872248476728899
d:\Pneum Det\archive\chest_xray\chest_xray\train\PNEUMONIA\person1108_bacteria_3049.jpeg,person1108,PNEUMONIA,8.047769546508789,0.9996802877897651,0.9910836512173992
d:\Pneum Det\archive\chest_xray\chest_xray\train\PNEUMONIA\person1108_virus_1833.jpeg,person1108,PNEUMONIA,4.488120079040527,0.9888832146331344,0.9325920579125301
d:\Pneum Det\archive\chest_xray\chest_xray\train\PNEUMONIA\person110_virus_205.jpeg,person110,PNEUMONIA,7.925073146820068,0.9996385672791942,0.9904260541763689
d:\Pneum Det\archive\chest_xray\chest_xray\train\PNEUMONIA\person110_virus_206.jpeg,person110,PNEUMONIA,10.38403606414795,0.9999690787524032,0.9977136044999368
d:\Pneum Det\archive\chest_xray\chest_xray\train\PNEUMONIA\person110_virus_207.jpeg,person110,PNEUMONIA,10.5265531539917,0.9999731858270421,0.9978962225048923
d:\Pneum Det\archive\chest_xray\chest_xray\train\PNEUMONIA\person110_virus_208.jpeg,person110,PNEUMONIA,11.05811882019043,0.9999842415618208,0.9984579150711788
d:\Pneum Det\archive\chest_xray\chest_xray\train\PNEUMONIA\person1114_bacteria_3055.jpeg,person1114,PNEUMONIA,7.568018913269043,0.9994835517638797,0.9882267411167033
d:\Pneum Det\archive\chest_xray\chest_xray\train\PNEUMONIA\person111_virus_209.jpeg,person111,PNEUMONIA,3.9400956630706787,0.9809245927700939,0.909406414243417
d:\Pneum Det\archive\chest_xray\chest_xray\train\PNEUMONIA\person111_virus_210.jpeg,person111,PNEUMONIA,5.5548319816589355,0.9961461908717674,0.9627314530847961
d:\Pneum Det\archive\chest_xray\chest_xray\train\PNEUMONIA\person111_virus_212.jpeg,person111,PNEUMONIA,-2.853581666946411,0.05449647132372859,0.15837120302428104
d:\Pneum Det\archive\chest_xray\chest_xray\train\PNEUMONIA\person1124_bacteria_3065.jpeg,person1124,PNEUMONIA,6.225645065307617,0.9980258575135332,0.9745261214480737
d:\Pneum Det\archive\chest_xray\chest_xray\train\PNEUMONIA\person1124_virus_1851.jpeg,person1124,PNEUMONIA,8.426254272460938,0.9997810075467739,0.9928428854160415
d:\Pneum Det\archive\chest_xray\chest_xray\train\PNEUMONIA\person1126_virus_1853.jpeg,person1126,PNEUMONIA,10.814727783203125,0.9999798991385231,0.99822220693155
d:\Pneum Det\archive\chest_xray\chest_xray\train\PNEUMONIA\person1131_bacteria_3073.jpeg,person1131,PNEUMONIA,7.18836784362793,0.9992452491622693,0.9853397325703108
d:\Pneum Det\archive\chest_xray\chest_xray\train\PNEUMONIA\person1139_bacteria_3081.jpeg,person1139,PNEUMONIA,9.844467163085938,0.9999469629695965,0.9968670518751445
d:\Pneum Det\archive\chest_xray\chest_xray\train\PNEUMONIA\person1139_bacteria_3082.jpeg,person1139,PNEUMONIA,7.184333801269531,0.999242200627865,0.9853055821808662
d:\Pneum Det\archive\chest_xray\chest_xray\train\PNEUMONIA\person1139_virus_1882.jpeg,person1139,PNEUMONIA,5.770774841308594,0.9968923464826911,0.9670108493140996
d:\Pneum Det\archive\chest_xray\chest_xray\train\PNEUMONIA\person1140_bacteria_3083.jpeg,person1140,PNEUMONIA,5.455602645874023,0.9957458735889042,0.9605904144577923
d:\Pneum Det\archive\chest_xray\chest_xray\train\PNEUMONIA\person1140_virus_1885.jpeg,person1140,PNEUMONIA,6.161995887756348,0.997896392835885,0.973584650920375
d:\Pneum Det\archive\chest_xray\chest_xray\train\PNEUMONIA\person1142_bacteria_3086.jpeg,person1142,PNEUMONIA,-1.6821287870407104,0.15681378811853075,0.2719670193767534
d:\Pneum Det\archive\chest_xray\chest_xray\train\PNEUMONIA\person1142_virus_1892.jpeg,person1142,PNEUMONIA,8.191446304321289,0.9997230637655752,0.991796981915129
d:\Pneum Det\archive\chest_xray\chest_xray\train\PNEUMONIA\person1158_bacteria_3103.jpeg,person1158,PNEUMONIA,4.251633167266846,0.9859590002327342,0.9233510071303692
d:\Pneum Det\archive\chest_xray\chest_xray\train\PNEUMONIA\person1158_virus_1938.jpeg,person1158,PNEUMONIA,2.5203545093536377,0.9255564848087302,0.8138671751250967
d:\Pneum Det\archive\chest_xray\chest_xray\train\PNEUMONIA\person1158_virus_1940.jpeg,person1158,PNEUMONIA,9.387462615966797,0.9999162392787222,0.9959100606035969
d:\Pneum Det\archive\chest_xray\chest_xray\train\PNEUMONIA\person1158_virus_1941.jpeg,person1158,PNEUMONIA,8.890478134155273,0.9998623251508458,0.9945366111186972
d:\Pneum Det\archive\chest_xray\chest_xray\train\PNEUMONIA\person1158_virus_1942.jpeg,person1158,PNEUMONIA,10.014902114868164,0.9999552736096431,0.997163687787347
d:\Pneum Det\archive\chest_xray\chest_xray\train\PNEUMONIA\person1158_virus_1943.jpeg,person1158,PNEUMONIA,10.333963394165039,0.999967491075412,0.997645756303589
d:\Pneum Det\archive\chest_xray\chest_xray\train\PNEUMONIA\person115_virus_218.jpeg,person115,PNEUMONIA,5.13755989074707,0.994162278534636,0.9529058251091617
d:\Pneum Det\archive\chest_xray\chest_xray\train\PNEUMONIA\person115_virus_219.jpeg,person115,PNEUMONIA,5.160586357116699,0.9942944066144059,0.9535070324196883
d:\Pneum Det\archive\chest_xray\chest_xray\train\PNEUMONIA\person1160_bacteria_3105.jpeg,person1160,PNEUMONIA,8.104185104370117,0.9996978198907596,0.9913707955437967
d:\Pneum Det\archive\chest_xray\chest_xray\train\PNEUMONIA\person1160_virus_1947.jpeg,person1160,PNEUMONIA,8.147939682006836,0.999710752828599,0.9915871694200107
d:\Pneum Det\archive\chest_xray\chest_xray\train\PNEUMONIA\person1163_virus_1951.jpeg,person1163,PNEUMONIA,6.290237903594971,0.998149113388459,0.9754481163323532
d:\Pneum Det\archive\chest_xray\chest_xray\train\PNEUMONIA\person1165_bacteria_3111.jpeg,person1165,PNEUMONIA,8.305377006530762,0.9997528769482391,0.9923221462669338
d:\Pneum Det\archive\chest_xray\chest_xray\train\PNEUMONIA\person1165_virus_1959.jpeg,person1165,PNEUMONIA,8.922689437866211,0.9998666885926818,0.994638113686236
d:\Pneum Det\archive\chest_xray\chest_xray\train\PNEUMONIA\person1176_bacteria_3123.jpeg,person1176,PNEUMONIA,9.5463285446167,0.9999285419508207,0.9962719016751497
d:\Pneum Det\archive\chest_xray\chest_xray\train\PNEUMONIA\person1176_bacteria_3124.jpeg,person1176,PNEUMONIA,10.702557563781738,0.9999775131542011,0.9981017867677457
d:\Pneum Det\archive\chest_xray\chest_xray\train\PNEUMONIA\person1176_virus_1996.jpeg,person1176,PNEUMONIA,8.140972137451172,0.9997087310377718,0.9915530773543598
d:\Pneum Det\archive\chest_xray\chest_xray\train\PNEUMONIA\person1176_virus_1997.jpeg,person1176,PNEUMONIA,8.47445297241211,0.9997913102135483,0.9930406086070737
d:\Pneum Det\archive\chest_xray\chest_xray\train\PNEUMONIA\person1176_virus_1998.jpeg,person1176,PNEUMONIA,10.217721939086914,0.9999634839422518,0.9974804057340874
d:\Pneum Det\archive\chest_xray\chest_xray\train\PNEUMONIA\person1178_bacteria_3126.jpeg,person1178,PNEUMONIA,9.632869720458984,0.999934465593097,0.9964554048571223
d:\Pneum Det\archive\chest_xray\chest_xray\train\PNEUMONIA\person1178_virus_2004.jpeg,person1178,PNEUMONIA,2.4789845943450928,0.922655367128648,0.8101707420990991
d:\Pneum Det\archive\chest_xray\chest_xray\train\PNEUMONIA\person1180_bacteria_3128.jpeg,person1180,PNEUMONIA,9.498064041137695,0.9999250087437985,0.9961654811029302
d:\Pneum Det\archive\chest_xray\chest_xray\train\PNEUMONIA\person1180_virus_2007.jpeg,person1180,PNEUMONIA,9.250236511230469,0.9999039203089298,0.9955694843106039
d:\Pneum Det\archive\chest_xray\chest_xray\train\PNEUMONIA\person1180_virus_2008.jpeg,person1180,PNEUMONIA,8.442455291748047,0.999784526104184,0.9929099606152195
d:\Pneum Det\archive\chest_xray\chest_xray\train\PNEUMONIA\person1180_virus_2009.jpeg,person1180,PNEUMONIA,8.513080596923828,0.9997992161097038,0.9931951456497091
d:\Pneum Det\archive\chest_xray\chest_xray\train\PNEUMONIA\person1180_virus_2010.jpeg,person1180,PNEUMONIA,9.717665672302246,0.9999397932376688,0.9966264732371592
d:\Pneum Det\archive\chest_xray\chest_xray\train\PNEUMONIA\person1180_virus_2011.jpeg,person1180,PNEUMONIA,9.780682563781738,0.999943470000458,0.9967482517277848
d:\Pneum Det\archive\chest_xray\chest_xray\train\PNEUMONIA\person1180_virus_2012.jpeg,person1180,PNEUMONIA,8.023950576782227,0.9996725836799105,0.9909595926846496
d:\Pneum Det\archive\chest_xray\chest_xray\train\PNEUMONIA\person1180_virus_2013.jpeg,person1180,PNEUMONIA,7.835758686065674,0.9996048139732774,0.9899173755140441
d:\Pneum Det\archive\chest_xray\chest_xray\train\PNEUMONIA\person1180_virus_2014.jpeg,person1180,PNEUMONIA,9.805525779724121,0.9999448570097795,0.9967950474417522
d:\Pneum Det\archive\chest_xray\chest_xray\train\PNEUMONIA\person1180_virus_2015.jpeg,person1180,PNEUMONIA,10.293940544128418,0.9999661636327944,0.9975900841099657
d:\Pneum Det\archive\chest_xray\chest_xray\train\PNEUMONIA\person1185_bacteria_3133.jpeg,person1185,PNEUMONIA,6.611010551452637,0.998656336068223,0.9795653839815002
d:\Pneum Det\archive\chest_xray\chest_xray\train\PNEUMONIA\person1195_bacteria_3144.jpeg,person1195,PNEUMONIA,10.399136543273926,0.9999695421562201,0.9977336800839659
d:\Pneum Det\archive\chest_xray\chest_xray\train\PNEUMONIA\person1202_bacteria_3152.jpeg,person1202,PNEUMONIA,7.109480857849121,0.9991833482782936,0.9846575070600857
d:\Pneum Det\archive\chest_xray\chest_xray\train\PNEUMONIA\person1202_bacteria_3153.jpeg,person1202,PNEUMONIA,5.010543346405029,0.9933768785237761,0.9494545750248419
d:\Pneum Det\archive\chest_xray\chest_xray\train\PNEUMONIA\person1202_virus_2045.jpeg,person1202,PNEUMONIA,10.386077880859375,0.9999691418215654,0.9977163293661053
d:\Pneum Det\archive\chest_xray\chest_xray\train\PNEUMONIA\person1205_bacteria_3157.jpeg,person1205,PNEUMONIA,2.351184368133545,0.9130283214150973,0.7983976743812526
d:\Pneum Det\archive\chest_xray\chest_xray\train\PNEUMONIA\person1209_bacteria_3161.jpeg,person1209,PNEUMONIA,9.894933700561523,0.9999495730159738,0.9969579728306334
d:\Pneum Det\archive\chest_xray\chest_xray\train\PNEUMONIA\person1213_virus_2058.jpeg,person1213,PNEUMONIA,10.797662734985352,0.9999795531798615,0.9982043909946265
d:\Pneum Det\archive\chest_xray\chest_xray\train\PNEUMONIA\person1215_bacteria_3167.jpeg,person1215,PNEUMONIA,10.567817687988281,0.9999742697552266,0.9979463272440471
d:\Pneum Det\archive\chest_xray\chest_xray\train\PNEUMONIA\person1223_bacteria_3178.jpeg,person1223,PNEUMONIA,7.035621643066406,0.9991208027010838,0.9839904804327728
d:\Pneum Det\archive\chest_xray\chest_xray\train\PNEUMONIA\person1223_virus_2073.jpeg,person1223,PNEUMONIA,4.904496192932129,0.9926413738446173,0.9463909862385164
d:\Pneum Det\archive\chest_xray\chest_xray\train\PNEUMONIA\person1228_bacteria_3183.jpeg,person1228,PNEUMONIA,8.68235969543457,0.9998304782348749,0.9938331527998865
d:\Pneum Det\archive\chest_xray\chest_xray\train\PNEUMONIA\person1228_virus_2079.jpeg,person1228,PNEUMONIA,10.18136978149414,0.9999621321333095,0.9974263551861221
d:\Pneum Det\archive\chest_xray\chest_xray\train\PNEUMONIA\person1238_bacteria_3194.jpeg,person1238,PNEUMONIA,9.844928741455078,0.999946987443396,0.9968678956121345
d:\Pneum Det\archive\chest_xray\chest_xray\train\PNEUMONIA\person1238_virus_2098.jpeg,person1238,PNEUMONIA,9.100248336791992,0.9998883743804655,0.995164870696544
d:\Pneum Det\archive\chest_xray\chest_xray\train\PNEUMONIA\person1239_bacteria_3195.jpeg,person1239,PNEUMONIA,9.867061614990234,0.9999481478142292,0.9969080884202038
d:\Pneum Det\archive\chest_xray\chest_xray\train\PNEUMONIA\person1239_virus_2099.jpeg,person1239,PNEUMONIA,8.85041618347168,0.9998566984626904,0.994407699976349
d:\Pneum Det\archive\chest_xray\chest_xray\train\PNEUMONIA\person1243_bacteria_3199.jpeg,person1243,PNEUMONIA,10.11711311340332,0.9999596190934606,0.9973279704663826
d:\Pneum Det\archive\chest_xray\chest_xray\train\PNEUMONIA\person1243_virus_2110.jpeg,person1243,PNEUMONIA,-3.8131442070007324,0.021601713199766243,0.09690511929058508
d:\Pneum Det\archive\chest_xray\chest_xray\train\PNEUMONIA\person124_virus_231.jpeg,person124,PNEUMONIA,9.488709449768066,0.9999243039931544,0.9961445073010209
d:\Pneum Det\archive\chest_xray\chest_xray\train\PNEUMONIA\person124_virus_233.jpeg,person124,PNEUMONIA,10.075454711914062,0.999957901431127,0.9972621912467333
d:\Pneum Det\archive\chest_xray\chest_xray\train\PNEUMONIA\person124_virus_234.jpeg,person124,PNEUMONIA,10.184823989868164,0.9999622627062327,0.9974315404485757
d:\Pneum Det\archive\chest_xray\chest_xray\train\PNEUMONIA\person124_virus_236.jpeg,person124,PNEUMONIA,10.86693000793457,0.9999809215109743,0.9982756180400948
d:\Pneum Det\archive\chest_xray\chest_xray\train\PNEUMONIA\person124_virus_237.jpeg,person124,PNEUMONIA,9.132975578308105,0.999891968058084,0.9952561828359966
d:\Pneum Det\archive\chest_xray\chest_xray\train\PNEUMONIA\person124_virus_238.jpeg,person124,PNEUMONIA,10.611481666564941,0.999975369038229,0.9979980492521663
d:\Pneum Det\archive\chest_xray\chest_xray\train\PNEUMONIA\person124_virus_239.jpeg,person124,PNEUMONIA,12.432787895202637,0.9999960142771959,0.9993097490933184
d:\Pneum Det\archive\chest_xray\chest_xray\train\PNEUMONIA\person124_virus_240.jpeg,person124,PNEUMONIA,11.914531707763672,0.9999933076026529,0.9990653412315221
d:\Pneum Det\archive\chest_xray\chest_xray\train\PNEUMONIA\person124_virus_242.jpeg,person124,PNEUMONIA,11.505325317382812,0.9999899238105104,0.9988126666614735
d:\Pneum Det\archive\chest_xray\chest_xray\train\PNEUMONIA\person124_virus_244.jpeg,person124,PNEUMONIA,10.896306037902832,0.999981473799124,0.998304966859191
d:\Pneum Det\archive\chest_xray\chest_xray\train\PNEUMONIA\person124_virus_245.jpeg,person124,PNEUMONIA,9.557936668395996,0.9999293665905905,0.9962970548636558
d:\Pneum Det\archive\chest_xray\chest_xray\train\PNEUMONIA\person124_virus_246.jpeg,person124,PNEUMONIA,12.33574104309082,0.999995608086,0.999269431492907
d:\Pneum Det\archive\chest_xray\chest_xray\train\PNEUMONIA\person124_virus_247.jpeg,person124,PNEUMONIA,12.33574104309082,0.999995608086,0.999269431492907
d:\Pneum Det\archive\chest_xray\chest_xray\train\PNEUMONIA\person124_virus_249.jpeg,person124,PNEUMONIA,11.785001754760742,0.9999923820966168,0.9989917911013305
d:\Pneum Det\archive\chest_xray\chest_xray\train\PNEUMONIA\person124_virus_250.jpeg,person124,PNEUMONIA,10.498434066772461,0.9999724211572434,0.9978613823649553
d:\Pneum Det\archive\chest_xray\chest_xray\train\PNEUMONIA\person124_virus_251.jpeg,person124,PNEUMONIA,4.843569278717041,0.9921827096285205,0.9445524589044253
d:\Pneum Det\archive\chest_xray\chest_xray\train\PNEUMONIA\person1250_bacteria_3207.jpeg,person1250,PNEUMONIA,11.464044570922852,0.999989499157562,0.9987836612558864
d:\Pneum Det\archive\chest_xray\chest_xray\train\PNEUMONIA\person1258_bacteria_3216.jpeg,person1258,PNEUMONIA,8.48532485961914,0.9997935663107609,0.9930844526581069
d:\Pneum Det\archive\chest_xray\chest_xray\train\PNEUMONIA\person1258_virus_2138.jpeg,person1258,PNEUMONIA,7.281027793884277,0.999311996088398,0.9861029720724859
d:\Pneum Det\archive\chest_xray\chest_xray\train\PNEUMONIA\person1265_bacteria_3223.jpeg,person1265,PNEUMONIA,11.369829177856445,0.9999884617241702,0.9987147836170126
d:\Pneum Det\archive\chest_xray\chest_xray\train\PNEUMONIA\person1265_virus_2156.jpeg,person1265,PNEUMONIA,6.144952774047852,0.9978603109313364,0.9733268635269897
d:\Pneum Det\archive\chest_xray\chest_xray\train\PNEUMONIA\person126_virus_255.jpeg,person126,PNEUMONIA,4.660175800323486,0.9906239441371409,0.9386542355961385
d:\Pneum Det\archive\chest_xray\chest_xray\train\PNEUMONIA\person1271_bacteria_3231.jpeg,person1271,PNEUMONIA,2.6388626098632812,0.9333212164152849,0.8241480269170124
d:\Pneum Det\archive\chest_xray\chest_xray\train\PNEUMONIA\person1271_virus_2164.jpeg,person1271,PNEUMONIA,6.7447943687438965,0.9988243929979814,0.9810754903548502
d:\Pneum Det\archive\chest_xray\chest_xray\train\PNEUMONIA\person1275_bacteria_3237.jpeg,person1275,PNEUMONIA,6.362833023071289,0.9982784943827302,0.9764455287826678
d:\Pneum Det\archive\chest_xray\chest_xray\train\PNEUMONIA\person1283_bacteria_3246.jpeg,person1283,PNEUMONIA,9.100970268249512,0.9998884549284441,0.9951669036981353
d:\Pneum Det\archive\chest_xray\chest_xray\train\PNEUMONIA\person1283_virus_2206.jpeg,person1283,PNEUMONIA,6.182785987854004,0.9979395863740753,0.9738958332771216
d:\Pneum Det\archive\chest_xray\chest_xray\train\PNEUMONIA\person1284_bacteria_3247.jpeg,person1284,PNEUMONIA,9.389274597167969,0.9999163909014747,0.9959143786942749
d:\Pneum Det\archive\chest_xray\chest_xray\train\PNEUMONIA\person1284_virus_2207.jpeg,person1284,PNEUMONIA,9.353734970092773,0.9999133662943648,0.9958288502654316
d:\Pneum Det\archive\chest_xray\chest_xray\train\PNEUMONIA\person1288_bacteria_3251.jpeg,person1288,PNEUMONIA,7.927616119384766,0.9996394848941035,0.9904401589843796
d:\Pneum Det\archive\chest_xray\chest_xray\train\PNEUMONIA\person1288_virus_2211.jpeg,person1288,PNEUMONIA,7.15955924987793,0.9992232067612299,0.9850941269953366
d:\Pneum Det\archive\chest_xray\chest_xray\train\PNEUMONIA\person12_bacteria_46.jpeg,person12,PNEUMONIA,-1.4074645042419434,0.19663427864305277,0.30493946329375105
d:\Pneum Det\archive\chest_xray\chest_xray\train\PNEUMONIA\person12_bacteria_47.jpeg,person12,PNEUMONIA,9.409727096557617,0.9999180834094256,0.9959628048469987
d:\Pneum Det\archive\chest_xray\chest_xray\train\PNEUMONIA\person12_bacteria_48.jpeg,person12,PNEUMONIA,4.737570285797119,0.9913161651497554,0.9412117073892997
d:\Pneum Det\archive\chest_xray\chest_xray\train\PNEUMONIA\person1306_bacteria_3272.jpeg,person1306,PNEUMONIA,9.411504745483398,0.999918228887115,0.9959669867527355
d:\Pneum Det\archive\chest_xray\chest_xray\train\PNEUMONIA\person1306_bacteria_3274.jpeg,person1306,PNEUMONIA,8.494379997253418,0.9997954267777189,0.993120760686967
d:\Pneum Det\archive\chest_xray\chest_xray\train\PNEUMONIA\person1306_bacteria_3275.jpeg,person1306,PNEUMONIA,9.782848358154297,0.9999435922934283,0.9967523582638477
d:\Pneum Det\archive\chest_xray\chest_xray\train\PNEUMONIA\person1306_bacteria_3276.jpeg,person1306,PNEUMONIA,10.37637710571289,0.9999688410260262,0.9977033544518563
d:\Pneum Det\archive\chest_xray\chest_xray\train\PNEUMONIA\person1306_bacteria_3277.jpeg,person1306,PNEUMONIA,6.386849403381348,0.9983192775358863,0.9767667114384018
d:\Pneum Det\archive\chest_xray\chest_xray\train\PNEUMONIA\person1306_virus_2249.jpeg,person1306,PNEUMONIA,8.957667350769043,0.9998712703499407,0.9947462109713102
d:\Pneum Det\archive\chest_xray\chest_xray\train\PNEUMONIA\person1307_bacteria_3278.jpeg,person1307,PNEUMONIA,6.298521041870117,0.998164353191785,0.975563970730441
d:\Pneum Det\archive\chest_xray\chest_xray\train\PNEUMONIA\person1307_virus_2251.jpeg,person1307,PNEUMONIA,7.112669467926025,0.9991859459986597,0.9846856791600586
d:\Pneum Det\archive\chest_xray\chest_xray\train\PNEUMONIA\person1310_bacteria_3295.jpeg,person1310,PNEUMONIA,8.46273422241211,0.999788850763804,0.9929930401911409
d:\Pneum Det\archive\chest_xray\chest_xray\train\PNEUMONIA\person1310_bacteria_3297.jpeg,person1310,PNEUMONIA,6.221527576446533,0.9980177283924512,0.9744662186268143
d:\Pneum Det\archive\chest_xray\chest_xray\train\PNEUMONIA\person1310_bacteria_3300.jpeg,person1310,PNEUMONIA,7.043671607971191,0.9991278456500267,0.9840645436424903
d:\Pneum Det\archive\chest_xray\chest_xray\train\PNEUMONIA\person1310_bacteria_3301.jpeg,person1310,PNEUMONIA,9.129570007324219,0.9998915995604025,0.9952467615300342
d:\Pneum Det\archive\chest_xray\chest_xray\train\PNEUMONIA\person1310_bacteria_3302.jpeg,person1310,PNEUMONIA,9.738975524902344,0.9999410625864307,0.9966681542995501
d:\Pneum Det\archive\chest_xray\chest_xray\train\PNEUMONIA\person1310_bacteria_3304.jpeg,person1310,PNEUMONIA,12.482648849487305,0.9999962081352498,0.9993295909974385
d:\Pneum Det\archive\chest_xray\chest_xray\train\PNEUMONIA\person1310_virus_2255.jpeg,person1310,PNEUMONIA,10.509395599365234,0.9999727218045925,0.9978750318883932
d:\Pneum Det\archive\chest_xray\chest_xray\train\PNEUMONIA\person1314_virus_2266.jpeg,person1314,PNEUMONIA,8.707033157348633,0.9998346090614539,0.9939210433457709
d:\Pneum Det\archive\chest_xray\chest_xray\train\PNEUMONIA\person1314_virus_2268.jpeg,person1314,PNEUMONIA,10.626964569091797,0.9999757474507389,0.9980160755374117
d:\Pneum Det\archive\chest_xray\chest_xray\train\PNEUMONIA\person1314_virus_2269.jpeg,person1314,PNEUMONIA,7.83865213394165,0.9996059553208655,0.9899342665922839
d:\Pneum Det\archive\chest_xray\chest_xray\train\PNEUMONIA\person1320_bacteria_3339.jpeg,person1320,PNEUMONIA,11.363883972167969,0.999988392923228,0.9987103088740931
d:\Pneum Det\archive\chest_xray\chest_xray\train\PNEUMONIA\person1320_bacteria_3340.jpeg,person1320,PNEUMONIA,10.861272811889648,0.9999808132764291,0.9982699081010918
d:\Pneum Det\archive\chest_xray\chest_xray\train\PNEUMONIA\person1320_bacteria_3342.jpeg,person1320,PNEUMONIA,9.038636207580566,0.99988128144299,0.9949881949784669
d:\Pneum Det\archive\chest_xray\chest_xray\train\PNEUMONIA\person1320_bacteria_3344.jpeg,person1320,PNEUMONIA,9.527719497680664,0.9999271998323951,0.9962312228219271
d:\Pneum Det\archive\chest_xray\chest_xray\train\PNEUMONIA\person1320_bacteria_3345.jpeg,person1320,PNEUMONIA,11.766414642333984,0.9999922391787889,0.998980772820135
d:\Pneum Det\archive\chest_xray\chest_xray\train\PNEUMONIA\person1320_bacteria_3346.jpeg,person1320,PNEUMONIA,11.177999496459961,0.9999860218264175,0.9985622700220438
d:\Pneum Det\archive\chest_xray\chest_xray\train\PNEUMONIA\person1320_bacteria_3347.jpeg,person1320,PNEUMONIA,9.567339897155762,0.9999300276134773,0.9963173063425497
d:\Pneum Det\archive\chest_xray\chest_xray\train\PNEUMONIA\person1320_bacteria_3348.jpeg,person1320,PNEUMONIA,11.790350914001465,0.9999924227368939,0.9989949399303456
d:\Pneum Det\archive\chest_xray\chest_xray\train\PNEUMONIA\person1320_bacteria_3350.jpeg,person1320,PNEUMONIA,11.3270263671875,0.9999879571376561,0.9986822181408638
d:\Pneum Det\archive\chest_xray\chest_xray\train\PNEUMONIA\person1320_bacteria_3351.jpeg,person1320,PNEUMONIA,10.767501831054688,0.9999789271042359,0.9981724660141023
d:\Pneum Det\archive\chest_xray\chest_xray\train\PNEUMONIA\person1320_bacteria_3352.jpeg,person1320,PNEUMONIA,7.744795799255371,0.9995671973448352,0.9893718179694111
d:\Pneum Det\archive\chest_xray\chest_xray\train\PNEUMONIA\person1320_bacteria_3353.jpeg,person1320,PNEUMONIA,11.204305648803711,0.9999863847390295,0.9985842086435276
d:\Pneum Det\archive\chest_xray\chest_xray\train\PNEUMONIA\person1320_bacteria_3355.jpeg,person1320,PNEUMONIA,9.055441856384277,0.9998832596830887,0.9950370134018237
d:\Pneum Det\archive\chest_xray\chest_xray\train\PNEUMONIA\person1320_virus_2277.jpeg,person1320,PNEUMONIA,10.857982635498047,0.9999807500459769,0.9982665785731117
d:\Pneum Det\archive\chest_xray\chest_xray\train\PNEUMONIA\person1321_bacteria_3358.jpeg,person1321,PNEUMONIA,9.424589157104492,0.9999192917589725,0.9959976352748859
d:\Pneum Det\archive\chest_xray\chest_xray\train\PNEUMONIA\person1321_bacteria_3359.jpeg,person1321,PNEUMONIA,10.760807991027832,0.999978785575478,0.9981653041859037
d:\Pneum Det\archive\chest_xray\chest_xray\train\PNEUMONIA\person1321_virus_2279.jpeg,person1321,PNEUMONIA,2.701603651046753,0.9371212054303237,0.8294075427196327
d:\Pneum Det\archive\chest_xray\chest_xray\train\PNEUMONIA\person1332_virus_2300.jpeg,person1332,PNEUMONIA,8.431829452514648,0.9997822248068694,0.9928660384839896
d:\Pneum Det\archive\chest_xray\chest_xray\train\PNEUMONIA\person1337_virus_2307.jpeg,person1337,PNEUMONIA,3.615736722946167,0.9738074027612011,0.8925003304148684
d:\Pneum Det\archive\chest_xray\chest_xray\train\PNEUMONIA\person1341_bacteria_3406.jpeg,person1341,PNEUMONIA,7.069502830505371,0.9991500670762483,0.9842999331602408
d:\Pneum Det\archive\chest_xray\chest_xray\train\PNEUMONIA\person1341_virus_2313.jpeg,person1341,PNEUMONIA,6.720034599304199,0.9987949574103323,0.9808045122321929
d:\Pneum Det\archive\chest_xray\chest_xray\train\PNEUMONIA\person1348_virus_2324.jpeg,person1348,PNEUMONIA,10.935708999633789,0.9999821895787805,0.998343551782812
d:\Pneum Det\archive\chest_xray\chest_xray\train\PNEUMONIA\person1348_virus_2326.jpeg,person1348,PNEUMONIA,11.323627471923828,0.9999879161360822,0.9986795971283698
d:\Pneum Det\archive\chest_xray\chest_xray\train\PNEUMONIA\person1350_virus_2329.jpeg,person1350,PNEUMONIA,8.616727828979492,0.9998189810551165,0.9935931671404236
d:\Pneum Det\archive\chest_xray\chest_xray\train\PNEUMONIA\person1351_bacteria_3441.jpeg,person1351,PNEUMONIA,6.637975215911865,0.9986920366358599,0.9798789582580318
d:\Pneum Det\archive\chest_xray\chest_xray\train\PNEUMONIA\person1351_virus_2330.jpeg,person1351,PNEUMONIA,6.0098466873168945,0.9975515451931856,0.9711949401838456
d:\Pneum Det\archive\chest_xray\chest_xray\train\PNEUMONIA\person1353_bacteria_3446.jpeg,person1353,PNEUMONIA,6.4095377922058105,0.9983569191369104,0.977066204714148
d:\Pneum Det\archive\chest_xray\chest_xray\train\PNEUMONIA\person1353_virus_2333.jpeg,person1353,PNEUMONIA,6.008800506591797,0.9975489886081985,0.9711778031075877
d:\Pneum Det\archive\chest_xray\chest_xray\train\PNEUMONIA\person1366_bacteria_3490.jpeg,person1366,PNEUMONIA,8.468404769897461,0.9997900444565436,0.993016098094472
d:\Pneum Det\archive\chest_xray\chest_xray\train\PNEUMONIA\person1366_virus_2349.jpeg,person1366,PNEUMONIA,10.473466873168945,0.9999717239428816,0.9978299652437652
d:\Pneum Det\archive\chest_xray\chest_xray\train\PNEUMONIA\person1371_virus_2361.jpeg,person1371,PNEUMONIA,7.134453773498535,0.9992034738651435,0.9848767906401361
d:\Pneum Det\archive\chest_xray\chest_xray\train\PNEUMONIA\person1371_virus_2362.jpeg,person1371,PNEUMONIA,3.8494925498962402,0.979153299869483,0.9049410394017663
d:\Pneum Det\archive\chest_xray\chest_xray\train\PNEUMONIA\person1375_bacteria_3509.jpeg,person1375,PNEUMONIA,5.938098907470703,0.9973698975382956,0.9699964657811224
d:\Pneum Det\archive\chest_xray\chest_xray\train\PNEUMONIA\person1375_bacteria_3510.jpeg,person1375,PNEUMONIA,9.082347869873047,0.9998863584677685,0.9951141888761986
d:\Pneum Det\archive\chest_xray\chest_xray\train\PNEUMONIA\person1375_virus_2366.jpeg,person1375,PNEUMONIA,6.725628852844238,0.9988016718471574,0.9808660681212212
d:\Pneum Det\archive\chest_xray\chest_xray\train\PNEUMONIA\person1379_bacteria_3514.jpeg,person1379,PNEUMONIA,7.20122766494751,0.999254885795638,0.9854480769704085
d:\Pneum Det\archive\chest_xray\chest_xray\train\PNEUMONIA\person1384_bacteria_3522.jpeg,person1384,PNEUMONIA,11.821002960205078,0.9999926514703235,0.9990127950040112
d:\Pneum Det\archive\chest_xray\chest_xray\train\PNEUMONIA\person1387_virus_2382.jpeg,person1387,PNEUMONIA,10.399998664855957,0.9999695684024701,0.9977348209240681
d:\Pneum Det\archive\chest_xray\chest_xray\train\PNEUMONIA\person1391_bacteria_3536.jpeg,person1391,PNEUMONIA,10.357233047485352,0.9999682387895276,0.9976775328389146
d:\Pneum Det\archive\chest_xray\chest_xray\train\PNEUMONIA\person1391_bacteria_3537.jpeg,person1391,PNEUMONIA,10.8801908493042,0.9999811728329742,0.9982889288901771
d:\Pneum Det\archive\chest_xray\chest_xray\train\PNEUMONIA\person1399_bacteria_3549.jpeg,person1399,PNEUMONIA,4.389346122741699,0.9877432516081023,0.9288651261389815
d:\Pneum Det\archive\chest_xray\chest_xray\train\PNEUMONIA\person1399_virus_2402.jpeg,person1399,PNEUMONIA,7.918903350830078,0.9996363312331309,0.9903917471744969
d:\Pneum Det\archive\chest_xray\chest_xray\train\PNEUMONIA\person13_bacteria_49.jpeg,person13,PNEUMONIA,4.438286304473877,0.9883218208582474,0.9307349369371227
d:\Pneum Det\archive\chest_xray\chest_xray\train\PNEUMONIA\person13_bacteria_50.jpeg,person13,PNEUMONIA,5.216689586639404,0.9946040153331371,0.9549414299548437
d:\Pneum Det\archive\chest_xray\chest_xray\train\PNEUMONIA\person1404_bacteria_3561.jpeg,person1404,PNEUMONIA,8.59697437286377,0.9998153704216817,0.9935191375194258
d:\Pneum Det\archive\chest_xray\chest_xray\train\PNEUMONIA\person1413_bacteria_3613.jpeg,person1413,PNEUMONIA,6.621307849884033,0.9986700828768774,0.9796856928936563
d:\Pneum Det\archive\chest_xray\chest_xray\train\PNEUMONIA\person1413_bacteria_3615.jpeg,person1413,PNEUMONIA,10.497873306274414,0.9999724056882077,0.9978606817470279
d:\Pneum Det\archive\chest_xray\chest_xray\train\PNEUMONIA\person1413_bacteria_3617.jpeg,person1413,PNEUMONIA,9.496578216552734,0.9999248972455017,0.9961621573645018
d:\Pneum Det\archive\chest_xray\chest_xray\train\PNEUMONIA\person1413_bacteria_3620.jpeg,person1413,PNEUMONIA,9.77770709991455,0.9999433015565488,0.9967426015464381
d:\Pneum Det\archive\chest_xray\chest_xray\train\PNEUMONIA\person1413_virus_2422.jpeg,person1413,PNEUMONIA,9.185277938842773,0.9998974725993298,0.9953985613594448
d:\Pneum Det\archive\chest_xray\chest_xray\train\PNEUMONIA\person1413_virus_2423.jpeg,person1413,PNEUMONIA,9.531635284423828,0.9999274843242859,0.9962398191947375
d:\Pneum Det\archive\chest_xray\chest_xray\train\PNEUMONIA\person1416_virus_2427.jpeg,person1416,PNEUMONIA,0.3663000464439392,0.5905646375915142,0.5534007054960197
d:\Pneum Det\archive\chest_xray\chest_xray\train\PNEUMONIA\person1418_bacteria_3636.jpeg,person1418,PNEUMONIA,7.102545261383057,0.9991776692983602,0.9845960531915137
d:\Pneum Det\archive\chest_xray\chest_xray\train\PNEUMONIA\person1418_bacteria_3637.jpeg,person1418,PNEUMONIA,8.922147750854492,0.9998666163696965,0.9946364223547394
d:\Pneum Det\archive\chest_xray\chest_xray\train\PNEUMONIA\person1418_bacteria_3638.jpeg,person1418,PNEUMONIA,2.585144281387329,0.9298993495677331,0.8195442134845896
d:\Pneum Det\archive\chest_xray\chest_xray\train\PNEUMONIA\person1418_bacteria_3639.jpeg,person1418,PNEUMONIA,6.687268257141113,0.9987548685401779,0.9804400527256225
d:\Pneum Det\archive\chest_xray\chest_xray\train\PNEUMONIA\person1418_bacteria_3643.jpeg,person1418,PNEUMONIA,6.687430381774902,0.9987550701390077,0.9804418726252192
d:\Pneum Det\archive\chest_xray\chest_xray\train\PNEUMONIA\person1418_virus_2429.jpeg,person1418,PNEUMONIA,9.454423904418945,0.9999216639179864,0.9960666545055463
d:\Pneum Det\archive\chest_xray\chest_xray\train\PNEUMONIA\person1423_bacteria_3650.jpeg,person1423,PNEUMONIA,8.88272476196289,0.9998612537063162,0.9945118951213627
d:\Pneum Det\archive\chest_xray\chest_xray\train\PNEUMONIA\person1429_bacteria_3688.jpeg,person1429,PNEUMONIA,0.49983343482017517,0.6224201869679197,0.5726293180270817
d:\Pneum Det\archive\chest_xray\chest_xray\train\PNEUMONIA\person1429_bacteria_3690.jpeg,person1429,PNEUMONIA,10.23965072631836,0.9999642759508747,0.9975124616831986
d:\Pneum Det\archive\chest_xray\chest_xray\train\PNEUMONIA\person1429_bacteria_3691.jpeg,person1429,PNEUMONIA,9.805715560913086,0.999944867473312,0.9967954023255476
d:\Pneum Det\archive\chest_xray\chest_xray\train\PNEUMONIA\person1429_virus_2443.jpeg,person1429,PNEUMONIA,8.567770957946777,0.9998099001458832,0.9934081329074438
d:\Pneum Det\archive\chest_xray\chest_xray\train\PNEUMONIA\person1439_bacteria_3722.jpeg,person1439,PNEUMONIA,-0.4005034267902374,0.401191392202978,0.4416564415407622
d:\Pneum Det\archive\chest_xray\chest_xray\train\PNEUMONIA\person1439_virus_2453.jpeg,person1439,PNEUMONIA,8.257949829101562,0.9997408773316325,0.9921077101628817
d:\Pneum Det\archive\chest_xray\chest_xray\train\PNEUMONIA\person143_virus_289.jpeg,person143,PNEUMONIA,4.295107364654541,0.9865483075846322,0.9251328001948196
d:\Pneum Det\archive\chest_xray\chest_xray\train\PNEUMONIA\person1441_bacteria_3724.jpeg,person1441,PNEUMONIA,7.463142395019531,0.9994264790434152,0.9874906414527203
d:\Pneum Det\archive\chest_xray\chest_xray\train\PNEUMONIA\person1441_virus_2454.jpeg,person1441,PNEUMONIA,8.612034797668457,0.9998181296858552,0.9935756556157977
d:\Pneum Det\archive\chest_xray\chest_xray\train\PNEUMONIA\person1441_virus_2457.jpeg,person1441,PNEUMONIA,2.420409917831421,0.9183704797672094,0.8048413265342759
d:\Pneum Det\archive\chest_xray\chest_xray\train\PNEUMONIA\person1445_bacteria_3734.jpeg,person1445,PNEUMONIA,6.365928649902344,0.9982838061500068,0.9764871701106503
d:\Pneum Det\archive\chest_xray\chest_xray\train\PNEUMONIA\person1445_bacteria_3735.jpeg,person1445,PNEUMONIA,9.02530288696289,0.9998796881223264,0.9949491235960533
d:\Pneum Det\archive\chest_xray\chest_xray\train\PNEUMONIA\person1450_bacteria_3753.jpeg,person1450,PNEUMONIA,9.46028995513916,0.9999221220605724,0.9960800848217106
d:\Pneum Det\archive\chest_xray\chest_xray\train\PNEUMONIA\person1451_virus_2479.jpeg,person1451,PNEUMONIA,9.442312240600586,0.9999207094444622,0.9960387796846258
d:\Pneum Det\archive\chest_xray\chest_xray\train\PNEUMONIA\person1451_virus_2480.jpeg,person1451,PNEUMONIA,10.08923625946045,0.9999584776110202,0.9972841293405619
d:\Pneum Det\archive\chest_xray\chest_xray\train\PNEUMONIA\person1451_virus_2482.jpeg,person1451,PNEUMONIA,8.387518882751465,0.9997723603241845,0.9926799491900457
d:\Pneum Det\archive\chest_xray\chest_xray\train\PNEUMONIA\person1465_virus_2530.jpeg,person1465,PNEUMONIA,9.26455307006836,0.9999052859105154,0.995606296489976
d:\Pneum Det\archive\chest_xray\chest_xray\train\PNEUMONIA\person1465_virus_2531.jpeg,person1465,PNEUMONIA,9.119047164916992,0.9998904529825691,0.9952175329011123
d:\Pneum Det\archive\chest_xray\chest_xray\train\PNEUMONIA\person1465_virus_2532.jpeg,person1465,PNEUMONIA,10.156576156616211,0.9999611815525979,0.997388828692011
d:\Pneum Det\archive\chest_xray\chest_xray\train\PNEUMONIA\person1465_virus_2537.jpeg,person1465,PNEUMONIA,8.192842483520508,0.9997234500415385,0.9918036284083336
d:\Pneum Det\archive\chest_xray\chest_xray\train\PNEUMONIA\person1468_bacteria_3822.jpeg,person1468,PNEUMONIA,9.160892486572266,0.9998949419549066,0.9953327159385404
d:\Pneum Det\archive\chest_xray\chest_xray\train\PNEUMONIA\person1468_virus_2545.jpeg,person1468,PNEUMONIA,5.250875473022461,0.9947844185605637,0.9557946876182523
d:\Pneum Det\archive\chest_xray\chest_xray\train\PNEUMONIA\person1468_virus_2546.jpeg,person1468,PNEUMONIA,5.289683818817139,0.9949819531682258,0.9567446392513999
d:\Pneum Det\archive\chest_xray\chest_xray\train\PNEUMONIA\person1469_bacteria_3824.jpeg,person1469,PNEUMONIA,6.845694541931152,0.9989371039814029,0.9821414915378482
d:\Pneum Det\archive\chest_xray\chest_xray\train\PNEUMONIA\person1469_bacteria_3827.jpeg,person1469,PNEUMONIA,8.959099769592285,0.9998714545890262,0.9947505912756766
d:\Pneum Det\archive\chest_xray\chest_xray\train\PNEUMONIA\person1469_virus_2547.jpeg,person1469,PNEUMONIA,-6.734827041625977,0.0011873692701889675,0.019033140889668995
d:\Pneum Det\archive\chest_xray\chest_xray\train\PNEUMONIA\person1473_bacteria_3836.jpeg,person1473,PNEUMONIA,10.98085880279541,0.9999829758192436,0.998386687358497
d:\Pneum Det\archive\chest_xray\chest_xray\train\PNEUMONIA\person1473_virus_2551.jpeg,person1473,PNEUMONIA,7.704651832580566,0.9995494774634969,0.9891218575156869
d:\Pneum Det\archive\chest_xray\chest_xray\train\PNEUMONIA\person1473_virus_2553.jpeg,person1473,PNEUMONIA,8.21491813659668,0.9997294865360626,0.9919080121967946
d:\Pneum Det\archive\chest_xray\chest_xray\train\PNEUMONIA\person148_virus_298.jpeg,person148,PNEUMONIA,8.053924560546875,0.9996822489559322,0.9911154336911363
d:\Pneum Det\archive\chest_xray\chest_xray\train\PNEUMONIA\person1491_bacteria_3892.jpeg,person1491,PNEUMONIA,6.500725746154785,0.9984999051915407,0.9782323306662764
d:\Pneum Det\archive\chest_xray\chest_xray\train\PNEUMONIA\person1491_bacteria_3893.jpeg,person1491,PNEUMONIA,5.749446868896484,0.9968255673348994,0.9666102451665589
d:\Pneum Det\archive\chest_xray\chest_xray\train\PNEUMONIA\person1491_virus_2597.jpeg,person1491,PNEUMONIA,12.120121002197266,0.999994551261538,0.9991712305969159
d:\Pneum Det\archive\chest_xray\chest_xray\train\PNEUMONIA\person149_virus_299.jpeg,person149,PNEUMONIA,5.904430389404297,0.9972800832665154,0.9694175392391564
d:\Pneum Det\archive\chest_xray\chest_xray\train\PNEUMONIA\person1500_bacteria_3916.jpeg,person1500,PNEUMONIA,4.558218002319336,0.9896279872213769,0.9351262305294398
d:\Pneum Det\archive\chest_xray\chest_xray\train\PNEUMONIA\person1500_virus_2610.jpeg,person1500,PNEUMONIA,9.35631275177002,0.9999135893102796,0.9958351133924909
d:\Pneum Det\archive\chest_xray\chest_xray\train\PNEUMONIA\person1507_bacteria_3935.jpeg,person1507,PNEUMONIA,9.571017265319824,0.999930284437258,0.9963251961420362
d:\Pneum Det\archive\chest_xray\chest_xray\train\PNEUMONIA\person1507_bacteria_3942.jpeg,person1507,PNEUMONIA,8.777114868164062,0.9998458013849926,0.9941639523057622
d:\Pneum Det\archive\chest_xray\chest_xray\train\PNEUMONIA\person1507_bacteria_3943.jpeg,person1507,PNEUMONIA,11.610613822937012,0.9999909307672747,0.9988835563996881
d:\Pneum Det\archive\chest_xray\chest_xray\train\PNEUMONIA\person1507_bacteria_3944.jpeg,person1507,PNEUMONIA,6.528835296630859,0.9985414244015497,0.9785799656790095
d:\Pneum Det\archive\chest_xray\chest_xray\train\PNEUMONIA\person1507_bacteria_3945.jpeg,person1507,PNEUMONIA,9.792098999023438,0.999944111665734,0.9967698401783569
d:\Pneum Det\archive\chest_xray\chest_xray\train\PNEUMONIA\person1507_bacteria_3946.jpeg,person1507,PNEUMONIA,8.624828338623047,0.9998204412155235,0.9936232817845831
d:\Pneum Det\archive\chest_xray\chest_xray\train\PNEUMONIA\person1507_bacteria_3947.jpeg,person1507,PNEUMONIA,7.643621444702148,0.9995211391100065,0.9887306662801397
d:\Pneum Det\archive\chest_xray\chest_xray\train\PNEUMONIA\person1507_bacteria_3948.jpeg,person1507,PNEUMONIA,8.859819412231445,0.9998580394538319,0.9944382266908813
d:\Pneum Det\archive\chest_xray\chest_xray\train\PNEUMONIA\person1511_bacteria_3955.jpeg,person1511,PNEUMONIA,11.585977554321289,0.9999907045623162,0.9988673575436087
d:\Pneum Det\archive\chest_xray\chest_xray\train\PNEUMONIA\person1516_virus_2643.jpeg,person1516,PNEUMONIA,7.856776237487793,0.9996130299594074,0.9900394342520451
d:\Pneum Det\archive\chest_xray\chest_xray\train\PNEUMONIA\person1517_bacteria_3968.jpeg,person1517,PNEUMONIA,10.538505554199219,0.9999735044046011,0.997910859697237
d:\Pneum Det\archive\chest_xray\chest_xray\train\PNEUMONIA\person1517_virus_2644.jpeg,person1517,PNEUMONIA,11.486555099487305,0.9999897328940133,0.9987995646520303
d:\Pneum Det\archive\chest_xray\chest_xray\train\PNEUMONIA\person1523_bacteria_3979.jpeg,person1523,PNEUMONIA,10.80289077758789,0.9999796597955954,0.9982098679332744
d:\Pneum Det\archive\chest_xray\chest_xray\train\PNEUMONIA\person1523_bacteria_3980.jpeg,person1523,PNEUMONIA,6.694561004638672,0.9987639047557723,0.9805217521368804
d:\Pneum Det\archive\chest_xray\chest_xray\train\PNEUMONIA\person1527_bacteria_3988.jpeg,person1527,PNEUMONIA,7.273143768310547,0.9993065541855184,0.986039585636098
d:\Pneum Det\archive\chest_xray\chest_xray\train\PNEUMONIA\person1527_bacteria_3989.jpeg,person1527,PNEUMONIA,8.147454261779785,0.9997106124287295,0.9915847986955867
d:\Pneum Det\archive\chest_xray\chest_xray\train\PNEUMONIA\person1527_bacteria_3990.jpeg,person1527,PNEUMONIA,6.511266708374023,0.9985156112385785,0.9783633340969804
d:\Pneum Det\archive\chest_xray\chest_xray\train\PNEUMONIA\person1527_virus_2661.jpeg,person1527,PNEUMONIA,1.1749184131622314,0.7640328910980922,0.6654685461623411
d:\Pneum Det\archive\chest_xray\chest_xray\train\PNEUMONIA\person1535_bacteria_4015.jpeg,person1535,PNEUMONIA,11.304401397705078,0.9999876815659741,0.9986646728823017
d:\Pneum Det\archive\chest_xray\chest_xray\train\PNEUMONIA\person1535_bacteria_4016.jpeg,person1535,PNEUMONIA,6.355803489685059,0.9982663714213592,0.9763507024321646
d:\Pneum Det\archive\chest_xray\chest_xray\train\PNEUMONIA\person1535_bacteria_4017.jpeg,person1535,PNEUMONIA,4.500296115875244,0.9890162745666434,0.9330387408925492
d:\Pneum Det\archive\chest_xray\chest_xray\train\PNEUMONIA\person1535_virus_2672.jpeg,person1535,PNEUMONIA,2.289771795272827,0.9080263934484353,0.7925492591010861
d:\Pneum Det\archive\chest_xray\chest_xray\train\PNEUMONIA\person1538_bacteria_4021.jpeg,person1538,PNEUMONIA,1.9764693975448608,0.8783042943773791,0.7607804972703679
d:\Pneum Det\archive\chest_xray\chest_xray\train\PNEUMONIA\person1541_virus_2681.jpeg,person1541,PNEUMONIA,9.107040405273438,0.9998891298965964,0.995183963950713
d:\Pneum Det\archive\chest_xray\chest_xray\train\PNEUMONIA\person1544_bacteria_4033.jpeg,person1544,PNEUMONIA,5.248447418212891,0.9947718057452336,0.9557345967575546
d:\Pneum Det\archive\chest_xray\chest_xray\train\PNEUMONIA\person1544_bacteria_4035.jpeg,person1544,PNEUMONIA,4.996891021728516,0.9932864486808453,0.9490696708938603
d:\Pneum Det\archive\chest_xray\chest_xray\train\PNEUMONIA\person1544_bacteria_4037.jpeg,person1544,PNEUMONIA,10.551292419433594,0.9999738410345386,0.9979264062952033
d:\Pneum Det\archive\chest_xray\chest_xray\train\PNEUMONIA\person1544_bacteria_4038.jpeg,person1544,PNEUMONIA,4.387727737426758,0.9877236431192841,0.9288025046915682
d:\Pneum Det\archive\chest_xray\chest_xray\train\PNEUMONIA\person1544_virus_2685.jpeg,person1544,PNEUMONIA,4.152204513549805,0.9845138900002259,0.9191289534625645
d:\Pneum Det\archive\chest_xray\chest_xray\train\PNEUMONIA\person1549_bacteria_4050.jpeg,person1549,PNEUMONIA,8.498061180114746,0.999796178311551,0.9931354668021469
d:\Pneum Det\archive\chest_xray\chest_xray\train\PNEUMONIA\person1549_virus_2690.jpeg,person1549,PNEUMONIA,5.701766490936279,0.9966710588062432,0.9656976075207714
d:\Pneum Det\archive\chest_xray\chest_xray\train\PNEUMONIA\person1557_bacteria_4063.jpeg,person1557,PNEUMONIA,6.261063575744629,0.998094424029981,0.9750357821020582
d:\Pneum Det\archive\chest_xray\chest_xray\train\PNEUMONIA\person1557_bacteria_4065.jpeg,person1557,PNEUMONIA,3.4399399757385254,0.9689297088651156,0.8822210615001961
d:\Pneum Det\archive\chest_xray\chest_xray\train\PNEUMONIA\person1565_bacteria_4095.jpeg,person1565,PNEUMONIA,2.635859489440918,0.9331340806706336,0.8238931079519192
d:\Pneum Det\archive\chest_xray\chest_xray\train\PNEUMONIA\person1567_bacteria_4100.jpeg,person1567,PNEUMONIA,9.058942794799805,0.999883667621703,0.9950471235096516
d:\Pneum Det\archive\chest_xray\chest_xray\train\PNEUMONIA\person1567_virus_2722.jpeg,person1567,PNEUMONIA,7.798087120056152,0.9995896489541931,0.9896948830186246
d:\Pneum Det\archive\chest_xray\chest_xray\train\PNEUMONIA\person1575_bacteria_4119.jpeg,person1575,PNEUMONIA,9.824854850769043,0.999945912580441,0.9968309916558425
d:\Pneum Det\archive\chest_xray\chest_xray\train\PNEUMONIA\person158_virus_312.jpeg,person158,PNEUMONIA,9.329719543457031,0.9999112607520355,0.9957700484344792
d:\Pneum Det\archive\chest_xray\chest_xray\train\PNEUMONIA\person1590_bacteria_4174.jpeg,person1590,PNEUMONIA,7.5880961418151855,0.999493812021144,0.9883626966096337
d:\Pneum Det\archive\chest_xray\chest_xray\train\PNEUMONIA\person1590_bacteria_4175.jpeg,person1590,PNEUMONIA,7.356456756591797,0.9993619507029678,0.9866952424467499
d:\Pneum Det\archive\chest_xray\chest_xray\train\PNEUMONIA\person1590_bacteria_4176.jpeg,person1590,PNEUMONIA,7.2871856689453125,0.9993162168248613,0.9861522830697632
d:\Pneum Det\archive\chest_xray\chest_xray\train\PNEUMONIA\person1590_virus_2764.jpeg,person1590,PNEUMONIA,10.297632217407227,0.9999662883111186,0.9975952737813115
d:\Pneum Det\archive\chest_xray\chest_xray\train\PNEUMONIA\person1592_bacteria_4178.jpeg,person1592,PNEUMONIA,7.862698554992676,0.9996153140669639,0.9900735629782945
d:\Pneum Det\archive\chest_xray\chest_xray\train\PNEUMONIA\person1592_virus_2766.jpeg,person1592,PNEUMONIA,9.097822189331055,0.9998881032618021,0.995158032284524
d:\Pneum Det\archive\chest_xray\chest_xray\train\PNEUMONIA\person1598_bacteria_4195.jpeg,person1598,PNEUMONIA,9.205418586730957,0.9998995167061944,0.9954522471576316
d:\Pneum Det\archive\chest_xray\chest_xray\train\PNEUMONIA\person1598_bacteria_4197.jpeg,person1598,PNEUMONIA,9.941566467285156,0.9999518704679815,0.9970396465125143
d:\Pneum Det\archive\chest_xray\chest_xray\train\PNEUMONIA\person1598_bacteria_4198.jpeg,person1598,PNEUMONIA,9.708152770996094,0.9999392177987863,0.9966076990715732
d:\Pneum Det\archive\chest_xray\chest_xray\train\PNEUMONIA\person1600_bacteria_4202.jpeg,person1600,PNEUMONIA,7.044576644897461,0.9991286339373535,0.9840728492712741
d:\Pneum Det\archive\chest_xray\chest_xray\train\PNEUMONIA\person1600_virus_2777.jpeg,person1600,PNEUMONIA,9.701499938964844,0.9999388121017331,0.9965945075515548
d:\Pneum Det\archive\chest_xray\chest_xray\train\PNEUMONIA\person1607_bacteria_4232.jpeg,person1607,PNEUMONIA,7.764902114868164,0.9995758088572763,0.9894948678770568
d:\Pneum Det\archive\chest_xray\chest_xray\train\PNEUMONIA\person1607_virus_2785.jpeg,person1607,PNEUMONIA,11.236291885375977,0.9999868133429892,0.998610434430793
d:\Pneum Det\archive\chest_xray\chest_xray\train\PNEUMONIA\person1610_bacteria_4240.jpeg,person1610,PNEUMONIA,9.21967601776123,0.9999009390344407,0.995489873626154
d:\Pneum Det\archive\chest_xray\chest_xray\train\PNEUMONIA\person1614_bacteria_4248.jpeg,person1614,PNEUMONIA,11.113456726074219,0.9999850898987175,0.998506994165779
d:\Pneum Det\archive\chest_xray\chest_xray\train\PNEUMONIA\person1617_bacteria_4254.jpeg,person1617,PNEUMONIA,8.511679649353027,0.9997989346814705,0.993189600918902
d:\Pneum Det\archive\chest_xray\chest_xray\train\PNEUMONIA\person1617_bacteria_4255.jpeg,person1617,PNEUMONIA,7.865237712860107,0.999616289231904,0.9900881599828663
d:\Pneum Det\archive\chest_xray\chest_xray\train\PNEUMONIA\person1617_bacteria_4256.jpeg,person1617,PNEUMONIA,7.676780700683594,0.9995367501691088,0.9889449042858912
d:\Pneum Det\archive\chest_xray\chest_xray\train\PNEUMONIA\person162_virus_319.jpeg,person162,PNEUMONIA,7.407814025878906,0.9993938725842992,0.9870841808695774
d:\Pneum Det\archive\chest_xray\chest_xray\train\PNEUMONIA\person162_virus_320.jpeg,person162,PNEUMONIA,9.099676132202148,0.999888310496632,0.9951632587301008
d:\Pneum Det\archive\chest_xray\chest_xray\train\PNEUMONIA\person162_virus_321.jpeg,person162,PNEUMONIA,7.166126251220703,0.9992282873265115,0.9851504676793719
d:\Pneum Det\archive\chest_xray\chest_xray\train\PNEUMONIA\person162_virus_322.jpeg,person162,PNEUMONIA,7.166126251220703,0.9992282873265115,0.9851504676793719
d:\Pneum Det\archive\chest_xray\chest_xray\train\PNEUMONIA\person1639_bacteria_4343.jpeg,person1639,PNEUMONIA,8.934297561645508,0.9998682269381545,0.9946742309889773
d:\Pneum Det\archive\chest_xray\chest_xray\train\PNEUMONIA\person1639_bacteria_4344.jpeg,person1639,PNEUMONIA,12.940954208374023,0.9999976021944815,0.9994872603929584
d:\Pneum Det\archive\chest_xray\chest_xray\train\PNEUMONIA\person1639_bacteria_4345.jpeg,person1639,PNEUMONIA,9.952510833740234,0.9999523943183071,0.9970584957560498
d:\Pneum Det\archive\chest_xray\chest_xray\train\PNEUMONIA\person1639_bacteria_4347.jpeg,person1639,PNEUMONIA,10.589722633361816,0.9999748272325983,0.9979724392401943
d:\Pneum Det\archive\chest_xray\chest_xray\train\PNEUMONIA\person1640_bacteria_4348.jpeg,person1640,PNEUMONIA,10.897651672363281,0.999981498711392,0.9983062992375483
d:\Pneum Det\archive\chest_xray\chest_xray\train\PNEUMONIA\person1641_bacteria_4350.jpeg,person1641,PNEUMONIA,8.759652137756348,0.9998430854337336,0.9941043430018883
d:\Pneum Det\archive\chest_xray\chest_xray\train\PNEUMONIA\person1657_bacteria_4398.jpeg,person1657,PNEUMONIA,9.0040283203125,0.9998771014360827,0.9948861530600415
d:\Pneum Det\archive\chest_xray\chest_xray\train\PNEUMONIA\person1657_bacteria_4399.jpeg,person1657,PNEUMONIA,9.884583473205566,0.9999490484015616,0.9969395427348482
d:\Pneum Det\archive\chest_xray\chest_xray\train\PNEUMONIA\person1657_bacteria_4400.jpeg,person1657,PNEUMONIA,8.116096496582031,0.9997013968561608,0.991430240053821
d:\Pneum Det\archive\chest_xray\chest_xray\train\PNEUMONIA\person1658_bacteria_4402.jpeg,person1658,PNEUMONIA,8.654397010803223,0.9998256718916271,0.9937320181321764
d:\Pneum Det\archive\chest_xray\chest_xray\train\PNEUMONIA\person1667_bacteria_4417.jpeg,person1667,PNEUMONIA,8.119810104370117,0.9997025033653865,0.991448689888373
d:\Pneum Det\archive\chest_xray\chest_xray\train\PNEUMONIA\person1667_bacteria_4418.jpeg,person1667,PNEUMONIA,5.459743976593018,0.9957633804178069,0.96068208391661
d:\Pneum Det\archive\chest_xray\chest_xray\train\PNEUMONIA\person1677_bacteria_4443.jpeg,person1677,PNEUMONIA,8.731851577758789,0.9998386626313835,0.9940081942236355
d:\Pneum Det\archive\chest_xray\chest_xray\train\PNEUMONIA\person1677_bacteria_4444.jpeg,person1677,PNEUMONIA,9.555970191955566,0.9999292275648344,0.9962928057093522
d:\Pneum Det\archive\chest_xray\chest_xray\train\PNEUMONIA\person1685_bacteria_4465.jpeg,person1685,PNEUMONIA,8.81868839263916,0.999852079608468,0.99430346392618
d:\Pneum Det\archive\chest_xray\chest_xray\train\PNEUMONIA\person1693_bacteria_4485.jpeg,person1693,PNEUMONIA,9.193737030029297,0.9998983361422459,0.9954211858556705
d:\Pneum Det\archive\chest_xray\chest_xray\train\PNEUMONIA\person1695_bacteria_4492.jpeg,person1695,PNEUMONIA,8.609783172607422,0.999817719795456,0.9935672370543605
d:\Pneum Det\archive\chest_xray\chest_xray\train\PNEUMONIA\person1698_bacteria_4497.jpeg,person1698,PNEUMONIA,6.624914169311523,0.9986748640010308,0.9797276632591071
d:\Pneum Det\archive\chest_xray\chest_xray\train\PNEUMONIA\person1700_bacteria_4500.jpeg,person1700,PNEUMONIA,4.222566604614258,0.9855508709401384,0.9221381056678561
d:\Pneum Det\archive\chest_xray\chest_xray\train\PNEUMONIA\person1700_bacteria_4502.jpeg,person1700,PNEUMONIA,11.49098014831543,0.9999897782256228,0.9988026663798223
d:\Pneum Det\archive\chest_xray\chest_xray\train\PNEUMONIA\person1708_bacteria_4521.jpeg,person1708,PNEUMONIA,0.19093655049800873,0.5475896450165835,0.5279130184016715
d:\Pneum Det\archive\chest_xray\chest_xray\train\PNEUMONIA\person1720_bacteria_4545.jpeg,person1720,PNEUMONIA,8.720292091369629,0.9998367871396787,0.9939677582198125
d:\Pneum Det\archive\chest_xray\chest_xray\train\PNEUMONIA\person1728_bacteria_4555.jpeg,person1728,PNEUMONIA,9.578601837158203,0.9999308111633464,0.9963414157064426
d:\Pneum Det\archive\chest_xray\chest_xray\train\PNEUMONIA\person1728_bacteria_4556.jpeg,person1728,PNEUMONIA,9.71126937866211,0.9999394069267104,0.9966138612863525
d:\Pneum Det\archive\chest_xray\chest_xray\train\PNEUMONIA\person1737_bacteria_4573.jpeg,person1737,PNEUMONIA,8.131853103637695,0.9997060635831586,0.9915082510618799
d:\Pneum Det\archive\chest_xray\chest_xray\train\PNEUMONIA\person1746_bacteria_4585.jpeg,person1746,PNEUMONIA,11.083138465881348,0.9999846309350001,0.9984803013573545
d:\Pneum Det\archive\chest_xray\chest_xray\train\PNEUMONIA\person1757_bacteria_4599.jpeg,person1757,PNEUMONIA,9.149049758911133,0.999893690517769,0.9953004008116413
d:\Pneum Det\archive\chest_xray\chest_xray\train\PNEUMONIA\person1758_bacteria_4600.jpeg,person1758,PNEUMONIA,3.294532537460327,0.9642407675953014,0.8730850983464109
d:\Pneum Det\archive\chest_xray\chest_xray\train\PNEUMONIA\person1760_bacteria_4602.jpeg,person1760,PNEUMONIA,8.242887496948242,0.9997369458321852,0.9920383724977622
d:\Pneum Det\archive\chest_xray\chest_xray\train\PNEUMONIA\person1763_bacteria_4606.jpeg,person1763,PNEUMONIA,8.7857666015625,0.9998471295127696,0.9941932627908576
d:\Pneum Det\archive\chest_xray\chest_xray\train\PNEUMONIA\person1777_bacteria_4622.jpeg,person1777,PNEUMONIA,9.85896110534668,0.999947726101316,0.996893438079771
d:\Pneum Det\archive\chest_xray\chest_xray\train\PNEUMONIA\person1796_bacteria_4644.jpeg,person1796,PNEUMONIA,8.047704696655273,0.9996802670624321,0.9910833157549186
d:\Pneum Det\archive\chest_xray\chest_xray\train\PNEUMONIA\person1838_bacteria_4703.jpeg,person1838,PNEUMONIA,8.243448257446289,0.9997370932624495,0.9920409646893332
d:\Pneum Det\archive\chest_xray\chest_xray\train\PNEUMONIA\person1843_bacteria_4710.jpeg,person1843,PNEUMONIA,4.327844142913818,0.986975900110142,0.9264493100684424
d:\Pneum Det\archive\chest_xray\chest_xray\train\PNEUMONIA\person1857_bacteria_4729.jpeg,person1857,PNEUMONIA,11.515069961547852,0.9999900215215589,0.9988194122066447
d:\Pneum Det\archive\chest_xray\chest_xray\train\PNEUMONIA\person1868_bacteria_4743.jpeg,person1868,PNEUMONIA,10.563663482666016,0.9999741626469477,0.9979413374587036
d:\Pneum Det\archive\chest_xray\chest_xray\train\PNEUMONIA\person1869_bacteria_4745.jpeg,person1869,PNEUMONIA,9.330719947814941,0.9999113494749091,0.995772514323037
d:\Pneum Det\archive\chest_xray\chest_xray\train\PNEUMONIA\person1876_bacteria_4760.jpeg,person1876,PNEUMONIA,9.492400169372559,0.9999245828299507,0.9961527958278086
d:\Pneum Det\archive\chest_xray\chest_xray\train\PNEUMONIA\person1877_bacteria_4761.jpeg,person1877,PNEUMONIA,7.981540679931641,0.9996584041804952,0.9907344572242137
d:\Pneum Det\archive\chest_xray\chest_xray\train\PNEUMONIA\person1893_bacteria_4781.jpeg,person1893,PNEUMONIA,11.93345832824707,0.9999934330751552,0.9990756296935086
d:\Pneum Det\archive\chest_xray\chest_xray\train\PNEUMONIA\person1904_bacteria_4798.jpeg,person1904,PNEUMONIA,9.65138053894043,0.999935667452547,0.99649347157277
d:\Pneum Det\archive\chest_xray\chest_xray\train\PNEUMONIA\person1911_bacteria_4815.jpeg,person1911,PNEUMONIA,9.746116638183594,0.9999414819414356,0.9966820068429575
d:\Pneum Det\archive\chest_xray\chest_xray\train\PNEUMONIA\person1923_bacteria_4831.jpeg,person1923,PNEUMONIA,9.395020484924316,0.9999168698926014,0.995928041583399
d:\Pneum Det\archive\chest_xray\chest_xray\train\PNEUMONIA\person1932_bacteria_4843.jpeg,person1932,PNEUMONIA,10.075764656066895,0.9999579144767612,0.9972626865671461
d:\Pneum Det\archive\chest_xray\chest_xray\train\PNEUMONIA\person1933_bacteria_4844.jpeg,person1933,PNEUMONIA,8.324956893920898,0.9997576673662392,0.9924089790580388
d:\Pneum Det\archive\chest_xray\chest_xray\train\PNEUMONIA\person1935_bacteria_4847.jpeg,person1935,PNEUMONIA,10.645732879638672,0.9999761983745059,0.9980377098591312
d:\Pneum Det\archive\chest_xray\chest_xray\train\PNEUMONIA\person1935_bacteria_4848.jpeg,person1935,PNEUMONIA,12.982828140258789,0.9999977005266505,0.9994996695130514
d:\Pneum Det\archive\chest_xray\chest_xray\train\PNEUMONIA\person1935_bacteria_4849.jpeg,person1935,PNEUMONIA,10.293155670166016,0.9999661370659856,0.9975889793123769
d:\Pneum Det\archive\chest_xray\chest_xray\train\PNEUMONIA\person1935_bacteria_4850.jpeg,person1935,PNEUMONIA,9.478199005126953,0.9999235042599111,0.9961208056192259
d:\Pneum Det\archive\chest_xray\chest_xray\train\PNEUMONIA\person1945_bacteria_4872.jpeg,person1945,PNEUMONIA,9.220474243164062,0.9999010180680454,0.9954919710203198
d:\Pneum Det\archive\chest_xray\chest_xray\train\PNEUMONIA\person22_bacteria_74.jpeg,person22,PNEUMONIA,9.529227256774902,0.9999273095068288,0.996234535138744
d:\Pneum Det\archive\chest_xray\chest_xray\train\PNEUMONIA\person22_bacteria_76.jpeg,person22,PNEUMONIA,8.291787147521973,0.999749496504238,0.9922612993041992
d:\Pneum Det\archive\chest_xray\chest_xray\train\PNEUMONIA\person22_bacteria_77.jpeg,person22,PNEUMONIA,6.262238502502441,0.9980966573684988,0.9750525175340427
d:\Pneum Det\archive\chest_xray\chest_xray\train\PNEUMONIA\person259_bacteria_1217.jpeg,person259,PNEUMONIA,9.428333282470703,0.9999195933514953,0.9960063626334911
d:\Pneum Det\archive\chest_xray\chest_xray\train\PNEUMONIA\person259_bacteria_1219.jpeg,person259,PNEUMONIA,6.430974960327148,0.9983917112344425,0.9773457157773181
d:\Pneum Det\archive\chest_xray\chest_xray\train\PNEUMONIA\person259_bacteria_1220.jpeg,person259,PNEUMONIA,6.84586763381958,0.9989372877486608,0.9821432686066417
d:\Pneum Det\archive\chest_xray\chest_xray\train\PNEUMONIA\person259_virus_540.jpeg,person259,PNEUMONIA,8.808809280395508,0.9998506112635923,0.994270615147673
d:\Pneum Det\archive\chest_xray\chest_xray\train\PNEUMONIA\person263_bacteria_1227.jpeg,person263,PNEUMONIA,8.449213027954102,0.9997859770003805,0.9929377540808528
d:\Pneum Det\archive\chest_xray\chest_xray\train\PNEUMONIA\person263_virus_546.jpeg,person263,PNEUMONIA,4.775224208831787,0.9916343815602084,0.9424195139979971
d:\Pneum Det\archive\chest_xray\chest_xray\train\PNEUMONIA\person269_virus_554.jpeg,person269,PNEUMONIA,6.202842712402344,0.9979804172277251,0.974192656074514
d:\Pneum Det\archive\chest_xray\chest_xray\train\PNEUMONIA\person273_virus_561.jpeg,person273,PNEUMONIA,4.152536392211914,0.9845189491051354,0.9191433926573952
d:\Pneum Det\archive\chest_xray\chest_xray\train\PNEUMONIA\person273_virus_562.jpeg,person273,PNEUMONIA,2.679091691970825,0.9357815609414628,0.8275349057226046
d:\Pneum Det\archive\chest_xray\chest_xray\train\PNEUMONIA\person278_bacteria_1309.jpeg,person278,PNEUMONIA,3.8707263469696045,0.979582345249303,0.9060048994751615
d:\Pneum Det\archive\chest_xray\chest_xray\train\PNEUMONIA\person278_bacteria_1311.jpeg,person278,PNEUMONIA,9.62898063659668,0.9999342102448467,0.9964473549245527
d:\Pneum Det\archive\chest_xray\chest_xray\train\PNEUMONIA\person278_bacteria_1313.jpeg,person278,PNEUMONIA,9.335013389587402,0.9999117292413435,0.9957830809489568
d:\Pneum Det\archive\chest_xray\chest_xray\train\PNEUMONIA\person278_bacteria_1314.jpeg,person278,PNEUMONIA,8.209842681884766,0.9997281104413268,0.9918841304591572
d:\Pneum Det\archive\chest_xray\chest_xray\train\PNEUMONIA\person278_virus_572.jpeg,person278,PNEUMONIA,9.163235664367676,0.9998951878106292,0.9953390834864652
d:\Pneum Det\archive\chest_xray\chest_xray\train\PNEUMONIA\person278_virus_573.jpeg,person278,PNEUMONIA,9.970417022705078,0.9999532391285403,0.9970890774832674
d:\Pneum Det\archive\chest_xray\chest_xray\train\PNEUMONIA\person278_virus_574.jpeg,person278,PNEUMONIA,7.269113540649414,0.9993037557514648,0.9860070731780908
d:\Pneum Det\archive\chest_xray\chest_xray\train\PNEUMONIA\person278_virus_575.jpeg,person278,PNEUMONIA,9.9786376953125,0.9999536219408841,0.9971030110724932
d:\Pneum Det\archive\chest_xray\chest_xray\train\PNEUMONIA\person287_bacteria_1354.jpeg,person287,PNEUMONIA,9.920501708984375,0.999950845927896,0.9970030275239026
d:\Pneum Det\archive\chest_xray\chest_xray\train\PNEUMONIA\person287_bacteria_1355.jpeg,person287,PNEUMONIA,7.8570404052734375,0.9996131321313827,0.9900409590522581
d:\Pneum Det\archive\chest_xray\chest_xray\train\PNEUMONIA\person287_virus_586.jpeg,person287,PNEUMONIA,5.053069591522217,0.9936508793347271,0.9506359513798426
d:\Pneum Det\archive\chest_xray\chest_xray\train\PNEUMONIA\person289_virus_593.jpeg,person289,PNEUMONIA,0.021575646474957466,0.5053937023858278,0.5031573850701463
d:\Pneum Det\archive\chest_xray\chest_xray\train\PNEUMONIA\person295_bacteria_1389.jpeg,person295,PNEUMONIA,7.932292938232422,0.9996411664177736,0.990466045641264
d:\Pneum Det\archive\chest_xray\chest_xray\train\PNEUMONIA\person295_bacteria_1390.jpeg,person295,PNEUMONIA,6.900264739990234,0.9989934954089029,0.982693226055735
d:\Pneum Det\archive\chest_xray\chest_xray\train\PNEUMONIA\person295_virus_612.jpeg,person295,PNEUMONIA,-3.305443048477173,0.035384932007196016,0.12620889512550157
d:\Pneum Det\archive\chest_xray\chest_xray\train\PNEUMONIA\person298_bacteria_1408.jpeg,person298,PNEUMONIA,7.695085048675537,0.9995451486990165,0.989061436212681
d:\Pneum Det\archive\chest_xray\chest_xray\train\PNEUMONIA\person298_bacteria_1409.jpeg,person298,PNEUMONIA,8.901168823242188,0.9998637889509152,0.994570509166779
d:\Pneum Det\archive\chest_xray\chest_xray\train\PNEUMONIA\person298_bacteria_1410.jpeg,person298,PNEUMONIA,6.7851481437683105,0.9988708362286045,0.9815091143622681
d:\Pneum Det\archive\chest_xray\chest_xray\train\PNEUMONIA\person298_bacteria_1411.jpeg,person298,PNEUMONIA,9.405973434448242,0.9999177753697296,0.9959539601919405
d:\Pneum Det\archive\chest_xray\chest_xray\train\PNEUMONIA\person298_bacteria_1412.jpeg,person298,PNEUMONIA,7.575385093688965,0.9994873400945843,0.9882768034581209
d:\Pneum Det\archive\chest_xray\chest_xray\train\PNEUMONIA\person298_bacteria_1413.jpeg,person298,PNEUMONIA,9.102883338928223,0.9998886680943267,0.9951722869052017
d:\Pneum Det\archive\chest_xray\chest_xray\train\PNEUMONIA\person298_virus_617.jpeg,person298,PNEUMONIA,8.91765022277832,0.9998660152025818,0.9946223590307396
d:\Pneum Det\archive\chest_xray\chest_xray\train\PNEUMONIA\person298_virus_618.jpeg,person298,PNEUMONIA,9.397636413574219,0.999917087052839,0.995934246799654
d:\Pneum Det\archive\chest_xray\chest_xray\train\PNEUMONIA\person301_bacteria_1424.jpeg,person301,PNEUMONIA,11.353755950927734,0.9999882747705698,0.9987026500157672
d:\Pneum Det\archive\chest_xray\chest_xray\train\PNEUMONIA\person301_bacteria_1427.jpeg,person301,PNEUMONIA,9.347442626953125,0.9999128194943637,0.9958135226086101
d:\Pneum Det\archive\chest_xray\chest_xray\train\PNEUMONIA\person301_bacteria_1428.jpeg,person301,PNEUMONIA,10.484365463256836,0.9999720304302443,0.9978437355768316
d:\Pneum Det\archive\chest_xray\chest_xray\train\PNEUMONIA\person301_bacteria_1429.jpeg,person301,PNEUMONIA,10.217628479003906,0.9999634805294231,0.9974802682341612
d:\Pneum Det\archive\chest_xray\chest_xray\train\PNEUMONIA\person301_virus_622.jpeg,person301,PNEUMONIA,-3.5516819953918457,0.027876955778113947,0.11115043220337709
d:\Pneum Det\archive\chest_xray\chest_xray\train\PNEUMONIA\person308_bacteria_1443.jpeg,person308,PNEUMONIA,5.923571586608887,0.9973315130173364,0.9697479841892979
d:\Pneum Det\archive\chest_xray\chest_xray\train\PNEUMONIA\person308_bacteria_1445.jpeg,person308,PNEUMONIA,7.709733963012695,0.9995517602458815,0.9891538205532324
d:\Pneum Det\archive\chest_xray\chest_xray\train\PNEUMONIA\person308_virus_630.jpeg,person308,PNEUMONIA,9.427084922790527,0.9999194929204842,0.9960034548812896
d:\Pneum Det\archive\chest_xray\chest_xray\train\PNEUMONIA\person312_bacteria_1454.jpeg,person312,PNEUMONIA,7.575132369995117,0.9994872105833522,0.9882750893765819
d:\Pneum Det\archive\chest_xray\chest_xray\train\PNEUMONIA\person312_bacteria_1455.jpeg,person312,PNEUMONIA,8.568464279174805,0.9998100318754388,0.99341079003978
d:\Pneum Det\archive\chest_xray\chest_xray\train\PNEUMONIA\person312_bacteria_1456.jpeg,person312,PNEUMONIA,7.868670463562012,0.9996176036542935,0.9901078602577632
d:\Pneum Det\archive\chest_xray\chest_xray\train\PNEUMONIA\person312_virus_635.jpeg,person312,PNEUMONIA,5.78420352935791,0.9969336721335809,0.9672606950487366
d:\Pneum Det\archive\chest_xray\chest_xray\train\PNEUMONIA\person318_bacteria_1474.jpeg,person318,PNEUMONIA,7.29208517074585,0.9993195565539543,0.9861913940024031
d:\Pneum Det\archive\chest_xray\chest_xray\train\PNEUMONIA\person318_virus_644.jpeg,person318,PNEUMONIA,3.2299644947052,0.9619464532621675,0.8688376165708761
d:\Pneum Det\archive\chest_xray\chest_xray\train\PNEUMONIA\person322_bacteria_1494.jpeg,person322,PNEUMONIA,0.5930773615837097,0.6440709234024843,0.5859308826589048
d:\Pneum Det\archive\chest_xray\chest_xray\train\PNEUMONIA\person322_virus_655.jpeg,person322,PNEUMONIA,5.4904890060424805,0.9958911263711994,0.961356265814563
d:\Pneum Det\archive\chest_xray\chest_xray\train\PNEUMONIA\person324_virus_658.jpeg,person324,PNEUMONIA,7.620352268218994,0.9995098712847085,0.9885778812618368
d:\Pneum Det\archive\chest_xray\chest_xray\train\PNEUMONIA\person329_virus_682.jpeg,person329,PNEUMONIA,8.483365058898926,0.9997931614289344,0.9930765695071848
d:\Pneum Det\archive\chest_xray\chest_xray\train\PNEUMONIA\person335_virus_690.jpeg,person335,PNEUMONIA,8.853265762329102,0.9998571061721947,0.9944169684240555
d:\Pneum Det\archive\chest_xray\chest_xray\train\PNEUMONIA\person337_bacteria_1554.jpeg,person337,PNEUMONIA,6.775739669799805,0.998860174553428,0.9814088947175079
d:\Pneum Det\archive\chest_xray\chest_xray\train\PNEUMONIA\person337_bacteria_1557.jpeg,person337,PNEUMONIA,8.90443229675293,0.9998642326872597,0.9945808152587475
d:\Pneum Det\archive\chest_xray\chest_xray\train\PNEUMONIA\person337_bacteria_1558.jpeg,person337,PNEUMONIA,7.171585559844971,0.9992324856402413,0.9851971453645411
d:\Pneum Det\archive\chest_xray\chest_xray\train\PNEUMONIA\person337_bacteria_1560.jpeg,person337,PNEUMONIA,6.964922904968262,0.9990564553731476,0.9833253079584463
d:\Pneum Det\archive\chest_xray\chest_xray\train\PNEUMONIA\person337_bacteria_1561.jpeg,person337,PNEUMONIA,8.286886215209961,0.9997482661000141,0.992239238783343
d:\Pneum Det\archive\chest_xray\chest_xray\train\PNEUMONIA\person337_bacteria_1562.jpeg,person337,PNEUMONIA,8.505828857421875,0.9997977550806119,0.9931663958616974
d:\Pneum Det\archive\chest_xray\chest_xray\train\PNEUMONIA\person337_bacteria_1563.jpeg,person337,PNEUMONIA,7.8172430992126465,0.9995974316849117,0.9898086209558766
d:\Pneum Det\archive\chest_xray\chest_xray\train\PNEUMONIA\person337_bacteria_1564.jpeg,person337,PNEUMONIA,7.550699710845947,0.9994745341286325,0.9881082019394768
d:\Pneum Det\archive\chest_xray\chest_xray\train\PNEUMONIA\person337_bacteria_1565.jpeg,person337,PNEUMONIA,6.3518829345703125,0.99825957314648,0.9762976535796316
d:\Pneum Det\archive\chest_xray\chest_xray\train\PNEUMONIA\person337_bacteria_1566.jpeg,person337,PNEUMONIA,6.047175407409668,0.9976410463991119,0.9717999772824328
d:\Pneum Det\archive\chest_xray\chest_xray\train\PNEUMONIA\person343_bacteria_1583.jpeg,person343,PNEUMONIA,8.608783721923828,0.9998175375575681,0.9935634967142943
d:\Pneum Det\archive\chest_xray\chest_xray\train\PNEUMONIA\person343_bacteria_1584.jpeg,person343,PNEUMONIA,10.363317489624023,0.9999684314459765,0.9976857708135835
d:\Pneum Det\archive\chest_xray\chest_xray\train\PNEUMONIA\person343_virus_704.jpeg,person343,PNEUMONIA,9.550426483154297,0.999928834161535,0.9962808007173745
d:\Pneum Det\archive\chest_xray\chest_xray\train\PNEUMONIA\person352_bacteria_1625.jpeg,person352,PNEUMONIA,10.033838272094727,0.999956112550209,0.9971948659589613
d:\Pneum Det\archive\chest_xray\chest_xray\train\PNEUMONIA\person357_bacteria_1639.jpeg,person357,PNEUMONIA,4.474040508270264,0.9887273648805287,0.9320720973692292
d:\Pneum Det\archive\chest_xray\chest_xray\train\PNEUMONIA\person357_bacteria_1640.jpeg,person357,PNEUMONIA,9.586853981018066,0.9999313797312224,0.9963589818600576
d:\Pneum Det\archive\chest_xray\chest_xray\train\PNEUMONIA\person357_virus_734.jpeg,person357,PNEUMONIA,7.8618903160095215,0.9996150031428657,0.990068912144204
d:\Pneum Det\archive\chest_xray\chest_xray\train\PNEUMONIA\person357_virus_735.jpeg,person357,PNEUMONIA,7.8618903160095215,0.9996150031428657,0.990068912144204
d:\Pneum Det\archive\chest_xray\chest_xray\train\PNEUMONIA\person357_virus_736.jpeg,person357,PNEUMONIA,9.688976287841797,0.9999380410351144,0.9965695362685754
d:\Pneum Det\archive\chest_xray\chest_xray\train\PNEUMONIA\person366_bacteria_1664.jpeg,person366,PNEUMONIA,9.466894149780273,0.9999226346473775,0.9960951504643218
d:\Pneum Det\archive\chest_xray\chest_xray\train\PNEUMONIA\person366_virus_746.jpeg,person366,PNEUMONIA,4.023496627807617,0.9824241377187644,0.9133489595443
d:\Pneum Det\archive\chest_xray\chest_xray\train\PNEUMONIA\person36_bacteria_182.jpeg,person36,PNEUMONIA,8.316278457641602,0.9997555556621105,0.9923706128696678
d:\Pneum Det\archive\chest_xray\chest_xray\train\PNEUMONIA\person36_bacteria_183.jpeg,person36,PNEUMONIA,10.292014122009277,0.9999660983890546,0.9975873715542033
d:\Pneum Det\archive\chest_xray\chest_xray\train\PNEUMONIA\person36_bacteria_184.jpeg,person36,PNEUMONIA,8.174066543579102,0.9997182099797166,0.991713797043512
d:\Pneum Det\archive\chest_xray\chest_xray\train\PNEUMONIA\person36_bacteria_185.jpeg,person36,PNEUMONIA,10.142230033874512,0.9999606206666675,0.9973668663237052
d:\Pneum Det\archive\chest_xray\chest_xray\train\PNEUMONIA\person374_bacteria_1710.jpeg,person374,PNEUMONIA,8.91053295135498,0.9998650583239499,0.9946000290526752
d:\Pneum Det\archive\chest_xray\chest_xray\train\PNEUMONIA\person374_bacteria_1711.jpeg,person374,PNEUMONIA,8.685066223144531,0.9998309363524271,0.9938428551937073
d:\Pneum Det\archive\chest_xray\chest_xray\train\PNEUMONIA\person374_bacteria_1712.jpeg,person374,PNEUMONIA,9.001809120178223,0.9998768284303513,0.9948795396369398
d:\Pneum Det\archive\chest_xray\chest_xray\train\PNEUMONIA\person374_virus_757.jpeg,person374,PNEUMONIA,5.900980472564697,0.9972707092297112,0.9693576107715516
d:\Pneum Det\archive\chest_xray\chest_xray\train\PNEUMONIA\person377_bacteria_1717.jpeg,person377,PNEUMONIA,7.461921691894531,0.9994257789193679,0.9874818114899181
d:\Pneum Det\archive\chest_xray\chest_xray\train\PNEUMONIA\person377_bacteria_1718.jpeg,person377,PNEUMONIA,8.938285827636719,0.999868751368719,0.994686584071567
d:\Pneum Det\archive\chest_xray\chest_xray\train\PNEUMONIA\person377_virus_760.jpeg,person377,PNEUMONIA,7.8793416023254395,0.9996216610280084,0.9901688538278157
d:\Pneum Det\archive\chest_xray\chest_xray\train\PNEUMONIA\person380_virus_763.jpeg,person380,PNEUMONIA,10.579916954040527,0.9999745791886562,0.9979607915034019
d:\Pneum Det\archive\chest_xray\chest_xray\train\PNEUMONIA\person382_bacteria_1737.jpeg,person382,PNEUMONIA,8.973737716674805,0.9998733222885949,0.9947951460654033
d:\Pneum Det\archive\chest_xray\chest_xray\train\PNEUMONIA\person382_bacteria_1738.jpeg,person382,PNEUMONIA,9.647778511047363,0.9999354353220586,0.9964860962146086
d:\Pneum Det\archive\chest_xray\chest_xray\train\PNEUMONIA\person382_bacteria_1739.jpeg,person382,PNEUMONIA,8.178571701049805,0.9997194762774274,0.991735440087539
d:\Pneum Det\archive\chest_xray\chest_xray\train\PNEUMONIA\person382_bacteria_1740.jpeg,person382,PNEUMONIA,7.805140972137451,0.9995925321495617,0.9897369103896357
d:\Pneum Det\archive\chest_xray\chest_xray\train\PNEUMONIA\person382_bacteria_1741.jpeg,person382,PNEUMONIA,9.701024055480957,0.9999387829782762,0.9965935619925812
d:\Pneum Det\archive\chest_xray\chest_xray\train\PNEUMONIA\person382_bacteria_1742.jpeg,person382,PNEUMONIA,8.539583206176758,0.9998044664845708,0.9932991981755438
d:\Pneum Det\archive\chest_xray\chest_xray\train\PNEUMONIA\person382_bacteria_1745.jpeg,person382,PNEUMONIA,11.092977523803711,0.9999847814083477,0.9984890156818548
d:\Pneum Det\archive\chest_xray\chest_xray\train\PNEUMONIA\person382_bacteria_1746.jpeg,person382,PNEUMONIA,10.073296546936035,0.9999578104811959,0.9972587398136871
d:\Pneum Det\archive\chest_xray\chest_xray\train\PNEUMONIA\person385_bacteria_1765.jpeg,person385,PNEUMONIA,7.673378944396973,0.9995351723564437,0.988923112631575
d:\Pneum Det\archive\chest_xray\chest_xray\train\PNEUMONIA\person385_bacteria_1766.jpeg,person385,PNEUMONIA,11.408172607421875,0.9999888957619002,0.9987432731814697
d:\Pneum Det\archive\chest_xray\chest_xray\train\PNEUMONIA\person385_virus_770.jpeg,person385,PNEUMONIA,5.680150985717773,0.9965985661565235,0.9652759874539767
d:\Pneum Det\archive\chest_xray\chest_xray\train\PNEUMONIA\person390_bacteria_1781.jpeg,person390,PNEUMONIA,4.601795673370361,0.9900658749184201,0.9366566681803399
d:\Pneum Det\archive\chest_xray\chest_xray\train\PNEUMONIA\person391_bacteria_1782.jpeg,person391,PNEUMONIA,1.0264867544174194,0.736234213203804,0.6458560594115221
d:\Pneum Det\archive\chest_xray\chest_xray\train\PNEUMONIA\person391_virus_781.jpeg,person391,PNEUMONIA,5.495420932769775,0.9959112584920169,0.9614633761040605
d:\Pneum Det\archive\chest_xray\chest_xray\train\PNEUMONIA\person398_bacteria_1799.jpeg,person398,PNEUMONIA,10.154489517211914,0.9999611004710822,0.9973856456626626
d:\Pneum Det\archive\chest_xray\chest_xray\train\PNEUMONIA\person398_bacteria_1801.jpeg,person398,PNEUMONIA,9.29731273651123,0.999908338159785,0.9956893898133463
d:\Pneum Det\archive\chest_xray\chest_xray\train\PNEUMONIA\person3_bacteria_10.jpeg,person3,PNEUMONIA,8.595634460449219,0.9998151229141718,0.9935140852899021
d:\Pneum Det\archive\chest_xray\chest_xray\train\PNEUMONIA\person3_bacteria_11.jpeg,person3,PNEUMONIA,8.706499099731445,0.9998345207241934,0.9939191541994155
d:\Pneum Det\archive\chest_xray\chest_xray\train\PNEUMONIA\person3_bacteria_12.jpeg,person3,PNEUMONIA,7.233147144317627,0.9992782769846305,0.9857136019776779
d:\Pneum Det\archive\chest_xray\chest_xray\train\PNEUMONIA\person3_bacteria_13.jpeg,person3,PNEUMONIA,6.955749034881592,0.9990477678717224,0.983237027464611
d:\Pneum Det\archive\chest_xray\chest_xray\train\PNEUMONIA\person408_bacteria_1823.jpeg,person408,PNEUMONIA,11.031473159790039,0.9999838160305197,0.9984337117547051
d:\Pneum Det\archive\chest_xray\chest_xray\train\PNEUMONIA\person408_virus_815.jpeg,person408,PNEUMONIA,8.210466384887695,0.9997282799207253,0.9918870689567642
d:\Pneum Det\archive\chest_xray\chest_xray\train\PNEUMONIA\person410_bacteria_1825.jpeg,person410,PNEUMONIA,8.84998893737793,0.9998566372333667,0.9944063090112236
d:\Pneum Det\archive\chest_xray\chest_xray\train\PNEUMONIA\person410_virus_821.jpeg,person410,PNEUMONIA,8.061840057373047,0.9996847533954004,0.9911561417343149
d:\Pneum Det\archive\chest_xray\chest_xray\train\PNEUMONIA\person414_bacteria_1835.jpeg,person414,PNEUMONIA,0.13248533010482788,0.5330729709403286,0.5193784798363655
d:\Pneum Det\archive\chest_xray\chest_xray\train\PNEUMONIA\person414_virus_845.jpeg,person414,PNEUMONIA,10.1631441116333,0.9999614356651686,0.9973988224606353
d:\Pneum Det\archive\chest_xray\chest_xray\train\PNEUMONIA\person419_bacteria_1844.jpeg,person419,PNEUMONIA,6.955204963684082,0.9990472501424227,0.9832317774400845
d:\Pneum Det\archive\chest_xray\chest_xray\train\PNEUMONIA\person419_bacteria_1845.jpeg,person419,PNEUMONIA,7.682046413421631,0.9995391819773314,0.9889785528768197
d:\Pneum Det\archive\chest_xray\chest_xray\train\PNEUMONIA\person419_virus_855.jpeg,person419,PNEUMONIA,5.258424758911133,0.9948234411727783,0.955981024944992
d:\Pneum Det\archive\chest_xray\chest_xray\train\PNEUMONIA\person419_virus_857.jpeg,person419,PNEUMONIA,4.231354236602783,0.9856754774323947,0.9225066411420638
d:\Pneum Det\archive\chest_xray\chest_xray\train\PNEUMONIA\person419_virus_859.jpeg,person419,PNEUMONIA,6.402765274047852,0.9983457720455071,0.9769772024234704
d:\Pneum Det\archive\chest_xray\chest_xray\train\PNEUMONIA\person419_virus_861.jpeg,person419,PNEUMONIA,9.555086135864258,0.9999291649748017,0.9962908938620377
d:\Pneum Det\archive\chest_xray\chest_xray\train\PNEUMONIA\person420_bacteria_1847.jpeg,person420,PNEUMONIA,9.54289436340332,0.9999282961467003,0.9962644277062976
d:\Pneum Det\archive\chest_xray\chest_xray\train\PNEUMONIA\person420_bacteria_1848.jpeg,person420,PNEUMONIA,7.150951385498047,0.9992164966307847,0.9850199580717873
d:\Pneum Det\archive\chest_xray\chest_xray\train\PNEUMONIA\person420_bacteria_1849.jpeg,person420,PNEUMONIA,6.8889265060424805,0.9989820301664615,0.9825799857691078
d:\Pneum Det\archive\chest_xray\chest_xray\train\PNEUMONIA\person420_bacteria_1850.jpeg,person420,PNEUMONIA,2.8480265140533447,0.9452165810907326,0.8411948819741669
d:\Pneum Det\archive\chest_xray\chest_xray\train\PNEUMONIA\person420_bacteria_1851.jpeg,person420,PNEUMONIA,7.404558181762695,0.9993918971138169,0.9870598603713739
d:\Pneum Det\archive\chest_xray\chest_xray\train\PNEUMONIA\person424_bacteria_1859.jpeg,person424,PNEUMONIA,7.633842945098877,0.9995164358754806,0.9886667084943452
d:\Pneum Det\archive\chest_xray\chest_xray\train\PNEUMONIA\person426_bacteria_1861.jpeg,person426,PNEUMONIA,7.728843688964844,0.9995602409280454,0.9892731781815718
d:\Pneum Det\archive\chest_xray\chest_xray\train\PNEUMONIA\person426_bacteria_1862.jpeg,person426,PNEUMONIA,10.426162719726562,0.9999703542673176,0.9977691724214083
d:\Pneum Det\archive\chest_xray\chest_xray\train\PNEUMONIA\person426_bacteria_1863.jpeg,person426,PNEUMONIA,9.88991928100586,0.9999493195317272,0.9969490577809703
d:\Pneum Det\archive\chest_xray\chest_xray\train\PNEUMONIA\person426_virus_873.jpeg,person426,PNEUMONIA,9.572663307189941,0.999930399089619,0.9963287222692486
d:\Pneum Det\archive\chest_xray\chest_xray\train\PNEUMONIA\person432_virus_881.jpeg,person432,PNEUMONIA,-5.938230991363525,0.0026297560039758236,0.030001284096479383
d:\Pneum Det\archive\chest_xray\chest_xray\train\PNEUMONIA\person435_bacteria_1879.jpeg,person435,PNEUMONIA,10.42484188079834,0.9999703150853713,0.9977674507803981
d:\Pneum Det\archive\chest_xray\chest_xray\train\PNEUMONIA\person435_virus_885.jpeg,person435,PNEUMONIA,-4.102913856506348,0.016255836448462218,0.08304183322860972
d:\Pneum Det\archive\chest_xray\chest_xray\train\PNEUMONIA\person43_bacteria_213.jpeg,person43,PNEUMONIA,7.710758686065674,0.9995522191266625,0.9891602540812987
d:\Pneum Det\archive\chest_xray\chest_xray\train\PNEUMONIA\person43_bacteria_216.jpeg,person43,PNEUMONIA,9.546407699584961,0.9999285476064523,0.9962720737680406
d:\Pneum Det\archive\chest_xray\chest_xray\train\PNEUMONIA\person442_virus_898.jpeg,person442,PNEUMONIA,12.394706726074219,0.9999958595698167,0.999294200551766
d:\Pneum Det\archive\chest_xray\chest_xray\train\PNEUMONIA\person442_virus_899.jpeg,person442,PNEUMONIA,10.000343322753906,0.9999546177140364,0.9971394821406595
d:\Pneum Det\archive\chest_xray\chest_xray\train\PNEUMONIA\person442_virus_900.jpeg,person442,PNEUMONIA,9.705999374389648,0.9999390867775535,0.9966034348081767
d:\Pneum Det\archive\chest_xray\chest_xray\train\PNEUMONIA\person442_virus_901.jpeg,person442,PNEUMONIA,10.826042175292969,0.9999801252812845,0.9982339217850733
d:\Pneum Det\archive\chest_xray\chest_xray\train\PNEUMONIA\person442_virus_902.jpeg,person442,PNEUMONIA,13.349071502685547,0.9999984056957073,0.9995961764588857
d:\Pneum Det\archive\chest_xray\chest_xray\train\PNEUMONIA\person442_virus_903.jpeg,person442,PNEUMONIA,11.563814163208008,0.9999904962458812,0.9988525841522228
d:\Pneum Det\archive\chest_xray\chest_xray\train\PNEUMONIA\person442_virus_904.jpeg,person442,PNEUMONIA,12.834352493286133,0.9999973324634738,0.9994542634114616
d:\Pneum Det\archive\chest_xray\chest_xray\train\PNEUMONIA\person442_virus_905.jpeg,person442,PNEUMONIA,10.825712203979492,0.9999801187222458,0.9982335812281324
d:\Pneum Det\archive\chest_xray\chest_xray\train\PNEUMONIA\person442_virus_906.jpeg,person442,PNEUMONIA,12.720891952514648,0.9999970119660857,0.9994168087399763
d:\Pneum Det\archive\chest_xray\chest_xray\train\PNEUMONIA\person452_bacteria_1943.jpeg,person452,PNEUMONIA,8.15190601348877,0.9997118974767076,0.9916065156324333
d:\Pneum Det\archive\chest_xray\chest_xray\train\PNEUMONIA\person455_bacteria_1947.jpeg,person455,PNEUMONIA,5.9385666847229,0.9973711243191344,0.9700044338902252
d:\Pneum Det\archive\chest_xray\chest_xray\train\PNEUMONIA\person456_bacteria_1948.jpeg,person456,PNEUMONIA,5.5576324462890625,0.9961569268118964,0.9627902260768734
d:\Pneum Det\archive\chest_xray\chest_xray\train\PNEUMONIA\person456_virus_943.jpeg,person456,PNEUMONIA,1.6881159543991089,0.8439762288338212,0.7287263598128307
d:\Pneum Det\archive\chest_xray\chest_xray\train\PNEUMONIA\person464_bacteria_1974.jpeg,person464,PNEUMONIA,10.479690551757812,0.9999718993725524,0.9978378395527738
d:\Pneum Det\archive\chest_xray\chest_xray\train\PNEUMONIA\person464_bacteria_1975.jpeg,person464,PNEUMONIA,7.056044101715088,0.9991385606563506,0.9841777193039472
d:\Pneum Det\archive\chest_xray\chest_xray\train\PNEUMONIA\person464_virus_954.jpeg,person464,PNEUMONIA,9.73505973815918,0.9999408313613247,0.9966605338865899
d:\Pneum Det\archive\chest_xray\chest_xray\train\PNEUMONIA\person464_virus_956.jpeg,person464,PNEUMONIA,3.6988275051116943,0.9758453568891581,0.8970785962756298
d:\Pneum Det\archive\chest_xray\chest_xray\train\PNEUMONIA\person471_bacteria_2004.jpeg,person471,PNEUMONIA,9.080371856689453,0.9998861337141872,0.9951085618664182
d:\Pneum Det\archive\chest_xray\chest_xray\train\PNEUMONIA\person471_bacteria_2005.jpeg,person471,PNEUMONIA,8.980546951293945,0.999874181828599,0.9948157435292696
d:\Pneum Det\archive\chest_xray\chest_xray\train\PNEUMONIA\person471_bacteria_2006.jpeg,person471,PNEUMONIA,10.032017707824707,0.9999560325810264,0.9971918833295167
d:\Pneum Det\archive\chest_xray\chest_xray\train\PNEUMONIA\person471_virus_967.jpeg,person471,PNEUMONIA,5.8990325927734375,0.9972654022704186,0.9693237239576628
d:\Pneum Det\archive\chest_xray\chest_xray\train\PNEUMONIA\person471_virus_968.jpeg,person471,PNEUMONIA,4.18734884262085,0.9850406861856384,0.9206449926727367
d:\Pneum Det\archive\chest_xray\chest_xray\train\PNEUMONIA\person475_bacteria_2020.jpeg,person475,PNEUMONIA,8.992145538330078,0.9998756325308087,0.9948506419255853
d:\Pneum Det\archive\chest_xray\chest_xray\train\PNEUMONIA\person475_bacteria_2021.jpeg,person475,PNEUMONIA,7.437747478485107,0.9994117366962973,0.9873056741608296
d:\Pneum Det\archive\chest_xray\chest_xray\train\PNEUMONIA\person475_bacteria_2022.jpeg,person475,PNEUMONIA,9.454322814941406,0.9999216559992531,0.9960664226600334
d:\Pneum Det\archive\chest_xray\chest_xray\train\PNEUMONIA\person475_bacteria_2023.jpeg,person475,PNEUMONIA,6.445532321929932,0.9984149172459469,0.9775336237155734
d:\Pneum Det\archive\chest_xray\chest_xray\train\PNEUMONIA\person475_bacteria_2024.jpeg,person475,PNEUMONIA,9.281757354736328,0.9999069013112185,0.9956501312464492
d:\Pneum Det\archive\chest_xray\chest_xray\train\PNEUMONIA\person475_bacteria_2025.jpeg,person475,PNEUMONIA,10.211610794067383,0.999963260112294,0.9974713991485649
d:\Pneum Det\archive\chest_xray\chest_xray\train\PNEUMONIA\person475_virus_972.jpeg,person475,PNEUMONIA,7.648326396942139,0.9995233857644578,0.9887613124713788
d:\Pneum Det\archive\chest_xray\chest_xray\train\PNEUMONIA\person486_bacteria_2051.jpeg,person486,PNEUMONIA,7.809408187866211,0.9995942664942684,0.9897622523849576
d:\Pneum Det\archive\chest_xray\chest_xray\train\PNEUMONIA\person486_bacteria_2052.jpeg,person486,PNEUMONIA,8.978434562683105,0.9998739158043626,0.9948093623904418
d:\Pneum Det\archive\chest_xray\chest_xray\train\PNEUMONIA\person486_bacteria_2053.jpeg,person486,PNEUMONIA,6.064347267150879,0.9976811150755343,0.972074144025389
d:\Pneum Det\archive\chest_xray\chest_xray\train\PNEUMONIA\person486_bacteria_2054.jpeg,person486,PNEUMONIA,-1.887115478515625,0.13157371070840884,0.24886808030477656
d:\Pneum Det\archive\chest_xray\chest_xray\train\PNEUMONIA\person486_virus_990.jpeg,person486,PNEUMONIA,10.520182609558105,0.999973014465518,0.9978883792227806
d:\Pneum Det\archive\chest_xray\chest_xray\train\PNEUMONIA\person488_bacteria_2061.jpeg,person488,PNEUMONIA,8.889684677124023,0.9998622158834763,0.9945340868501308
d:\Pneum Det\archive\chest_xray\chest_xray\train\PNEUMONIA\person488_bacteria_2062.jpeg,person488,PNEUMONIA,5.112689018249512,0.9940161484401437,0.9522481626436073
d:\Pneum Det\archive\chest_xray\chest_xray\train\PNEUMONIA\person488_virus_992.jpeg,person488,PNEUMONIA,2.687505006790161,0.9362853044294207,0.8282366571563026
d:\Pneum Det\archive\chest_xray\chest_xray\train\PNEUMONIA\person48_bacteria_230.jpeg,person48,PNEUMONIA,9.874404907226562,0.9999485271658337,0.9969213097510955
d:\Pneum Det\archive\chest_xray\chest_xray\train\PNEUMONIA\person48_bacteria_231.jpeg,person48,PNEUMONIA,8.848827362060547,0.9998564706338768,0.9944025255854324
d:\Pneum Det\archive\chest_xray\chest_xray\train\PNEUMONIA\person48_bacteria_232.jpeg,person48,PNEUMONIA,10.623613357543945,0.999975666040959,0.998012187608056
d:\Pneum Det\archive\chest_xray\chest_xray\train\PNEUMONIA\person48_bacteria_233.jpeg,person48,PNEUMONIA,9.77955150604248,0.9999434060292124,0.9967461050863053
d:\Pneum Det\archive\chest_xray\chest_xray\train\PNEUMONIA\person491_bacteria_2071.jpeg,person491,PNEUMONIA,4.565801620483398,0.9897055404319685,0.9353950164615824
d:\Pneum Det\archive\chest_xray\chest_xray\train\PNEUMONIA\person491_bacteria_2073.jpeg,person491,PNEUMONIA,10.243730545043945,0.999964421396436,0.9975183806044686
d:\Pneum Det\archive\chest_xray\chest_xray\train\PNEUMONIA\person491_bacteria_2075.jpeg,person491,PNEUMONIA,11.578975677490234,0.9999906392490246,0.9988627109689132
d:\Pneum Det\archive\chest_xray\chest_xray\train\PNEUMONIA\person491_bacteria_2080.jpeg,person491,PNEUMONIA,10.339547157287598,0.999967672085848,0.9976534207012666
d:\Pneum Det\archive\chest_xray\chest_xray\train\PNEUMONIA\person491_bacteria_2081.jpeg,person491,PNEUMONIA,8.569303512573242,0.9998101912059058,0.9934140049526669
d:\Pneum Det\archive\chest_xray\chest_xray\train\PNEUMONIA\person491_bacteria_2082.jpeg,person491,PNEUMONIA,9.139135360717773,0.9998926313947883,0.9952731763177132
d:\Pneum Det\archive\chest_xray\chest_xray\train\PNEUMONIA\person491_virus_997.jpeg,person491,PNEUMONIA,10.151443481445312,0.9999609818057115,0.9973809921888335
d:\Pneum Det\archive\chest_xray\chest_xray\train\PNEUMONIA\person494_bacteria_2088.jpeg,person494,PNEUMONIA,2.6465179920196533,0.9337960542258501,0.8247965384845392
d:\Pneum Det\archive\chest_xray\chest_xray\train\PNEUMONIA\person494_bacteria_2089.jpeg,person494,PNEUMONIA,12.563162803649902,0.9999965014651877,0.9993604348495504
d:\Pneum Det\archive\chest_xray\chest_xray\train\PNEUMONIA\person494_bacteria_2090.jpeg,person494,PNEUMONIA,11.26663589477539,0.9999872074640674,0.9986348651851369
d:\Pneum Det\archive\chest_xray\chest_xray\train\PNEUMONIA\person494_virus_1000.jpeg,person494,PNEUMONIA,10.005311965942383,0.9999548426330063,0.997147766140367
d:\Pneum Det\archive\chest_xray\chest_xray\train\PNEUMONIA\person497_virus_1005.jpeg,person497,PNEUMONIA,6.112338066101074,0.9977895319109521,0.9728267082511243
d:\Pneum Det\archive\chest_xray\chest_xray\train\PNEUMONIA\person501_bacteria_2112.jpeg,person501,PNEUMONIA,6.612796783447266,0.9986587308051392,0.9795863033956121
d:\Pneum Det\archive\chest_xray\chest_xray\train\PNEUMONIA\person501_bacteria_2113.jpeg,person501,PNEUMONIA,7.110695838928223,0.999184339083345,0.9846682477072397
d:\Pneum Det\archive\chest_xray\chest_xray\train\PNEUMONIA\person501_bacteria_2114.jpeg,person501,PNEUMONIA,8.374587059020996,0.9997693980946343,0.9926247372153597
d:\Pneum Det\archive\chest_xray\chest_xray\train\PNEUMONIA\person501_bacteria_2115.jpeg,person501,PNEUMONIA,10.524595260620117,0.9999731332777348,0.9978938150865581
d:\Pneum Det\archive\chest_xray\chest_xray\train\PNEUMONIA\person501_bacteria_2116.jpeg,person501,PNEUMONIA,2.758406400680542,0.9403863597496069,0.8340607899495953
d:\Pneum Det\archive\chest_xray\chest_xray\train\PNEUMONIA\person501_virus_1010.jpeg,person501,PNEUMONIA,7.586584091186523,0.9994930464486592,0.9883525118151328
d:\Pneum Det\archive\chest_xray\chest_xray\train\PNEUMONIA\person511_bacteria_2152.jpeg,person511,PNEUMONIA,7.907547473907471,0.9996321794454119,0.9903282845484945
d:\Pneum Det\archive\chest_xray\chest_xray\train\PNEUMONIA\person511_bacteria_2153.jpeg,person511,PNEUMONIA,8.894561767578125,0.9998628861411551,0.9945495842803583
d:\Pneum Det\archive\chest_xray\chest_xray\train\PNEUMONIA\person511_virus_1027.jpeg,person511,PNEUMONIA,9.897581100463867,0.9999497063331024,0.9969626691168874
d:\Pneum Det\archive\chest_xray\chest_xray\train\PNEUMONIA\person516_bacteria_2191.jpeg,person516,PNEUMONIA,9.468356132507324,0.9999227476628154,0.9960984777684481
d:\Pneum Det\archive\chest_xray\chest_xray\train\PNEUMONIA\person516_bacteria_2192.jpeg,person516,PNEUMONIA,11.6067533493042,0.9999908956883927,0.9988810334334108
d:\Pneum Det\archive\chest_xray\chest_xray\train\PNEUMONIA\person516_virus_1033.jpeg,person516,PNEUMONIA,10.310874938964844,0.999966731787875,0.9976137985426097
d:\Pneum Det\archive\chest_xray\chest_xray\train\PNEUMONIA\person51_bacteria_239.jpeg,person51,PNEUMONIA,11.71406078338623,0.9999918220492752,0.9989490870473127
d:\Pneum Det\archive\chest_xray\chest_xray\train\PNEUMONIA\person51_bacteria_240.jpeg,person51,PNEUMONIA,9.485048294067383,0.9999240263714442,0.9961362675935986
d:\Pneum Det\archive\chest_xray\chest_xray\train\PNEUMONIA\person51_bacteria_241.jpeg,person51,PNEUMONIA,8.334320068359375,0.999759925237315,0.9924501576873225
d:\Pneum Det\archive\chest_xray\chest_xray\train\PNEUMONIA\person51_bacteria_242.jpeg,person51,PNEUMONIA,10.410334587097168,0.9999698813117338,0.9977484538535047
d:\Pneum Det\archive\chest_xray\chest_xray\train\PNEUMONIA\person51_bacteria_243.jpeg,person51,PNEUMONIA,11.442974090576172,0.9999892755547034,0.99876858462178
d:\Pneum Det\archive\chest_xray\chest_xray\train\PNEUMONIA\person51_bacteria_244.jpeg,person51,PNEUMONIA,10.31375503540039,0.9999668274625135,0.9976178085187275
d:\Pneum Det\archive\chest_xray\chest_xray\train\PNEUMONIA\person51_bacteria_245.jpeg,person51,PNEUMONIA,8.477581024169922,0.9997919618504874,0.9930532515936817
d:\Pneum Det\archive\chest_xray\chest_xray\train\PNEUMONIA\person51_bacteria_246.jpeg,person51,PNEUMONIA,7.398440361022949,0.9993881677293247,0.9870140391761472
d:\Pneum Det\archive\chest_xray\chest_xray\train\PNEUMONIA\person51_bacteria_247.jpeg,person51,PNEUMONIA,7.833632469177246,0.9996039731612777,0.9899049454192158
d:\Pneum Det\archive\chest_xray\chest_xray\train\PNEUMONIA\person51_bacteria_248.jpeg,person51,PNEUMONIA,6.891670227050781,0.9989848165319939,0.9826074551768393
d:\Pneum Det\archive\chest_xray\chest_xray\train\PNEUMONIA\person524_virus_1045.jpeg,person524,PNEUMONIA,9.409944534301758,0.9999181012177892,0.9959633165993877
d:\Pneum Det\archive\chest_xray\chest_xray\train\PNEUMONIA\person528_bacteria_2227.jpeg,person528,PNEUMONIA,9.047213554382324,0.9998822952592253,0.9950131705619651
d:\Pneum Det\archive\chest_xray\chest_xray\train\PNEUMONIA\person528_virus_1049.jpeg,person528,PNEUMONIA,8.2197904586792,0.9997308010051159,0.9919308725499083
d:\Pneum Det\archive\chest_xray\chest_xray\train\PNEUMONIA\person537_bacteria_2261.jpeg,person537,PNEUMONIA,9.316482543945312,0.9999100784082007,0.9957372854940542
d:\Pneum Det\archive\chest_xray\chest_xray\train\PNEUMONIA\person537_bacteria_2262.jpeg,person537,PNEUMONIA,7.945590019226074,0.9996459045956538,0.9905392676207779
d:\Pneum Det\archive\chest_xray\chest_xray\train\PNEUMONIA\person537_bacteria_2263.jpeg,person537,PNEUMONIA,7.613630771636963,0.9995065674207709,0.9885333681309892
d:\Pneum Det\archive\chest_xray\chest_xray\train\PNEUMONIA\person537_bacteria_2264.jpeg,person537,PNEUMONIA,10.141939163208008,0.9999606092111596,0.9973664191316838
d:\Pneum Det\archive\chest_xray\chest_xray\train\PNEUMONIA\person537_bacteria_2265.jpeg,person537,PNEUMONIA,9.018501281738281,0.9998788671186489,0.9949290758925681
d:\Pneum Det\archive\chest_xray\chest_xray\train\PNEUMONIA\person537_bacteria_2266.jpeg,person537,PNEUMONIA,8.835603713989258,0.9998545603253063,0.9943592743831597
d:\Pneum Det\archive\chest_xray\chest_xray\train\PNEUMONIA\person537_virus_1067.jpeg,person537,PNEUMONIA,5.963517189025879,0.9974357384688753,0.9704264809695711
d:\Pneum Det\archive\chest_xray\chest_xray\train\PNEUMONIA\person541_bacteria_2274.jpeg,person541,PNEUMONIA,10.076017379760742,0.9999579251109789,0.9972630903776476
d:\Pneum Det\archive\chest_xray\chest_xray\train\PNEUMONIA\person541_bacteria_2275.jpeg,person541,PNEUMONIA,9.225851058959961,0.9999015487951745,0.9955060737114736
d:\Pneum Det\archive\chest_xray\chest_xray\train\PNEUMONIA\person541_virus_1071.jpeg,person541,PNEUMONIA,9.353677749633789,0.999913361337432,0.9958287111329497
d:\Pneum Det\archive\chest_xray\chest_xray\train\PNEUMONIA\person548_bacteria_2297.jpeg,person548,PNEUMONIA,10.653018951416016,0.99997637116053,0.9980460449613591
d:\Pneum Det\archive\chest_xray\chest_xray\train\PNEUMONIA\person548_bacteria_2298.jpeg,person548,PNEUMONIA,9.533072471618652,0.9999275884604903,0.9962429693659952
d:\Pneum Det\archive\chest_xray\chest_xray\train\PNEUMONIA\person548_bacteria_2299.jpeg,person548,PNEUMONIA,9.889541625976562,0.9999493003893494,0.9969483853008778
d:\Pneum Det\archive\chest_xray\chest_xray\train\PNEUMONIA\person548_bacteria_2300.jpeg,person548,PNEUMONIA,8.903973579406738,0.9998641704026131,0.9945793677994094
d:\Pneum Det\archive\chest_xray\chest_xray\train\PNEUMONIA\person548_bacteria_2301.jpeg,person548,PNEUMONIA,10.293590545654297,0.9999661517884457,0.9975895915105043
d:\Pneum Det\archive\chest_xray\chest_xray\train\PNEUMONIA\person548_bacteria_2302.jpeg,person548,PNEUMONIA,6.120293140411377,0.9978070081816537,0.9729495357246435
d:\Pneum Det\archive\chest_xray\chest_xray\train\PNEUMONIA\person548_virus_1088.jpeg,person548,PNEUMONIA,10.865188598632812,0.999980888259207,0.9982738624023871
d:\Pneum Det\archive\chest_xray\chest_xray\train\PNEUMONIA\person550_bacteria_2308.jpeg,person550,PNEUMONIA,5.808490753173828,0.9970070274263355,0.9677079319277713
d:\Pneum Det\archive\chest_xray\chest_xray\train\PNEUMONIA\person550_bacteria_2309.jpeg,person550,PNEUMONIA,6.72214412689209,0.9987974937478864,0.9808277470079634
d:\Pneum Det\archive\chest_xray\chest_xray\train\PNEUMONIA\person550_virus_1090.jpeg,person550,PNEUMONIA,5.181858062744141,0.994413821751127,0.9540559306729679
d:\Pneum Det\archive\chest_xray\chest_xray\train\PNEUMONIA\person558_bacteria_2328.jpeg,person558,PNEUMONIA,4.715577125549316,0.9911247783261533,0.940495294836474
d:\Pneum Det\archive\chest_xray\chest_xray\train\PNEUMONIA\person558_virus_1098.jpeg,person558,PNEUMONIA,5.9104132652282715,0.9972962637417369,0.9695211987021919
d:\Pneum Det\archive\chest_xray\chest_xray\train\PNEUMONIA\person55_bacteria_260.jpeg,person55,PNEUMONIA,10.84857177734375,0.9999805680358178,0.9982570198026393
d:\Pneum Det\archive\chest_xray\chest_xray\train\PNEUMONIA\person55_bacteria_261.jpeg,person55,PNEUMONIA,9.402277946472168,0.9999174709725728,0.9959452337596588
d:\Pneum Det\archive\chest_xray\chest_xray\train\PNEUMONIA\person55_bacteria_262.jpeg,person55,PNEUMONIA,11.1852445602417,0.999986122731797,0.9985683458606749
d:\Pneum Det\archive\chest_xray\chest_xray\train\PNEUMONIA\person55_bacteria_263.jpeg,person55,PNEUMONIA,9.674623489379883,0.999937145394374,0.996540693321512
d:\Pneum Det\archive\chest_xray\chest_xray\train\PNEUMONIA\person55_bacteria_264.jpeg,person55,PNEUMONIA,9.224108695983887,0.9999013771248453,0.9955015085358292
d:\Pneum Det\archive\chest_xray\chest_xray\train\PNEUMONIA\person55_bacteria_265.jpeg,person55,PNEUMONIA,10.221454620361328,0.9999636199860361,0.9974858911984698
d:\Pneum Det\archive\chest_xray\chest_xray\train\PNEUMONIA\person55_bacteria_266.jpeg,person55,PNEUMONIA,10.020559310913086,0.9999555259100195,0.9971730383209384
d:\Pneum Det\archive\chest_xray\chest_xray\train\PNEUMONIA\person561_bacteria_2331.jpeg,person561,PNEUMONIA,7.940966606140137,0.9996442642596595,0.9905138716197922
d:\Pneum Det\archive\chest_xray\chest_xray\train\PNEUMONIA\person564_bacteria_2342.jpeg,person564,PNEUMONIA,6.643472194671631,0.99869919743072,0.9799423023309307
d:\Pneum Det\archive\chest_xray\chest_xray\train\PNEUMONIA\person564_bacteria_2343.jpeg,person564,PNEUMONIA,9.186237335205078,0.9998975709065046,0.9954011329237373
d:\Pneum Det\archive\chest_xray\chest_xray\train\PNEUMONIA\person564_bacteria_2344.jpeg,person564,PNEUMONIA,8.281681060791016,0.9997469527025105,0.9922157405424925
d:\Pneum Det\archive\chest_xray\chest_xray\train\PNEUMONIA\person564_bacteria_2345.jpeg,person564,PNEUMONIA,9.551820755004883,0.9999289333098728,0.9962838236764644
d:\Pneum Det\archive\chest_xray\chest_xray\train\PNEUMONIA\person564_bacteria_2346.jpeg,person564,PNEUMONIA,7.6903791427612305,0.9995430041477122,0.9890315932787872
d:\Pneum Det\archive\chest_xray\chest_xray\train\PNEUMONIA\person564_bacteria_2347.jpeg,person564,PNEUMONIA,9.678177833557129,0.9999373683907453,0.9965478584582715
d:\Pneum Det\archive\chest_xray\chest_xray\train\PNEUMONIA\person564_virus_1104.jpeg,person564,PNEUMONIA,8.919133186340332,0.9998662137233358,0.994627000158656
d:\Pneum Det\archive\chest_xray\chest_xray\train\PNEUMONIA\person570_bacteria_2365.jpeg,person570,PNEUMONIA,8.253689765930176,0.9997397713859302,0.992088160447278
d:\Pneum Det\archive\chest_xray\chest_xray\train\PNEUMONIA\person570_virus_1112.jpeg,person570,PNEUMONIA,10.124845504760742,0.999959930117891,0.9973400054447946
d:\Pneum Det\archive\chest_xray\chest_xray\train\PNEUMONIA\person57_bacteria_270.jpeg,person57,PNEUMONIA,9.600119590759277,0.9999322839485301,0.9963870441115562
d:\Pneum Det\archive\chest_xray\chest_xray\train\PNEUMONIA\person57_bacteria_271.jpeg,person57,PNEUMONIA,5.596631050109863,0.9963033731097051,0.9635994792595046
d:\Pneum Det\archive\chest_xray\chest_xray\train\PNEUMONIA\person581_bacteria_2390.jpeg,person581,PNEUMONIA,10.085050582885742,0.9999583034547496,0.9972774849918398
d:\Pneum Det\archive\chest_xray\chest_xray\train\PNEUMONIA\person581_bacteria_2392.jpeg,person581,PNEUMONIA,11.506267547607422,0.9999899333000338,0.9988133205801698
d:\Pneum Det\archive\chest_xray\chest_xray\train\PNEUMONIA\person581_bacteria_2393.jpeg,person581,PNEUMONIA,9.99713134765625,0.9999544717195608,0.9971341141933093
d:\Pneum Det\archive\chest_xray\chest_xray\train\PNEUMONIA\person581_bacteria_2394.jpeg,person581,PNEUMONIA,5.98915433883667,0.9975004810529327,0.9708541438331094
d:\Pneum Det\archive\chest_xray\chest_xray\train\PNEUMONIA\person581_bacteria_2395.jpeg,person581,PNEUMONIA,9.708769798278809,0.9999392552892171,0.9966089199560662
d:\Pneum Det\archive\chest_xray\chest_xray\train\PNEUMONIA\person581_bacteria_2400.jpeg,person581,PNEUMONIA,9.24803352355957,0.9999037084336426,0.9955637925714171
d:\Pneum Det\archive\chest_xray\chest_xray\train\PNEUMONIA\person581_virus_1125.jpeg,person581,PNEUMONIA,6.971518516540527,0.9990626523348137,0.9833884952016105
d:\Pneum Det\archive\chest_xray\chest_xray\train\PNEUMONIA\person584_virus_1128.jpeg,person584,PNEUMONIA,10.324596405029297,0.99996718514407,0.9976328428364483
d:\Pneum Det\archive\chest_xray\chest_xray\train\PNEUMONIA\person586_bacteria_2417.jpeg,person586,PNEUMONIA,9.402009963989258,0.9999174488551015,0.9959446002241353
d:\Pneum Det\archive\chest_xray\chest_xray\train\PNEUMONIA\person586_bacteria_2418.jpeg,person586,PNEUMONIA,10.61440658569336,0.9999754409747753,0.9980014671272962
d:\Pneum Det\archive\chest_xray\chest_xray\train\PNEUMONIA\person586_bacteria_2420.jpeg,person586,PNEUMONIA,10.386189460754395,0.9999691452644194,0.9977164781794492
d:\Pneum Det\archive\chest_xray\chest_xray\train\PNEUMONIA\person586_virus_1130.jpeg,person586,PNEUMONIA,10.416830062866211,0.99997007630711,0.9977569793701273
d:\Pneum Det\archive\chest_xray\chest_xray\train\PNEUMONIA\person58_bacteria_272.jpeg,person58,PNEUMONIA,7.1360883712768555,0.9992047737669117,0.9848910357168357
d:\Pneum Det\archive\chest_xray\chest_xray\train\PNEUMONIA\person58_bacteria_273.jpeg,person58,PNEUMONIA,9.26375961303711,0.9999052107362589,0.9956042642674213
d:\Pneum Det\archive\chest_xray\chest_xray\train\PNEUMONIA\person58_bacteria_274.jpeg,person58,PNEUMONIA,11.613676071166992,0.9999909584967865,0.9988855536533353
d:\Pneum Det\archive\chest_xray\chest_xray\train\PNEUMONIA\person58_bacteria_275.jpeg,person58,PNEUMONIA,8.04629898071289,0.9996798174367028,0.9910760410375083
d:\Pneum Det\archive\chest_xray\chest_xray\train\PNEUMONIA\person58_bacteria_276.jpeg,person58,PNEUMONIA,10.662256240844727,0.9999765884168743,0.9980565614349521
d:\Pneum Det\archive\chest_xray\chest_xray\train\PNEUMONIA\person58_bacteria_277.jpeg,person58,PNEUMONIA,10.515066146850586,0.9999728760449723,0.997882058816823
d:\Pneum Det\archive\chest_xray\chest_xray\train\PNEUMONIA\person58_bacteria_278.jpeg,person58,PNEUMONIA,8.81922721862793,0.9998521592785697,0.994305250167485
d:\Pneum Det\archive\chest_xray\chest_xray\train\PNEUMONIA\person595_bacteria_2438.jpeg,person595,PNEUMONIA,1.6035858392715454,0.8325189591257466,0.7188347574391425
d:\Pneum Det\archive\chest_xray\chest_xray\train\PNEUMONIA\person595_virus_1147.jpeg,person595,PNEUMONIA,6.830273628234863,0.9989206039500274,0.9819824721162195
d:\Pneum Det\archive\chest_xray\chest_xray\train\PNEUMONIA\person604_bacteria_2462.jpeg,person604,PNEUMONIA,9.01359748840332,0.999878271721682,0.9949145728862568
d:\Pneum Det\archive\chest_xray\chest_xray\train\PNEUMONIA\person604_bacteria_2463.jpeg,person604,PNEUMONIA,7.332991123199463,0.9993468113188346,0.9865137084256688
d:\Pneum Det\archive\chest_xray\chest_xray\train\PNEUMONIA\person604_virus_1165.jpeg,person604,PNEUMONIA,4.864468097686768,0.992343148517588,0.9451896926178119
d:\Pneum Det\archive\chest_xray\chest_xray\train\PNEUMONIA\person606_bacteria_2469.jpeg,person606,PNEUMONIA,3.3349506855010986,0.9656085549193248,0.8756836916645944
d:\Pneum Det\archive\chest_xray\chest_xray\train\PNEUMONIA\person611_bacteria_2476.jpeg,person611,PNEUMONIA,3.8292295932769775,0.9787356493593419,0.9039157852447045
d:\Pneum Det\archive\chest_xray\chest_xray\train\PNEUMONIA\person619_bacteria_2490.jpeg,person619,PNEUMONIA,4.793089866638184,0.9917812942377687,0.9429843981576878
d:\Pneum Det\archive\chest_xray\chest_xray\train\PNEUMONIA\person619_bacteria_2491.jpeg,person619,PNEUMONIA,9.651849746704102,0.9999356976288566,0.9964944311662469
d:\Pneum Det\archive\chest_xray\chest_xray\train\PNEUMONIA\person619_virus_1190.jpeg,person619,PNEUMONIA,7.61256217956543,0.9995060401213994,0.988526275597911
d:\Pneum Det\archive\chest_xray\chest_xray\train\PNEUMONIA\person623_bacteria_2495.jpeg,person623,PNEUMONIA,8.611581802368164,0.9998180472957884,0.9935739627996547
d:\Pneum Det\archive\chest_xray\chest_xray\train\PNEUMONIA\person623_bacteria_2496.jpeg,person623,PNEUMONIA,5.809601783752441,0.9970103409278787,0.9677282491144572
d:\Pneum Det\archive\chest_xray\chest_xray\train\PNEUMONIA\person623_virus_1197.jpeg,person623,PNEUMONIA,9.384827613830566,0.9999160182965621,0.9959037730789387
d:\Pneum Det\archive\chest_xray\chest_xray\train\PNEUMONIA\person632_bacteria_2520.jpeg,person632,PNEUMONIA,10.015581130981445,0.9999553039679174,0.9971648117302515
d:\Pneum Det\archive\chest_xray\chest_xray\train\PNEUMONIA\person632_bacteria_2521.jpeg,person632,PNEUMONIA,9.237802505493164,0.9999027183123881,0.9955372636959732
d:\Pneum Det\archive\chest_xray\chest_xray\train\PNEUMONIA\person632_virus_1211.jpeg,person632,PNEUMONIA,5.708022117614746,0.9966917497416947,0.9658187023017186
d:\Pneum Det\archive\chest_xray\chest_xray\train\PNEUMONIA\person633_bacteria_2522.jpeg,person633,PNEUMONIA,8.669034004211426,0.9998282045124471,0.9937851606854552
d:\Pneum Det\archive\chest_xray\chest_xray\train\PNEUMONIA\person633_virus_1213.jpeg,person633,PNEUMONIA,10.278508186340332,0.9999656374259499,0.9975682683977964
d:\Pneum Det\archive\chest_xray\chest_xray\train\PNEUMONIA\person63_bacteria_306.jpeg,person63,PNEUMONIA,9.260634422302246,0.9999049140665648,0.9955962508427125
d:\Pneum Det\archive\chest_xray\chest_xray\train\PNEUMONIA\person640_bacteria_2532.jpeg,person640,PNEUMONIA,9.827125549316406,0.999946035250712,0.996835187768342
d:\Pneum Det\archive\chest_xray\chest_xray\train\PNEUMONIA\person640_virus_1221.jpeg,person640,PNEUMONIA,9.906211853027344,0.9999501385159393,0.9969779292812193
d:\Pneum Det\archive\chest_xray\chest_xray\train\PNEUMONIA\person647_bacteria_2539.jpeg,person647,PNEUMONIA,7.7633538246154785,0.9995751518568102,0.9894854426976546
d:\Pneum Det\archive\chest_xray\chest_xray\train\PNEUMONIA\person647_virus_1228.jpeg,person647,PNEUMONIA,7.839055061340332,0.9996061139977555,0.9899366165383487
d:\Pneum Det\archive\chest_xray\chest_xray\train\PNEUMONIA\person647_virus_1229.jpeg,person647,PNEUMONIA,10.346944808959961,0.9999679103464509,0.9976635365592922
d:\Pneum Det\archive\chest_xray\chest_xray\train\PNEUMONIA\person651_bacteria_2543.jpeg,person651,PNEUMONIA,10.795369148254395,0.9999795062304464,0.9982019829394079
d:\Pneum Det\archive\chest_xray\chest_xray\train\PNEUMONIA\person656_bacteria_2548.jpeg,person656,PNEUMONIA,6.233685493469238,0.9980416358620162,0.9746427023888115
d:\Pneum Det\archive\chest_xray\chest_xray\train\PNEUMONIA\person656_virus_1238.jpeg,person656,PNEUMONIA,5.803332328796387,0.9969915950814107,0.9676134388107485
d:\Pneum Det\archive\chest_xray\chest_xray\train\PNEUMONIA\person667_virus_1252.jpeg,person667,PNEUMONIA,7.273961544036865,0.9993071206441032,0.9860461736624847
d:\Pneum Det\archive\chest_xray\chest_xray\train\PNEUMONIA\person667_virus_1253.jpeg,person667,PNEUMONIA,6.353121757507324,0.9982617241466939,0.9763144285717833
d:\Pneum Det\archive\chest_xray\chest_xray\train\PNEUMONIA\person66_bacteria_323.jpeg,person66,PNEUMONIA,6.746360778808594,0.9988262308793324,0.9810925068636912
d:\Pneum Det\archive\chest_xray\chest_xray\train\PNEUMONIA\person66_bacteria_324.jpeg,person66,PNEUMONIA,11.114652633666992,0.9999851077188976,0.9985080374152822
d:\Pneum Det\archive\chest_xray\chest_xray\train\PNEUMONIA\person66_bacteria_325.jpeg,person66,PNEUMONIA,7.624129295349121,0.9995117181202718,0.9886028196340962
d:\Pneum Det\archive\chest_xray\chest_xray\train\PNEUMONIA\person66_bacteria_326.jpeg,person66,PNEUMONIA,10.623672485351562,0.9999756674796951,0.998012256271412
d:\Pneum Det\archive\chest_xray\chest_xray\train\PNEUMONIA\person672_bacteria_2565.jpeg,person672,PNEUMONIA,10.381155014038086,0.9999689895410525,0.9977097541327308
d:\Pneum Det\archive\chest_xray\chest_xray\train\PNEUMONIA\person672_virus_1261.jpeg,person672,PNEUMONIA,8.078068733215332,0.9996898265667294,0.9912390258934707
d:\Pneum Det\archive\chest_xray\chest_xray\train\PNEUMONIA\person67_bacteria_328.jpeg,person67,PNEUMONIA,9.231801986694336,0.999902132874212,0.9955216310252022
d:\Pneum Det\archive\chest_xray\chest_xray\train\PNEUMONIA\person67_bacteria_329.jpeg,person67,PNEUMONIA,8.36863899230957,0.9997680226908641,0.9925992035574694
d:\Pneum Det\archive\chest_xray\chest_xray\train\PNEUMONIA\person67_bacteria_330.jpeg,person67,PNEUMONIA,10.481742858886719,0.9999719569829159,0.9978404299121542
d:\Pneum Det\archive\chest_xray\chest_xray\train\PNEUMONIA\person67_bacteria_331.jpeg,person67,PNEUMONIA,10.200702667236328,0.999962857170148,0.9974552428951404
d:\Pneum Det\archive\chest_xray\chest_xray\train\PNEUMONIA\person67_bacteria_332.jpeg,person67,PNEUMONIA,10.390182495117188,0.999969268219008,0.9977217972985061
d:\Pneum Det\archive\chest_xray\chest_xray\train\PNEUMONIA\person67_bacteria_333.jpeg,person67,PNEUMONIA,10.362010955810547,0.9999683901749418,0.997684004305565
d:\Pneum Det\archive\chest_xray\chest_xray\train\PNEUMONIA\person67_bacteria_334.jpeg,person67,PNEUMONIA,10.213991165161133,0.9999633474596542,0.99747491114357
d:\Pneum Det\archive\chest_xray\chest_xray\train\PNEUMONIA\person681_bacteria_2576.jpeg,person681,PNEUMONIA,3.364910840988159,0.9665897314291094,0.8775803357600677
d:\Pneum Det\archive\chest_xray\chest_xray\train\PNEUMONIA\person681_virus_1272.jpeg,person681,PNEUMONIA,8.13269329071045,0.9997063103685189,0.9915123910013527
d:\Pneum Det\archive\chest_xray\chest_xray\train\PNEUMONIA\person685_bacteria_2581.jpeg,person685,PNEUMONIA,7.485487937927246,0.9994391454469703,0.9876511956894478
d:\Pneum Det\archive\chest_xray\chest_xray\train\PNEUMONIA\person69_bacteria_338.jpeg,person69,PNEUMONIA,8.933602333068848,0.9998681353059877,0.9946720746961474
d:\Pneum Det\archive\chest_xray\chest_xray\train\PNEUMONIA\person705_virus_1302.jpeg,person705,PNEUMONIA,8.714214324951172,0.9998357923128259,0.9939463890335413
d:\Pneum Det\archive\chest_xray\chest_xray\train\PNEUMONIA\person705_virus_1303.jpeg,person705,PNEUMONIA,10.526413917541504,0.9999731820933719,0.9978960513910089
d:\Pneum Det\archive\chest_xray\chest_xray\train\PNEUMONIA\person706_virus_1304.jpeg,person706,PNEUMONIA,-9.171867370605469,0.00010391146832380031,0.004637534494567772
d:\Pneum Det\archive\chest_xray\chest_xray\train\PNEUMONIA\person714_bacteria_2615.jpeg,person714,PNEUMONIA,9.3021821975708,0.9999087833779666,0.9957016066716766
d:\Pneum Det\archive\chest_xray\chest_xray\train\PNEUMONIA\person716_bacteria_2617.jpeg,person716,PNEUMONIA,11.356378555297852,0.9999883054805606,0.9987046375891678
d:\Pneum Det\archive\chest_xray\chest_xray\train\PNEUMONIA\person716_virus_1314.jpeg,person716,PNEUMONIA,6.23454475402832,0.9980433145931407,0.9746551303274233
d:\Pneum Det\archive\chest_xray\chest_xray\train\PNEUMONIA\person72_bacteria_352.jpeg,person72,PNEUMONIA,9.145907402038574,0.999893355965697,0.9952917889759587
d:\Pneum Det\archive\chest_xray\chest_xray\train\PNEUMONIA\person72_bacteria_353.jpeg,person72,PNEUMONIA,7.7425079345703125,0.9995662064473771,0.9893577262816443
d:\Pneum Det\archive\chest_xray\chest_xray\train\PNEUMONIA\person72_bacteria_354.jpeg,person72,PNEUMONIA,5.75206184387207,0.9968338313045716,0.9666596138436154
d:\Pneum Det\archive\chest_xray\chest_xray\train\PNEUMONIA\person730_bacteria_2632.jpeg,person730,PNEUMONIA,9.509119033813477,0.9999258331448306,0.9961901208709274
d:\Pneum Det\archive\chest_xray\chest_xray\train\PNEUMONIA\person730_virus_1351.jpeg,person730,PNEUMONIA,-7.118923187255859,0.0008089831269596564,0.015259215602871192
d:\Pneum Det\archive\chest_xray\chest_xray\train\PNEUMONIA\person735_bacteria_2638.jpeg,person735,PNEUMONIA,8.713607788085938,0.9998356927009687,0.9939442523493617
d:\Pneum Det\archive\chest_xray\chest_xray\train\PNEUMONIA\person735_virus_1356.jpeg,person735,PNEUMONIA,2.528212785720825,0.9260961258261047,0.8145630096241253
d:\Pneum Det\archive\chest_xray\chest_xray\train\PNEUMONIA\person738_bacteria_2641.jpeg,person738,PNEUMONIA,7.489912986755371,0.9994416203900511,0.9876827477400302
d:\Pneum Det\archive\chest_xray\chest_xray\train\PNEUMONIA\person738_virus_1360.jpeg,person738,PNEUMONIA,2.3854384422302246,0.915710150941577,0.8016057996493181
d:\Pneum Det\archive\chest_xray\chest_xray\train\PNEUMONIA\person748_virus_1373.jpeg,person748,PNEUMONIA,11.576545715332031,0.999990616475309,0.998861093954585
d:\Pneum Det\archive\chest_xray\chest_xray\train\PNEUMONIA\person751_bacteria_2654.jpeg,person751,PNEUMONIA,12.401481628417969,0.9999958875259047,0.999296992115519
d:\Pneum Det\archive\chest_xray\chest_xray\train\PNEUMONIA\person752_virus_1377.jpeg,person752,PNEUMONIA,9.69560432434082,0.9999384503182487,0.9965827747561552
d:\Pneum Det\archive\chest_xray\chest_xray\train\PNEUMONIA\person756_bacteria_2660.jpeg,person756,PNEUMONIA,8.817323684692383,0.9998518776324476,0.9942989373427779
d:\Pneum Det\archive\chest_xray\chest_xray\train\PNEUMONIA\person758_bacteria_2662.jpeg,person758,PNEUMONIA,7.72208309173584,0.9995572591423967,0.9892311013508672
d:\Pneum Det\archive\chest_xray\chest_xray\train\PNEUMONIA\person768_bacteria_2672.jpeg,person768,PNEUMONIA,7.521820068359375,0.9994591459364972,0.9879079109571053
d:\Pneum Det\archive\chest_xray\chest_xray\train\PNEUMONIA\person768_virus_1396.jpeg,person768,PNEUMONIA,10.729413986206055,0.9999781090199846,0.998131339733173
d:\Pneum Det\archive\chest_xray\chest_xray\train\PNEUMONIA\person771_bacteria_2675.jpeg,person771,PNEUMONIA,7.3013834953308105,0.9993258499681934,0.9862653198674856
d:\Pneum Det\archive\chest_xray\chest_xray\train\PNEUMONIA\person771_virus_1399.jpeg,person771,PNEUMONIA,7.095618724822998,0.9991719583554416,0.9845344377891918
d:\Pneum Det\archive\chest_xray\chest_xray\train\PNEUMONIA\person778_bacteria_2682.jpeg,person778,PNEUMONIA,7.633114337921143,0.9995160835893623,0.9886619285875242
d:\Pneum Det\archive\chest_xray\chest_xray\train\PNEUMONIA\person778_virus_1408.jpeg,person778,PNEUMONIA,7.923252582550049,0.9996379089068339,0.9904159436087964
d:\Pneum Det\archive\chest_xray\chest_xray\train\PNEUMONIA\person77_bacteria_374.jpeg,person77,PNEUMONIA,7.113627910614014,0.9991867252147517,0.9846941372620308
d:\Pneum Det\archive\chest_xray\chest_xray\train\PNEUMONIA\person77_bacteria_375.jpeg,person77,PNEUMONIA,9.16679573059082,0.9998955602466519,0.9953487413646698
d:\Pneum Det\archive\chest_xray\chest_xray\train\PNEUMONIA\person77_bacteria_376.jpeg,person77,PNEUMONIA,7.366804122924805,0.9993685146453107,0.9867745235369952
d:\Pneum Det\archive\chest_xray\chest_xray\train\PNEUMONIA\person77_bacteria_377.jpeg,person77,PNEUMONIA,8.464129447937012,0.9997891450971115,0.9929987205384363
d:\Pneum Det\archive\chest_xray\chest_xray\train\PNEUMONIA\person783_bacteria_2687.jpeg,person783,PNEUMONIA,3.463052272796631,0.9696180124046518,0.8836195891596973
d:\Pneum Det\archive\chest_xray\chest_xray\train\PNEUMONIA\person783_virus_1414.jpeg,person783,PNEUMONIA,6.514741897583008,0.9985207531998235,0.9784063546408028
d:\Pneum Det\archive\chest_xray\chest_xray\train\PNEUMONIA\person788_virus_1419.jpeg,person788,PNEUMONIA,-10.658708572387695,2.349478520876574e-05,0.0019474708179839525
d:\Pneum Det\archive\chest_xray\chest_xray\train\PNEUMONIA\person790_virus_1421.jpeg,person790,PNEUMONIA,4.728151321411133,0.9912347063292417,0.9409058862575976
d:\Pneum Det\archive\chest_xray\chest_xray\train\PNEUMONIA\person795_virus_1427.jpeg,person795,PNEUMONIA,10.18204116821289,0.9999621575477978,0.9974273638507577
d:\Pneum Det\archive\chest_xray\chest_xray\train\PNEUMONIA\person796_bacteria_2702.jpeg,person796,PNEUMONIA,9.791749954223633,0.9999440921558875,0.9967691822575047
d:\Pneum Det\archive\chest_xray\chest_xray\train\PNEUMONIA\person796_virus_1428.jpeg,person796,PNEUMONIA,7.702538013458252,0.9995485245635203,0.9891085356598204
d:\Pneum Det\archive\chest_xray\chest_xray\train\PNEUMONIA\person7_bacteria_24.jpeg,person7,PNEUMONIA,7.569047927856445,0.9994840826492817,0.9882337472212043
d:\Pneum Det\archive\chest_xray\chest_xray\train\PNEUMONIA\person7_bacteria_25.jpeg,person7,PNEUMONIA,10.938384056091309,0.9999822371581494,0.9983461392894427
d:\Pneum Det\archive\chest_xray\chest_xray\train\PNEUMONIA\person7_bacteria_28.jpeg,person7,PNEUMONIA,10.668905258178711,0.9999767435609267,0.9980640962278851
d:\Pneum Det\archive\chest_xray\chest_xray\train\PNEUMONIA\person7_bacteria_29.jpeg,person7,PNEUMONIA,7.7745256423950195,0.9995798697857835,0.9895532637024285
d:\Pneum Det\archive\chest_xray\chest_xray\train\PNEUMONIA\person810_bacteria_2719.jpeg,person810,PNEUMONIA,12.162638664245605,0.9999947780720553,0.9991915863928795
d:\Pneum Det\archive\chest_xray\chest_xray\train\PNEUMONIA\person810_virus_1445.jpeg,person810,PNEUMONIA,10.158645629882812,0.9999612618001612,0.9973919817178452
d:\Pneum Det\archive\chest_xray\chest_xray\train\PNEUMONIA\person810_virus_1446.jpeg,person810,PNEUMONIA,7.798801898956299,0.99958994203943,0.9896991494669671
d:\Pneum Det\archive\chest_xray\chest_xray\train\PNEUMONIA\person811_bacteria_2721.jpeg,person811,PNEUMONIA,7.832014083862305,0.9996033319727867,0.9898954739976346
d:\Pneum Det\archive\chest_xray\chest_xray\train\PNEUMONIA\person811_virus_1447.jpeg,person811,PNEUMONIA,-2.5164315700531006,0.07471426394217558,0.1864809461205348
d:\Pneum Det\archive\chest_xray\chest_xray\train\PNEUMONIA\person814_bacteria_2725.jpeg,person814,PNEUMONIA,10.90400505065918,0.9999816158823068,0.9983125759192073
d:\Pneum Det\archive\chest_xray\chest_xray\train\PNEUMONIA\person818_bacteria_2729.jpeg,person818,PNEUMONIA,9.097684860229492,0.9998880878957882,0.9951576449169125
d:\Pneum Det\archive\chest_xray\chest_xray\train\PNEUMONIA\person826_bacteria_2737.jpeg,person826,PNEUMONIA,11.860954284667969,0.9999929392645848,0.9990355921573703
d:\Pneum Det\archive\chest_xray\chest_xray\train\PNEUMONIA\person826_virus_1462.jpeg,person826,PNEUMONIA,11.741130828857422,0.9999920404555405,0.9989655914341846
d:\Pneum Det\archive\chest_xray\chest_xray\train\PNEUMONIA\person829_bacteria_2740.jpeg,person829,PNEUMONIA,7.853647232055664,0.9996118177024814,0.9900213557610781
d:\Pneum Det\archive\chest_xray\chest_xray\train\PNEUMONIA\person834_bacteria_2747.jpeg,person834,PNEUMONIA,9.600571632385254,0.9999323145500151,0.9963879965603015
d:\Pneum Det\archive\chest_xray\chest_xray\train\PNEUMONIA\person834_bacteria_2748.jpeg,person834,PNEUMONIA,9.600571632385254,0.9999323145500151,0.9963879965603015
d:\Pneum Det\archive\chest_xray\chest_xray\train\PNEUMONIA\person840_bacteria_2758.jpeg,person840,PNEUMONIA,10.717499732971191,0.9999778466512227,0.9981182863224498
d:\Pneum Det\archive\chest_xray\chest_xray\train\PNEUMONIA\person840_bacteria_2759.jpeg,person840,PNEUMONIA,5.671949863433838,0.9965706519377628,0.9651147171147235
d:\Pneum Det\archive\chest_xray\chest_xray\train\PNEUMONIA\person841_bacteria_2760.jpeg,person841,PNEUMONIA,10.374980926513672,0.9999687974934898,0.9977014809991512
d:\Pneum Det\archive\chest_xray\chest_xray\train\PNEUMONIA\person841_bacteria_2761.jpeg,person841,PNEUMONIA,6.224925994873047,0.9980244402609473,0.9745156700055568
d:\Pneum Det\archive\chest_xray\chest_xray\train\PNEUMONIA\person841_virus_1481.jpeg,person841,PNEUMONIA,6.282160758972168,0.9981341309780397,0.9753346275548377
d:\Pneum Det\archive\chest_xray\chest_xray\train\PNEUMONIA\person845_virus_1489.jpeg,person845,PNEUMONIA,9.77560806274414,0.9999431824261845,0.9967386097477345
d:\Pneum Det\archive\chest_xray\chest_xray\train\PNEUMONIA\person852_virus_1497.jpeg,person852,PNEUMONIA,8.818763732910156,0.9998520907507623,0.9943037137173099
d:\Pneum Det\archive\chest_xray\chest_xray\train\PNEUMONIA\person861_virus_1506.jpeg,person861,PNEUMONIA,11.49487018585205,0.9999898179110649,0.9988053864804421
d:\Pneum Det\archive\chest_xray\chest_xray\train\PNEUMONIA\person863_bacteria_2785.jpeg,person863,PNEUMONIA,9.367331504821777,0.9999145361409312,0.9958617797894855
d:\Pneum Det\archive\chest_xray\chest_xray\train\PNEUMONIA\person863_virus_1508.jpeg,person863,PNEUMONIA,5.5336503982543945,0.9960640151523267,0.9622840192194116
d:\Pneum Det\archive\chest_xray\chest_xray\train\PNEUMONIA\person876_bacteria_2799.jpeg,person876,PNEUMONIA,9.43055534362793,0.9999197718073081,0.996011533175628
d:\Pneum Det\archive\chest_xray\chest_xray\train\PNEUMONIA\person877_bacteria_2800.jpeg,person877,PNEUMONIA,9.681375503540039,0.9999375683336128,0.9965542919433723
d:\Pneum Det\archive\chest_xray\chest_xray\train\PNEUMONIA\person877_virus_1525.jpeg,person877,PNEUMONIA,9.134123802185059,0.9998920920183729,0.9952593551366311
d:\Pneum Det\archive\chest_xray\chest_xray\train\PNEUMONIA\person889_bacteria_2813.jpeg,person889,PNEUMONIA,7.838188171386719,0.9996057725285618,0.9899315600052353
d:\Pneum Det\archive\chest_xray\chest_xray\train\PNEUMONIA\person893_bacteria_2818.jpeg,person893,PNEUMONIA,9.26943302154541,0.9999057469412937,0.9956187745961693
d:\Pneum Det\archive\chest_xray\chest_xray\train\PNEUMONIA\person894_bacteria_2819.jpeg,person894,PNEUMONIA,8.901886940002441,0.9998638867179301,0.994572778660345
d:\Pneum Det\archive\chest_xray\chest_xray\train\PNEUMONIA\person894_virus_1546.jpeg,person894,PNEUMONIA,7.41609001159668,0.9993988651828282,0.9871457979250042
d:\Pneum Det\archive\chest_xray\chest_xray\train\PNEUMONIA\person895_bacteria_2820.jpeg,person895,PNEUMONIA,6.097661018371582,0.9977569228205702,0.972598668226442
d:\Pneum Det\archive\chest_xray\chest_xray\train\PNEUMONIA\person895_virus_1547.jpeg,person895,PNEUMONIA,7.2455339431762695,0.9992871553489623,0.9858153517289266
d:\Pneum Det\archive\chest_xray\chest_xray\train\PNEUMONIA\person8_bacteria_37.jpeg,person8,PNEUMONIA,-7.1707563400268555,0.000768150572739911,0.014809935235708763
d:\Pneum Det\archive\chest_xray\chest_xray\train\PNEUMONIA\person905_bacteria_2830.jpeg,person905,PNEUMONIA,8.896854400634766,0.999863200089895,0.9945568542383998
d:\Pneum Det\archive\chest_xray\chest_xray\train\PNEUMONIA\person905_virus_1561.jpeg,person905,PNEUMONIA,11.082115173339844,0.9999846152001431,0.9984793921645997
d:\Pneum Det\archive\chest_xray\chest_xray\train\PNEUMONIA\person908_virus_1564.jpeg,person908,PNEUMONIA,10.204323768615723,0.99996299141991,0.9974606175684748
d:\Pneum Det\archive\chest_xray\chest_xray\train\PNEUMONIA\person912_bacteria_2837.jpeg,person912,PNEUMONIA,11.425514221191406,0.9999890866651376,0.9987559501911303
d:\Pneum Det\archive\chest_xray\chest_xray\train\PNEUMONIA\person922_bacteria_2847.jpeg,person922,PNEUMONIA,9.557458877563477,0.9999293328369168,0.9962960229016251
d:\Pneum Det\archive\chest_xray\chest_xray\train\PNEUMONIA\person928_virus_1586.jpeg,person928,PNEUMONIA,7.5177001953125,0.9994569143026818,0.9878790678370047
d:\Pneum Det\archive\chest_xray\chest_xray\train\PNEUMONIA\person931_bacteria_2856.jpeg,person931,PNEUMONIA,12.116463661193848,0.9999945312972666,0.9991694558649028
d:\Pneum Det\archive\chest_xray\chest_xray\train\PNEUMONIA\person931_virus_1592.jpeg,person931,PNEUMONIA,11.957023620605469,0.9999935860165347,0.9990882817234791
d:\Pneum Det\archive\chest_xray\chest_xray\train\PNEUMONIA\person937_bacteria_2862.jpeg,person937,PNEUMONIA,10.611039161682129,0.9999753581367649,0.997997531661222
d:\Pneum Det\archive\chest_xray\chest_xray\train\PNEUMONIA\person937_virus_1599.jpeg,person937,PNEUMONIA,6.406527996063232,0.9983519745110854,0.9770266924811289
d:\Pneum Det\archive\chest_xray\chest_xray\train\PNEUMONIA\person94_virus_176.jpeg,person94,PNEUMONIA,6.298398017883301,0.9981641277639223,0.9755622539270689
d:\Pneum Det\archive\chest_xray\chest_xray\train\PNEUMONIA\person950_virus_1621.jpeg,person950,PNEUMONIA,7.49485445022583,0.9994443712671217,0.9877178879116372
d:\Pneum Det\archive\chest_xray\chest_xray\train\PNEUMONIA\person954_bacteria_2879.jpeg,person954,PNEUMONIA,8.958894729614258,0.9998714282327649,0.9947499644909162
d:\Pneum Det\archive\chest_xray\chest_xray\train\PNEUMONIA\person954_virus_1626.jpeg,person954,PNEUMONIA,6.858020305633545,0.9989501109071472,0.9822676024128141
d:\Pneum Det\archive\chest_xray\chest_xray\train\PNEUMONIA\person956_bacteria_2881.jpeg,person956,PNEUMONIA,10.101873397827148,0.9999589990122322,0.9973040915951903
d:\Pneum Det\archive\chest_xray\chest_xray\train\PNEUMONIA\person956_virus_1628.jpeg,person956,PNEUMONIA,10.912832260131836,0.9999817774456816,0.9983212580422808
d:\Pneum Det\archive\chest_xray\chest_xray\train\PNEUMONIA\person957_bacteria_2882.jpeg,person957,PNEUMONIA,9.148202896118164,0.999893600459675,0.9952980814728722
d:\Pneum Det\archive\chest_xray\chest_xray\train\PNEUMONIA\person957_virus_1629.jpeg,person957,PNEUMONIA,9.25167465209961,0.9999040583725023,0.9955731960340424
d:\Pneum Det\archive\chest_xray\chest_xray\train\PNEUMONIA\person959_bacteria_2884.jpeg,person959,PNEUMONIA,8.7684965133667,0.9998444669110882,0.9941346086754695
d:\Pneum Det\archive\chest_xray\chest_xray\train\PNEUMONIA\person95_virus_177.jpeg,person95,PNEUMONIA,3.6004819869995117,0.973415482023778,0.8916405814950943
d:\Pneum Det\archive\chest_xray\chest_xray\train\PNEUMONIA\person967_bacteria_2892.jpeg,person967,PNEUMONIA,8.59298324584961,0.9998146322060015,0.9935040771743698
d:\Pneum Det\archive\chest_xray\chest_xray\train\PNEUMONIA\person967_virus_1640.jpeg,person967,PNEUMONIA,7.614697456359863,0.9995070932178503,0.98854044368262
d:\Pneum Det\archive\chest_xray\chest_xray\train\PNEUMONIA\person972_bacteria_2897.jpeg,person972,PNEUMONIA,-2.6770341396331787,0.06434219741926828,0.17263705894612924
d:\Pneum Det\archive\chest_xray\chest_xray\train\PNEUMONIA\person972_virus_1646.jpeg,person972,PNEUMONIA,7.697448253631592,0.9995462218495591,0.9890763923922608
d:\Pneum Det\archive\chest_xray\chest_xray\train\PNEUMONIA\person975_virus_1650.jpeg,person975,PNEUMONIA,6.1363983154296875,0.9978419682059166,0.9731965515009331
d:\Pneum Det\archive\chest_xray\chest_xray\train\PNEUMONIA\person980_bacteria_2906.jpeg,person980,PNEUMONIA,10.412691116333008,0.9999699522016108,0.9977515506030814
d:\Pneum Det\archive\chest_xray\chest_xray\train\PNEUMONIA\person980_virus_1655.jpeg,person980,PNEUMONIA,11.06231689453125,0.999984307577212,0.9984616941487826
d:\Pneum Det\archive\chest_xray\chest_xray\train\PNEUMONIA\person981_bacteria_2907.jpeg,person981,PNEUMONIA,9.199516296386719,0.9998989219310259,0.9954365792508124
d:\Pneum Det\archive\chest_xray\chest_xray\train\PNEUMONIA\person981_bacteria_2908.jpeg,person981,PNEUMONIA,7.395002365112305,0.9993860619260873,0.9869882190718744
d:\Pneum Det\archive\chest_xray\chest_xray\train\PNEUMONIA\person981_virus_1657.jpeg,person981,PNEUMONIA,10.844353675842285,0.9999804858983095,0.998252718343948
d:\Pneum Det\archive\chest_xray\chest_xray\train\PNEUMONIA\person990_bacteria_2917.jpeg,person990,PNEUMONIA,7.711126327514648,0.9995523836455399,0.9891625613278703
d:\Pneum Det\archive\chest_xray\chest_xray\train\PNEUMONIA\person99_virus_183.jpeg,person99,PNEUMONIA,11.374595642089844,0.999988516589457,0.9987183599618942
d:\Pneum Det\archive\chest_xray\chest_xray\val\NORMAL\NORMAL2-IM-1437-0001.jpeg,normal:im-1437,NORMAL,-1.4590988159179688,0.18860519766748957,0.2985712394208218
d:\Pneum Det\archive\chest_xray\chest_xray\val\NORMAL\NORMAL2-IM-1438-0001.jpeg,normal:im-1438,NORMAL,-3.050607442855835,0.045191255685405406,0.14359702183637874
d:\Pneum Det\archive\chest_xray\chest_xray\val\PNEUMONIA\person1950_bacteria_4881.jpeg,person1950,PNEUMONIA,10.284971237182617,0.9999658587893188,0.9975774286631818
d:\Pneum Det\archive\chest_xray\chest_xray\val\PNEUMONIA\person1954_bacteria_4886.jpeg,person1954,PNEUMONIA,6.120163917541504,0.9978067254002272,0.9729475448246032
