path,patient_id,label,logit,probability,calibrated_probability
d:\Pneum Det\archive\chest_xray\chest_xray\train\NORMAL\IM-0117-0001.jpeg,normal:im-0117,NORMAL,-5.227324962615967,0.005339205219797045,0.006290848931136211
d:\Pneum Det\archive\chest_xray\chest_xray\train\NORMAL\IM-0125-0001.jpeg,normal:im-0125,NORMAL,-5.073559284210205,0.0062211539299490215,0.007293614046718288
d:\Pneum Det\archive\chest_xray\chest_xray\train\NORMAL\IM-0129-0001.jpeg,normal:im-0129,NORMAL,-5.810469150543213,0.00298707480791721,0.0035861322016096536
d:\Pneum Det\archive\chest_xray\chest_xray\train\NORMAL\IM-0137-0001.jpeg,normal:im-0137,NORMAL,-3.369145154953003,0.03327379537261976,0.03686916818917142
d:\Pneum Det\archive\chest_xray\chest_xray\train\NORMAL\IM-0140-0001.jpeg,normal:im-0140,NORMAL,-5.616354942321777,0.0036246910623223506,0.004324604638163314
d:\Pneum Det\archive\chest_xray\chest_xray\train\NORMAL\IM-0145-0001.jpeg,normal:im-0145,NORMAL,-5.218133449554443,0.005388241176448635,0.006346739434801872
d:\Pneum Det\archive\chest_xray\chest_xray\train\NORMAL\IM-0156-0001.jpeg,normal:im-0156,NORMAL,-3.417154550552368,0.0317636228108541,0.035253253335387646
d:\Pneum Det\archive\chest_xray\chest_xray\train\NORMAL\IM-0176-0001.jpeg,normal:im-0176,NORMAL,-2.7546279430389404,0.05982581283344287,0.06490698245033953
d:\Pneum Det\archive\chest_xray\chest_xray\train\NORMAL\IM-0183-0001.jpeg,normal:im-0183,NORMAL,-3.6690478324890137,0.02486662211659108,0.0278344609801144
d:\Pneum Det\archive\chest_xray\chest_xray\train\NORMAL\IM-0195-0001.jpeg,normal:im-0195,NORMAL,-6.0378289222717285,0.002381052139361018,0.0028794491474619546
d:\Pneum Det\archive\chest_xray\chest_xray\train\NORMAL\IM-0201-0001.jpeg,normal:im-0201,NORMAL,-5.016824245452881,0.006581925630315133,0.007702398418031464
d:\Pneum Det\archive\chest_xray\chest_xray\train\NORMAL\IM-0209-0001.jpeg,normal:im-0209,NORMAL,-3.7740697860717773,0.022443176711957627,0.025210556901497552
d:\Pneum Det\archive\chest_xray\chest_xray\train\NORMAL\IM-0217-0001.jpeg,normal:im-0217,NORMAL,-3.7904582023620605,0.022086423450260243,0.024823447791095778
d:\Pneum Det\archive\chest_xray\chest_xray\train\NORMAL\IM-0224-0001.jpeg,normal:im-0224,NORMAL,-3.794093608856201,0.022008039981584456,0.024738364460179216
d:\Pneum Det\archive\chest_xray\chest_xray\train\NORMAL\IM-0226-0001.jpeg,normal:im-0226,NORMAL,-5.1742424964904785,0.005628642194503828,0.006620503292451409
d:\Pneum Det\archive\chest_xray\chest_xray\train\NORMAL\IM-0230-0001.jpeg,normal:im-0230,NORMAL,-4.799370288848877,0.008167670838397555,0.009490762111481388
d:\Pneum Det\archive\chest_xray\chest_xray\train\NORMAL\IM-0231-0001.jpeg,normal:im-0231,NORMAL,-4.887868404388428,0.007481083745026965,0.008718033223843224
d:\Pneum Det\archive\chest_xray\chest_xray\train\NORMAL\IM-0238-0001.jpeg,normal:im-0238,NORMAL,-5.06309175491333,0.006286204548298949,0.007367379186105187
d:\Pneum Det\archive\chest_xray\chest_xray\train\NORMAL\IM-0248-0001.jpeg,normal:im-0248,NORMAL,-3.6279146671295166,0.02588376573092448,0.02893289886264052
d:\Pneum Det\archive\chest_xray\chest_xray\train\NORMAL\IM-0255-0001.jpeg,normal:im-0255,NORMAL,-4.5986008644104,0.009965596675057524,0.011504256788479337
d:\Pneum Det\archive\chest_xray\chest_xray\train\NORMAL\IM-0261-0001.jpeg,normal:im-0261,NORMAL,-5.605282306671143,0.0036649010599288327,0.004371023883871421
d:\Pneum Det\archive\chest_xray\chest_xray\train\NORMAL\IM-0272-0001.jpeg,normal:im-0272,NORMAL,-2.4745757579803467,0.07765984505629446,0.0834417243096105
d:\Pneum Det\archive\chest_xray\chest_xray\train\NORMAL\IM-0279-0001.jpeg,normal:im-0279,NORMAL,-0.8048556447029114,0.3089878086607567,0.3144375553294776
d:\Pneum Det\archive\chest_xray\chest_xray\train\NORMAL\IM-0290-0001.jpeg,normal:im-0290,NORMAL,-5.677237033843994,0.003411326051959366,0.004078004334278689
d:\Pneum Det\archive\chest_xray\chest_xray\train\NORMAL\IM-0294-0001.jpeg,normal:im-0294,NORMAL,-4.7035231590271,0.008981883962585537,0.01040429149534704
d:\Pneum Det\archive\chest_xray\chest_xray\train\NORMAL\IM-0299-0001.jpeg,normal:im-0299,NORMAL,-6.272879123687744,0.0018832351918036457,0.002294588353384303
d:\Pneum Det\archive\chest_xray\chest_xray\train\NORMAL\IM-0305-0001.jpeg,normal:im-0305,NORMAL,-4.80647611618042,0.008110307534459283,0.009426288555635109
d:\Pneum Det\archive\chest_xray\chest_xray\train\NORMAL\IM-0308-0001.jpeg,normal:im-0308,NORMAL,-5.675968647003174,0.003415640889824804,0.004082996188135622
d:\Pneum Det\archive\chest_xray\chest_xray\train\NORMAL\IM-0309-0001.jpeg,normal:im-0309,NORMAL,-4.944840908050537,0.00706971064189025,0.008253912486111096
d:\Pneum Det\archive\chest_xray\chest_xray\train\NORMAL\IM-0314-0001.jpeg,normal:im-0314,NORMAL,-3.2949137687683105,0.0357460896810841,0.039508663123594204
d:\Pneum Det\archive\chest_xray\chest_xray\train\NORMAL\IM-0323-0001.jpeg,normal:im-0323,NORMAL,-5.398523807525635,0.004502885517605907,0.0053348558643906375
d:\Pneum Det\archive\chest_xray\chest_xray\train\NORMAL\IM-0325-0001.jpeg,normal:im-0325,NORMAL,-4.676586627960205,0.009224850538933242,0.010676337292642247
d:\Pneum Det\archive\chest_xray\chest_xray\train\NORMAL\IM-0333-0001.jpeg,normal:im-0333,NORMAL,-3.6314027309417725,0.025795963691563076,0.02883814275385545
d:\Pneum Det\archive\chest_xray\chest_xray\train\NORMAL\IM-0339-0001.jpeg,normal:im-0339,NORMAL,-5.67116117477417,0.003432044530751845,0.004101971745828761
d:\Pneum Det\archive\chest_xray\chest_xray\train\NORMAL\IM-0340-0001.jpeg,normal:im-0340,NORMAL,-5.022485733032227,0.006545010625571966,0.007660605828581164
d:\Pneum Det\archive\chest_xray\chest_xray\train\NORMAL\IM-0353-0001.jpeg,normal:im-0353,NORMAL,-4.623849868774414,0.009719540336050204,0.011229485101458794
d:\Pneum Det\archive\chest_xray\chest_xray\train\NORMAL\IM-0356-0001.jpeg,normal:im-0356,NORMAL,-3.961568593978882,0.018677737666733578,0.021112737841639816
d:\Pneum Det\archive\chest_xray\chest_xray\train\NORMAL\IM-0363-0001.jpeg,normal:im-0363,NORMAL,-4.924577236175537,0.007213386343518535,0.008416111535951462
d:\Pneum Det\archive\chest_xray\chest_xray\train\NORMAL\IM-0371-0001.jpeg,normal:im-0371,NORMAL,-5.3791022300720215,0.004590788018201965,0.005435596175617198
d:\Pneum Det\archive\chest_xray\chest_xray\train\NORMAL\IM-0372-0001.jpeg,normal:im-0372,NORMAL,-5.595436096191406,0.0037010304710391566,0.004412718158433101
d:\Pneum Det\archive\chest_xray\chest_xray\train\NORMAL\IM-0381-0001.jpeg,normal:im-0381,NORMAL,-5.819718837738037,0.0029596540861529497,0.0035542655938110446
d:\Pneum Det\archive\chest_xray\chest_xray\train\NORMAL\IM-0391-0001.jpeg,normal:im-0391,NORMAL,-5.1836628913879395,0.005576161415799144,0.006560773031036969
d:\Pneum Det\archive\chest_xray\chest_xray\train\NORMAL\IM-0409-0001.jpeg,normal:im-0409,NORMAL,-3.6175615787506104,0.026146091694945226,0.029215931204696278
d:\Pneum Det\archive\chest_xray\chest_xray\train\NORMAL\IM-0411-0001.jpeg,normal:im-0411,NORMAL,-5.54918909072876,0.0038755327073040223,0.004613912462227221
d:\Pneum Det\archive\chest_xray\chest_xray\train\NORMAL\IM-0420-0001.jpeg,normal:im-0420,NORMAL,-3.756202459335327,0.022838539559329383,0.02563929998753264
d:\Pneum Det\archive\chest_xray\chest_xray\train\NORMAL\IM-0423-0001.jpeg,normal:im-0423,NORMAL,-5.0068159103393555,0.006647690385882206,0.00777683323355346
d:\Pneum Det\archive\chest_xray\chest_xray\train\NORMAL\IM-0425-0001.jpeg,normal:im-0425,NORMAL,-3.9156603813171387,0.019538042538462766,0.02205140904952805
d:\Pneum Det\archive\chest_xray\chest_xray\train\NORMAL\IM-0431-0001.jpeg,normal:im-0431,NORMAL,-4.087767124176025,0.016499839877441802,0.018729366798669305
d:\Pneum Det\archive\chest_xray\chest_xray\train\NORMAL\IM-0437-0001.jpeg,normal:im-0437,NORMAL,-3.4828836917877197,0.029803184832146078,0.03315122226247674
d:\Pneum Det\archive\chest_xray\chest_xray\train\NORMAL\IM-0450-0001.jpeg,normal:im-0450,NORMAL,-4.565562725067139,0.010296893834848464,0.011873851143336013
d:\Pneum Det\archive\chest_xray\chest_xray\train\NORMAL\IM-0451-0001.jpeg,normal:im-0451,NORMAL,-4.6125359535217285,0.009829043819013386,0.011351796944270834
d:\Pneum Det\archive\chest_xray\chest_xray\train\NORMAL\IM-0457-0001.jpeg,normal:im-0457,NORMAL,-4.913362979888916,0.007294141018956526,0.008507229599005425
d:\Pneum Det\archive\chest_xray\chest_xray\train\NORMAL\IM-0461-0001.jpeg,normal:im-0461,NORMAL,-4.0760498046875,0.01669106495901856,0.018939060944476786
d:\Pneum Det\archive\chest_xray\chest_xray\train\NORMAL\IM-0464-0001.jpeg,normal:im-0464,NORMAL,-4.786945819854736,0.008268938483758852,0.009604544623350642
d:\Pneum Det\archive\chest_xray\chest_xray\train\NORMAL\IM-0474-0001.jpeg,normal:im-0474,NORMAL,-2.8074419498443604,0.056923349280767546,0.06187087899663879
d:\Pneum Det\archive\chest_xray\chest_xray\train\NORMAL\IM-0483-0001.jpeg,normal:im-0483,NORMAL,-4.481833457946777,0.01118610829568343,0.012863873982118417
d:\Pneum Det\archive\chest_xray\chest_xray\train\NORMAL\IM-0490-0001.jpeg,normal:im-0490,NORMAL,-4.413492679595947,0.01196783427772513,0.01373197469021274
d:\Pneum Det\archive\chest_xray\chest_xray\train\NORMAL\IM-0495-0001.jpeg,normal:im-0495,NORMAL,-6.124317646026611,0.002184203084614033,0.0026487061738843343
d:\Pneum Det\archive\chest_xray\chest_xray\train\NORMAL\IM-0501-0001.jpeg,normal:im-0501,NORMAL,-5.1602654457092285,0.005707414217526639,0.006710121799952766
d:\Pneum Det\archive\chest_xray\chest_xray\train\NORMAL\IM-0503-0001.jpeg,normal:im-0503,NORMAL,-3.066322088241577,0.04451801000400689,0.04882071958846833
d:\Pneum Det\archive\chest_xray\chest_xray\train\NORMAL\IM-0505-0001-0001.jpeg,normal:im-0505-0001,NORMAL,-4.985918045043945,0.006787121875792132,0.0079345651862521
d:\Pneum Det\archive\chest_xray\chest_xray\train\NORMAL\IM-0505-0001-0002.jpeg,normal:im-0505-0001,NORMAL,-5.067323684692383,0.006259824160121307,0.007337467836922599
d:\Pneum Det\archive\chest_xray\chest_xray\train\NORMAL\IM-0506-0001.jpeg,normal:im-0506,NORMAL,-5.536352634429932,0.0039254049386285034,0.004671357929676991
d:\Pneum Det\archive\chest_xray\chest_xray\train\NORMAL\IM-0517-0001-0001.jpeg,normal:im-0517-0001,NORMAL,-5.623748302459717,0.0035980873065370217,0.004293883440850551
d:\Pneum Det\archive\chest_xray\chest_xray\train\NORMAL\IM-0519-0001.jpeg,normal:im-0519,NORMAL,-6.23401403427124,0.0019577221005360416,0.002382389428842244
d:\Pneum Det\archive\chest_xray\chest_xray\train\NORMAL\IM-0523-0001.jpeg,normal:im-0523,NORMAL,-3.988701105117798,0.018186869726016443,0.02057646684122338
d:\Pneum Det\archive\chest_xray\chest_xray\train\NORMAL\IM-0524-0001.jpeg,normal:im-0524,NORMAL,-5.937353134155273,0.00263205948891573,0.003172784250637067
d:\Pneum Det\archive\chest_xray\chest_xray\train\NORMAL\IM-0531-0001-0001.jpeg,normal:im-0531-0001,NORMAL,-5.000819683074951,0.006687403827619086,0.007821770296922768
d:\Pneum Det\archive\chest_xray\chest_xray\train\NORMAL\IM-0534-0001.jpeg,normal:im-0534,NORMAL,-3.6178789138793945,0.026138012772510603,0.029207216147647
d:\Pneum Det\archive\chest_xray\chest_xray\train\NORMAL\IM-0539-0001-0001.jpeg,normal:im-0539-0001,NORMAL,-5.053798198699951,0.006344525674429057,0.007433491591349454
d:\Pneum Det\archive\chest_xray\chest_xray\train\NORMAL\IM-0539-0001-0002.jpeg,normal:im-0539-0001,NORMAL,-4.8386406898498535,0.00785561027312259,0.00913983317549223
d:\Pneum Det\archive\chest_xray\chest_xray\train\NORMAL\IM-0539-0001.jpeg,normal:im-0539,NORMAL,-6.009607791900635,0.0024490383686441596,0.0029589950165687957
d:\Pneum Det\archive\chest_xray\chest_xray\train\NORMAL\IM-0547-0001.jpeg,normal:im-0547,NORMAL,-3.943127393722534,0.019018761527201198,0.021485007474650115
d:\Pneum Det\archive\chest_xray\chest_xray\train\NORMAL\IM-0549-0001.jpeg,normal:im-0549,NORMAL,-5.342000484466553,0.004763486824011378,0.005633332412080672
d:\Pneum Det\archive\chest_xray\chest_xray\train\NORMAL\IM-0552-0001.jpeg,normal:im-0552,NORMAL,-4.067159175872803,0.01683761089808381,0.01909970302361095
d:\Pneum Det\archive\chest_xray\chest_xray\train\NORMAL\IM-0557-0001.jpeg,normal:im-0557,NORMAL,-2.7903223037719727,0.057849386303573044,0.06284021063832522
d:\Pneum Det\archive\chest_xray\chest_xray\train\NORMAL\IM-0563-0001.jpeg,normal:im-0563,NORMAL,-4.893675804138184,0.007438086226337158,0.008669563501087706
d:\Pneum Det\archive\chest_xray\chest_xray\train\NORMAL\IM-0569-0001.jpeg,normal:im-0569,NORMAL,-5.677969455718994,0.0034088369508642555,0.004075124588848782
d:\Pneum Det\archive\chest_xray\chest_xray\train\NORMAL\IM-0580-0001.jpeg,normal:im-0580,NORMAL,-2.568406105041504,0.07119963674068001,0.07675003318175619
d:\Pneum Det\archive\chest_xray\chest_xray\train\NORMAL\IM-0586-0001.jpeg,normal:im-0586,NORMAL,-4.775280475616455,0.008365151684002656,0.009712604282480504
d:\Pneum Det\archive\chest_xray\chest_xray\train\NORMAL\IM-0592-0001.jpeg,normal:im-0592,NORMAL,-5.037036418914795,0.006451075662550132,0.007554223477516505
d:\Pneum Det\archive\chest_xray\chest_xray\train\NORMAL\IM-0599-0001.jpeg,normal:im-0599,NORMAL,-5.155834197998047,0.005732615996742303,0.00673878499835716
d:\Pneum Det\archive\chest_xray\chest_xray\train\NORMAL\IM-0608-0001-0001.jpeg,normal:im-0608-0001,NORMAL,-2.6638295650482178,0.06514173074205291,0.07045257384709223
d:\Pneum Det\archive\chest_xray\chest_xray\train\NORMAL\IM-0608-0001-0002.jpeg,normal:im-0608-0001,NORMAL,-6.182384967803955,0.0020612383553219385,0.0025042303435676423
d:\Pneum Det\archive\chest_xray\chest_xray\train\NORMAL\IM-0608-0001.jpeg,normal:im-0608,NORMAL,-5.794652462005615,0.003034551543096225,0.003641284107562462
d:\Pneum Det\archive\chest_xray\chest_xray\train\NORMAL\IM-0612-0001-0001.jpeg,normal:im-0612-0001,NORMAL,-5.014437198638916,0.006597551981371897,0.00772008711071255
d:\Pneum Det\archive\chest_xray\chest_xray\train\NORMAL\IM-0612-0001-0002.jpeg,normal:im-0612-0001,NORMAL,-5.130736351013184,0.005877456680809205,0.006903438399175192
d:\Pneum Det\archive\chest_xray\chest_xray\train\NORMAL\IM-0619-0001.jpeg,normal:im-0619,NORMAL,-4.7265305519104,0.00877938688470435,0.010177367453786642
d:\Pneum Det\archive\chest_xray\chest_xray\train\NORMAL\IM-0620-0001.jpeg,normal:im-0620,NORMAL,-4.114256381988525,0.01607544322689006,0.018263671700342262
d:\Pneum Det\archive\chest_xray\chest_xray\train\NORMAL\IM-0622-0001.jpeg,normal:im-0622,NORMAL,-4.738967418670654,0.008671815987593269,0.010056748236578336
d:\Pneum Det\archive\chest_xray\chest_xray\train\NORMAL\IM-0627-0001.jpeg,normal:im-0627,NORMAL,-5.9275221824646,0.0026579936310630755,0.003203038360642609
d:\Pneum Det\archive\chest_xray\chest_xray\train\NORMAL\IM-0633-0001.jpeg,normal:im-0633,NORMAL,-5.532626628875732,0.003940000567277079,0.004688165391989394
d:\Pneum Det\archive\chest_xray\chest_xray\train\NORMAL\IM-0634-0001.jpeg,normal:im-0634,NORMAL,-1.7789946794509888,0.14442731520549487,0.15150457012162968
d:\Pneum Det\archive\chest_xray\chest_xray\train\NORMAL\IM-0643-0001.jpeg,normal:im-0643,NORMAL,-4.122446060180664,0.015946418964028725,0.018122006266422866
d:\Pneum Det\archive\chest_xray\chest_xray\train\NORMAL\IM-0644-0001-0001.jpeg,normal:im-0644-0001,NORMAL,-3.543733835220337,0.028093159745701788,0.03131348522682621
d:\Pneum Det\archive\chest_xray\chest_xray\train\NORMAL\IM-0644-0001-0002.jpeg,normal:im-0644-0001,NORMAL,-3.3328256607055664,0.03446208420133547,0.038138713711557734
d:\Pneum Det\archive\chest_xray\chest_xray\train\NORMAL\IM-0644-0001.jpeg,normal:im-0644,NORMAL,-4.9355854988098145,0.007134978417657264,0.008327608510895668
d:\Pneum Det\archive\chest_xray\chest_xray\train\NORMAL\IM-0648-0001.jpeg,normal:im-0648,NORMAL,-5.509249210357666,0.0040328168340283185,0.0047949995113176665
d:\Pneum Det\archive\chest_xray\chest_xray\train\NORMAL\IM-0650-0001-0001.jpeg,normal:im-0650-0001,NORMAL,-5.230720520019531,0.005321202694742881,0.0062703256277634265
d:\Pneum Det\archive\chest_xray\chest_xray\train\NORMAL\IM-0650-0001-0002.jpeg,normal:im-0650-0001,NORMAL,-5.692031383514404,0.0033613975859524514,0.004020226777171351
d:\Pneum Det\archive\chest_xray\chest_xray\train\NORMAL\IM-0656-0001-0001.jpeg,normal:im-0656-0001,NORMAL,-4.392413139343262,0.012219672983287818,0.014011215628331861
d:\Pneum Det\archive\chest_xray\chest_xray\train\NORMAL\IM-0656-0001-0002.jpeg,normal:im-0656-0001,NORMAL,-4.465245723724365,0.011371080451374626,0.013069468222089656
d:\Pneum Det\archive\chest_xray\chest_xray\train\NORMAL\IM-0665-0001.jpeg,normal:im-0665,NORMAL,-5.5505690574646,0.0038702089735055786,0.00460777887441486
d:\Pneum Det\archive\chest_xray\chest_xray\train\NORMAL\IM-0669-0001.jpeg,normal:im-0669,NORMAL,-5.274284839630127,0.005095520864913781,0.006012844596472641
d:\Pneum Det\archive\chest_xray\chest_xray\train\NORMAL\IM-0672-0001.jpeg,normal:im-0672,NORMAL,-4.047823429107666,0.01716070527509766,0.01945370097456798
d:\Pneum Det\archive\chest_xray\chest_xray\train\NORMAL\IM-0680-0001.jpeg,normal:im-0680,NORMAL,-3.839951753616333,0.02104234085181365,0.023689208397438467
d:\Pneum Det\archive\chest_xray\chest_xray\train\NORMAL\IM-0681-0001.jpeg,normal:im-0681,NORMAL,-4.509119510650635,0.010888288570305682,0.012532603803890954
d:\Pneum Det\archive\chest_xray\chest_xray\train\NORMAL\IM-0688-0001.jpeg,normal:im-0688,NORMAL,-4.4805779457092285,0.011200004016667752,0.012879322953634484
d:\Pneum Det\archive\chest_xray\chest_xray\train\NORMAL\IM-0700-0001.jpeg,normal:im-0700,NORMAL,-6.418580532073975,0.001628313970882372,0.001993222069589746
d:\Pneum Det\archive\chest_xray\chest_xray\train\NORMAL\IM-0704-0001.jpeg,normal:im-0704,NORMAL,-5.424868106842041,0.004386322608302304,0.005201168955358816
d:\Pneum Det\archive\chest_xray\chest_xray\train\NORMAL\IM-0717-0001.jpeg,normal:im-0717,NORMAL,-4.567326068878174,0.01027893933978977,0.011853831719977568
d:\Pneum Det\archive\chest_xray\chest_xray\train\NORMAL\IM-0718-0001.jpeg,normal:im-0718,NORMAL,-4.99428129196167,0.006730976671268747,0.007871064099608877
d:\Pneum Det\archive\chest_xray\chest_xray\train\NORMAL\IM-0719-0001.jpeg,normal:im-0719,NORMAL,-5.992434024810791,0.002491355127759844,0.003008470535636714
d:\Pneum Det\archive\chest_xray\chest_xray\train\NORMAL\IM-0722-0001.jpeg,normal:im-0722,NORMAL,-6.09566068649292,0.0022475584741949725,0.0027230410369652822
d:\Pneum Det\archive\chest_xray\chest_xray\train\NORMAL\IM-0736-0001.jpeg,normal:im-0736,NORMAL,-4.470159530639648,0.011315972945635426,0.01300822907342844
d:\Pneum Det\archive\chest_xray\chest_xray\train\NORMAL\IM-0746-0001.jpeg,normal:im-0746,NORMAL,-5.065579891204834,0.006270681014275143,0.007349778368587099
d:\Pneum Det\archive\chest_xray\chest_xray\train\NORMAL\IM-0753-0001.jpeg,normal:im-0753,NORMAL,-5.120746612548828,0.005936114903658954,0.006970081765135208
d:\Pneum Det\archive\chest_xray\chest_xray\train\NORMAL\IM-0764-0001.jpeg,normal:im-0764,NORMAL,-3.4941582679748535,0.029478903506891266,0.032803030556055775
d:\Pneum Det\archive\chest_xray\chest_xray\train\NORMAL\IM-0766-0001.jpeg,normal:im-0766,NORMAL,-2.5450451374053955,0.07276006346380276,0.07836856467684293
d:\Pneum Det\archive\chest_xray\chest_xray\train\NORMAL\NORMAL2-IM-0390-0001.jpeg,normal:im-0390,NORMAL,-5.088008403778076,0.006132457317883948,0.007192993535480832
d:\Pneum Det\archive\chest_xray\chest_xray\train\NORMAL\NORMAL2-IM-0391-0001.jpeg,normal:im-0391,NORMAL,-3.5120389461517334,0.028971620539518645,0.03225805717605141
d:\Pneum Det\archive\chest_xray\chest_xray\train\NORMAL\NORMAL2-IM-0397-0001.jpeg,normal:im-0397,NORMAL,-4.9801764488220215,0.006825936111003524,0.00797845436050994
d:\Pneum Det\archive\chest_xray\chest_xray\train\NORMAL\NORMAL2-IM-0407-0001.jpeg,normal:im-0407,NORMAL,-5.7377848625183105,0.0032115500375372156,0.0038466517420623248
d:\Pneum Det\archive\chest_xray\chest_xray\train\NORMAL\NORMAL2-IM-0409-0001.jpeg,normal:im-0409,NORMAL,-5.105157375335693,0.006028817204947182,0.007075358890302145
d:\Pneum Det\archive\chest_xray\chest_xray\train\NORMAL\NORMAL2-IM-0423-0001.jpeg,normal:im-0423,NORMAL,-5.414284706115723,0.0044327844670894,0.00525447031256064
d:\Pneum Det\archive\chest_xray\chest_xray\train\NORMAL\NORMAL2-IM-0425-0001.jpeg,normal:im-0425,NORMAL,0.873014509677887,0.705372567374265,0.6996142918111662
d:\Pneum Det\archive\chest_xray\chest_xray\train\NORMAL\NORMAL2-IM-0437-0001.jpeg,normal:im-0437,NORMAL,-4.116054058074951,0.016047034064158264,0.018232482607059234
d:\Pneum Det\archive\chest_xray\chest_xray\train\NORMAL\NORMAL2-IM-0443-0001.jpeg,normal:im-0443,NORMAL,-5.697478294372559,0.0033431991719188835,0.003999160484283011
d:\Pneum Det\archive\chest_xray\chest_xray\train\NORMAL\NORMAL2-IM-0450-0001.jpeg,normal:im-0450,NORMAL,-5.2258477210998535,0.0053470561390225385,0.006299798443520889
d:\Pneum Det\archive\chest_xray\chest_xray\train\NORMAL\NORMAL2-IM-0451-0001.jpeg,normal:im-0451,NORMAL,-4.003100872039795,0.017931521954214796,0.020297297031250227
d:\Pneum Det\archive\chest_xray\chest_xray\train\NORMAL\NORMAL2-IM-0464-0001.jpeg,normal:im-0464,NORMAL,-4.843226909637451,0.00781994629532335,0.009099697411063104
d:\Pneum Det\archive\chest_xray\chest_xray\train\NORMAL\NORMAL2-IM-0468-0001.jpeg,normal:im-0468,NORMAL,-1.5032693147659302,0.181938423274755,0.18910662778280382
d:\Pneum Det\archive\chest_xray\chest_xray\train\NORMAL\NORMAL2-IM-0474-0001.jpeg,normal:im-0474,NORMAL,-5.111059665679932,0.005993550827443417,0.007035315138203311
d:\Pneum Det\archive\chest_xray\chest_xray\train\NORMAL\NORMAL2-IM-0490-0001.jpeg,normal:im-0490,NORMAL,-5.620234489440918,0.0036107068206916973,0.004308456992459905
d:\Pneum Det\archive\chest_xray\chest_xray\train\NORMAL\NORMAL2-IM-0501-0001.jpeg,normal:im-0501,NORMAL,-6.068429470062256,0.0023094598779544446,0.002795604349679947
d:\Pneum Det\archive\chest_xray\chest_xray\train\NORMAL\NORMAL2-IM-0503-0001.jpeg,normal:im-0503,NORMAL,-5.758834362030029,0.003144865415443862,0.003769323518532201
d:\Pneum Det\archive\chest_xray\chest_xray\train\NORMAL\NORMAL2-IM-0506-0001.jpeg,normal:im-0506,NORMAL,-5.0205278396606445,0.006557753495119692,0.0076750333062904266
d:\Pneum Det\archive\chest_xray\chest_xray\train\NORMAL\NORMAL2-IM-0523-0001.jpeg,normal:im-0523,NORMAL,-5.957855701446533,0.002578782695274474,0.003110602366917685
d:\Pneum Det\archive\chest_xray\chest_xray\train\NORMAL\NORMAL2-IM-0539-0001.jpeg,normal:im-0539,NORMAL,-3.132089614868164,0.041802826616679764,0.04594660685637845
d:\Pneum Det\archive\chest_xray\chest_xray\train\NORMAL\NORMAL2-IM-0547-0001.jpeg,normal:im-0547,NORMAL,-4.516819477081299,0.010805673530323063,0.012440654671074166
d:\Pneum Det\archive\chest_xray\chest_xray\train\NORMAL\NORMAL2-IM-0552-0001.jpeg,normal:im-0552,NORMAL,-5.111243724822998,0.005992454371206567,0.007034070024147012
d:\Pneum Det\archive\chest_xray\chest_xray\train\NORMAL\NORMAL2-IM-0557-0001.jpeg,normal:im-0557,NORMAL,-5.764063358306885,0.0031285151577031267,0.003750355441414206
d:\Pneum Det\archive\chest_xray\chest_xray\train\NORMAL\NORMAL2-IM-0563-0001.jpeg,normal:im-0563,NORMAL,-4.606457233428955,0.009888381178996763,0.011418055340919669
d:\Pneum Det\archive\chest_xray\chest_xray\train\NORMAL\NORMAL2-IM-0569-0001.jpeg,normal:im-0569,NORMAL,-3.973905563354492,0.01845295247670078,0.020867224348430427
d:\Pneum Det\archive\chest_xray\chest_xray\train\NORMAL\NORMAL2-IM-0573-0001.jpeg,normal:im-0573,NORMAL,-6.044836521148682,0.00236446432150167,0.0028600298062380386
d:\Pneum Det\archive\chest_xray\chest_xray\train\NORMAL\NORMAL2-IM-0580-0001.jpeg,normal:im-0580,NORMAL,-5.375377178192139,0.004607841886940464,0.005455133272248516
d:\Pneum Det\archive\chest_xray\chest_xray\train\NORMAL\NORMAL2-IM-0587-0001.jpeg,normal:im-0587,NORMAL,-4.250986576080322,0.014049953891947853,0.016034885217218037
d:\Pneum Det\archive\chest_xray\chest_xray\train\NORMAL\NORMAL2-IM-0592-0001.jpeg,normal:im-0592,NORMAL,-4.7172465324401855,0.008860548849539228,0.010268341045031928
d:\Pneum Det\archive\chest_xray\chest_xray\train\NORMAL\NORMAL2-IM-0599-0001.jpeg,normal:im-0599,NORMAL,-5.031723976135254,0.0064852149795577956,0.007592892585707694
d:\Pneum Det\archive\chest_xray\chest_xray\train\NORMAL\NORMAL2-IM-0619-0001.jpeg,normal:im-0619,NORMAL,-5.4727091789245605,0.004182273742356726,0.004966859342484527
d:\Pneum Det\archive\chest_xray\chest_xray\train\NORMAL\NORMAL2-IM-0620-0001.jpeg,normal:im-0620,NORMAL,-4.752065181732178,0.0085599411012231,0.009931248985383266
d:\Pneum Det\archive\chest_xray\chest_xray\train\NORMAL\NORMAL2-IM-0622-0001.jpeg,normal:im-0622,NORMAL,-5.2225022315979,0.005364878485078016,0.0063201130818438854
d:\Pneum Det\archive\chest_xray\chest_xray\train\NORMAL\NORMAL2-IM-0627-0001.jpeg,normal:im-0627,NORMAL,-4.776954174041748,0.00835127947908656,0.009697026644493558
d:\Pneum Det\archive\chest_xray\chest_xray\train\NORMAL\NORMAL2-IM-0633-0001.jpeg,normal:im-0633,NORMAL,-5.14087438583374,0.005818516793784289,0.00683645266482836
d:\Pneum Det\archive\chest_xray\chest_xray\train\NORMAL\NORMAL2-IM-0634-0001.jpeg,normal:im-0634,NORMAL,-3.5345919132232666,0.028343849947209815,0.031583152167367894
d:\Pneum Det\archive\chest_xray\chest_xray\train\NORMAL\NORMAL2-IM-0643-0001.jpeg,normal:im-0643,NORMAL,-5.448767185211182,0.00428317995868026,0.005082776107272149
d:\Pneum Det\archive\chest_xray\chest_xray\train\NORMAL\NORMAL2-IM-0648-0001.jpeg,normal:im-0648,NORMAL,-5.632873058319092,0.003565521503778269,0.004256267306693516
d:\Pneum Det\archive\chest_xray\chest_xray\train\NORMAL\NORMAL2-IM-0653-0001.jpeg,normal:im-0653,NORMAL,-4.3608880043029785,0.01260610273678811,0.01443930564807518
d:\Pneum Det\archive\chest_xray\chest_xray\train\NORMAL\NORMAL2-IM-0665-0001.jpeg,normal:im-0665,NORMAL,-1.7777353525161743,0.14458299749026549,0.15166141518164666
d:\Pneum Det\archive\chest_xray\chest_xray\train\NORMAL\NORMAL2-IM-0669-0001.jpeg,normal:im-0669,NORMAL,-6.060181140899658,0.002328543301346903,0.002817961909938121
d:\Pneum Det\archive\chest_xray\chest_xray\train\NORMAL\NORMAL2-IM-0672-0001.jpeg,normal:im-0672,NORMAL,-5.456366539001465,0.004250891762901281,0.005045694700350178
d:\Pneum Det\archive\chest_xray\chest_xray\train\NORMAL\NORMAL2-IM-0680-0001.jpeg,normal:im-0680,NORMAL,-5.285641193389893,0.0050382715616523,0.0059474691321804
d:\Pneum Det\archive\chest_xray\chest_xray\train\NORMAL\NORMAL2-IM-0700-0001.jpeg,normal:im-0700,NORMAL,-4.34718656539917,0.012777790982981737,0.01462935621379824
d:\Pneum Det\archive\chest_xray\chest_xray\train\NORMAL\NORMAL2-IM-0718-0001.jpeg,normal:im-0718,NORMAL,1.1979039907455444,0.7681517052619063,0.7613504615424588
d:\Pneum Det\archive\chest_xray\chest_xray\train\NORMAL\NORMAL2-IM-0719-0001.jpeg,normal:im-0719,NORMAL,1.0897048711776733,0.7483261428516953,0.741793903570534
d:\Pneum Det\archive\chest_xray\chest_xray\train\NORMAL\NORMAL2-IM-0723-0001.jpeg,normal:im-0723,NORMAL,0.37648072838783264,0.593024017782086,0.5901532280009375
d:\Pneum Det\archive\chest_xray\chest_xray\train\NORMAL\NORMAL2-IM-0725-0001.jpeg,normal:im-0725,NORMAL,-0.860145628452301,0.29730892059598407,0.3030113011327954
d:\Pneum Det\archive\chest_xray\chest_xray\train\NORMAL\NORMAL2-IM-0736-0001.jpeg,normal:im-0736,NORMAL,2.880338668823242,0.9468659049015768,0.942102182246517
d:\Pneum Det\archive\chest_xray\chest_xray\train\NORMAL\NORMAL2-IM-0746-0001.jpeg,normal:im-0746,NORMAL,-1.8274431228637695,0.13854315183090224,0.14557114549381878
d:\Pneum Det\archive\chest_xray\chest_xray\train\NORMAL\NORMAL2-IM-0753-0001.jpeg,normal:im-0753,NORMAL,-3.421715021133423,0.03162366603195205,0.03510335268608976
d:\Pneum Det\archive\chest_xray\chest_xray\train\NORMAL\NORMAL2-IM-0774-0001.jpeg,normal:im-0774,NORMAL,-2.9746992588043213,0.04858205327387205,0.05311005605122796
d:\Pneum Det\archive\chest_xray\chest_xray\train\NORMAL\NORMAL2-IM-0776-0001.jpeg,normal:im-0776,NORMAL,-4.156563758850098,0.015419787865010255,0.017543354943243737
d:\Pneum Det\archive\chest_xray\chest_xray\train\NORMAL\NORMAL2-IM-0797-0001.jpeg,normal:im-0797,NORMAL,-5.1186747550964355,0.00594835320367845,0.006983983285904507
d:\Pneum Det\archive\chest_xray\chest_xray\train\NORMAL\NORMAL2-IM-0804-0001.jpeg,normal:im-0804,NORMAL,-5.154431343078613,0.005740617470225931,0.006747884580435109
d:\Pneum Det\archive\chest_xray\chest_xray\train\NORMAL\NORMAL2-IM-0814-0001.jpeg,normal:im-0814,NORMAL,-6.162207126617432,0.0021031637819341874,0.0025535206259426875
d:\Pneum Det\archive\chest_xray\chest_xray\train\NORMAL\NORMAL2-IM-0821-0001.jpeg,normal:im-0821,NORMAL,-5.296990394592285,0.004981697700554709,0.0058828407741531585
d:\Pneum Det\archive\chest_xray\chest_xray\train\NORMAL\NORMAL2-IM-0827-0001.jpeg,normal:im-0827,NORMAL,-2.3377506732940674,0.08804435171944967,0.09415120518054683
d:\Pneum Det\archive\chest_xray\chest_xray\train\NORMAL\NORMAL2-IM-0832-0001.jpeg,normal:im-0832,NORMAL,-4.972535610198975,0.006877931654536616,0.008037235164084625
d:\Pneum Det\archive\chest_xray\chest_xray\train\NORMAL\NORMAL2-IM-0837-0001.jpeg,normal:im-0837,NORMAL,-5.135690689086914,0.00584857966995245,0.0068706222200706196
d:\Pneum Det\archive\chest_xray\chest_xray\train\NORMAL\NORMAL2-IM-0842-0001.jpeg,normal:im-0842,NORMAL,-5.294365882873535,0.004994724007280367,0.005897723800723534
d:\Pneum Det\archive\chest_xray\chest_xray\train\NORMAL\NORMAL2-IM-0843-0001.jpeg,normal:im-0843,NORMAL,-5.466511249542236,0.00420816625504731,0.004996612264670441
d:\Pneum Det\archive\chest_xray\chest_xray\train\NORMAL\NORMAL2-IM-0851-0001.jpeg,normal:im-0851,NORMAL,-5.671708583831787,0.003430172755225965,0.004099806646170324
d:\Pneum Det\archive\chest_xray\chest_xray\train\NORMAL\NORMAL2-IM-0854-0001.jpeg,normal:im-0854,NORMAL,-0.8096852898597717,0.3079575625756639,0.3134301792426616
d:\Pneum Det\archive\chest_xray\chest_xray\train\NORMAL\NORMAL2-IM-0862-0001.jpeg,normal:im-0862,NORMAL,-5.064608573913574,0.006276736545138991,0.007356644394279059
d:\Pneum Det\archive\chest_xray\chest_xray\train\NORMAL\NORMAL2-IM-0863-0001.jpeg,normal:im-0863,NORMAL,-3.875871419906616,0.020315002827672263,0.022897867607080846
d:\Pneum Det\archive\chest_xray\chest_xray\train\NORMAL\NORMAL2-IM-0866-0001.jpeg,normal:im-0866,NORMAL,-3.4561879634857178,0.03058485592126975,0.033989951054435315
d:\Pneum Det\archive\chest_xray\chest_xray\train\NORMAL\NORMAL2-IM-0873-0001.jpeg,normal:im-0873,NORMAL,-4.6039042472839355,0.00991340774880462,0.011445996893341128
d:\Pneum Det\archive\chest_xray\chest_xray\train\NORMAL\NORMAL2-IM-0879-0001.jpeg,normal:im-0879,NORMAL,-4.156075477600098,0.01542720271403106,0.017551507009827817
d:\Pneum Det\archive\chest_xray\chest_xray\train\NORMAL\NORMAL2-IM-0886-0001.jpeg,normal:im-0886,NORMAL,-4.75062370300293,0.008572183123495425,0.009944984570008869
d:\Pneum Det\archive\chest_xray\chest_xray\train\NORMAL\NORMAL2-IM-0899-0001.jpeg,normal:im-0899,NORMAL,-1.1218045949935913,0.24567670315411402,0.2522967876298407
d:\Pneum Det\archive\chest_xray\chest_xray\train\NORMAL\NORMAL2-IM-0906-0001.jpeg,normal:im-0906,NORMAL,-5.495899677276611,0.00408679251176234,0.004857089701527037
d:\Pneum Det\archive\chest_xray\chest_xray\train\NORMAL\NORMAL2-IM-0912-0001.jpeg,normal:im-0912,NORMAL,-4.994661331176758,0.006728436330499194,0.007868190515846038
d:\Pneum Det\archive\chest_xray\chest_xray\train\NORMAL\NORMAL2-IM-0913-0001.jpeg,normal:im-0913,NORMAL,-5.476251125335693,0.004167548182365975,0.004949935589211222
d:\Pneum Det\archive\chest_xray\chest_xray\train\NORMAL\NORMAL2-IM-0925-0001.jpeg,normal:im-0925,NORMAL,-4.413443088531494,0.011968420686676919,0.013732625140430398
d:\Pneum Det\archive\chest_xray\chest_xray\train\NORMAL\NORMAL2-IM-0927-0001.jpeg,normal:im-0927,NORMAL,-3.2640109062194824,0.03682667596085478,0.040660128744107404
d:\Pneum Det\archive\chest_xray\chest_xray\train\NORMAL\NORMAL2-IM-0933-0001.jpeg,normal:im-0933,NORMAL,-4.790821552276611,0.008237215792704948,0.009568906683938705
d:\Pneum Det\archive\chest_xray\chest_xray\train\NORMAL\NORMAL2-IM-0937-0001.jpeg,normal:im-0937,NORMAL,-6.127909183502197,0.0021763895500896318,0.0026395337562900617
d:\Pneum Det\archive\chest_xray\chest_xray\train\NORMAL\NORMAL2-IM-0946-0001.jpeg,normal:im-0946,NORMAL,-6.022907733917236,0.002416760144279839,0.0029212376154017254
d:\Pneum Det\archive\chest_xray\chest_xray\train\NORMAL\NORMAL2-IM-0948-0001.jpeg,normal:im-0948,NORMAL,-5.511681079864502,0.004023060872465435,0.0047837739641720485
d:\Pneum Det\archive\chest_xray\chest_xray\train\NORMAL\NORMAL2-IM-0950-0001.jpeg,normal:im-0950,NORMAL,-5.146469593048096,0.005786239744942659,0.00679975991688297
d:\Pneum Det\archive\chest_xray\chest_xray\train\NORMAL\NORMAL2-IM-0959-0001.jpeg,normal:im-0959,NORMAL,-3.6126413345336914,0.026271665803151385,0.02935138029279228
d:\Pneum Det\archive\chest_xray\chest_xray\train\NORMAL\NORMAL2-IM-0967-0001.jpeg,normal:im-0967,NORMAL,-2.919700860977173,0.051188227548619174,0.055853246825176006
d:\Pneum Det\archive\chest_xray\chest_xray\train\NORMAL\NORMAL2-IM-0975-0001.jpeg,normal:im-0975,NORMAL,-6.314962863922119,0.0018057662491159374,0.0022031530552633133
d:\Pneum Det\archive\chest_xray\chest_xray\train\NORMAL\NORMAL2-IM-0987-0001.jpeg,normal:im-0987,NORMAL,-5.268139362335205,0.005126770654995171,0.006048519788832938
d:\Pneum Det\archive\chest_xray\chest_xray\train\NORMAL\NORMAL2-IM-0989-0001.jpeg,normal:im-0989,NORMAL,-5.249560356140137,0.005222409206287349,0.0061576574231143695
d:\Pneum Det\archive\chest_xray\chest_xray\train\NORMAL\NORMAL2-IM-0995-0001-0001.jpeg,normal:im-0995-0001,NORMAL,-4.49876594543457,0.01100036024640056,0.012657299311729693
d:\Pneum Det\archive\chest_xray\chest_xray\train\NORMAL\NORMAL2-IM-0995-0001-0002.jpeg,normal:im-0995-0001,NORMAL,-4.701180934906006,0.009002756586235222,0.010427671989958087
d:\Pneum Det\archive\chest_xray\chest_xray\train\NORMAL\NORMAL2-IM-1001-0001.jpeg,normal:im-1001,NORMAL,-5.312380313873291,0.004905989969343409,0.0057963163019557895
d:\Pneum Det\archive\chest_xray\chest_xray\train\NORMAL\NORMAL2-IM-1005-0001.jpeg,normal:im-1005,NORMAL,-4.794973850250244,0.008203363332358672,0.009530870984503113
d:\Pneum Det\archive\chest_xray\chest_xray\train\NORMAL\NORMAL2-IM-1014-0001.jpeg,normal:im-1014,NORMAL,-5.638790607452393,0.0035445592261003204,0.004232048227658381
d:\Pneum Det\archive\chest_xray\chest_xray\train\NORMAL\NORMAL2-IM-1020-0001.jpeg,normal:im-1020,NORMAL,-5.557363986968994,0.003844101068891524,0.004577695375511297
d:\Pneum Det\archive\chest_xray\chest_xray\train\NORMAL\NORMAL2-IM-1023-0001.jpeg,normal:im-1023,NORMAL,-4.975318431854248,0.006858949302566694,0.008015777409281524
d:\Pneum Det\archive\chest_xray\chest_xray\train\NORMAL\NORMAL2-IM-1037-0001.jpeg,normal:im-1037,NORMAL,-5.403056621551514,0.004482612250606122,0.005311612590115088
d:\Pneum Det\archive\chest_xray\chest_xray\train\NORMAL\NORMAL2-IM-1039-0001.jpeg,normal:im-1039,NORMAL,-4.682774066925049,0.009168470263669806,0.010613231195268419
d:\Pneum Det\archive\chest_xray\chest_xray\train\NORMAL\NORMAL2-IM-1049-0001.jpeg,normal:im-1049,NORMAL,-5.050414562225342,0.006365892711434354,0.007457708007371695
d:\Pneum Det\archive\chest_xray\chest_xray\train\NORMAL\NORMAL2-IM-1052-0001.jpeg,normal:im-1052,NORMAL,-2.8008639812469482,0.05727750583360358,0.062241666935149105
d:\Pneum Det\archive\chest_xray\chest_xray\train\NORMAL\NORMAL2-IM-1053-0001.jpeg,normal:im-1053,NORMAL,-4.506011009216309,0.010921817253251597,0.01256991379488231
d:\Pneum Det\archive\chest_xray\chest_xray\train\NORMAL\NORMAL2-IM-1073-0001.jpeg,normal:im-1073,NORMAL,-2.082631826400757,0.11079641196566457,0.11743959191912519
d:\Pneum Det\archive\chest_xray\chest_xray\train\NORMAL\NORMAL2-IM-1088-0001.jpeg,normal:im-1088,NORMAL,-4.220544338226318,0.014477955139400507,0.01650673516434407
d:\Pneum Det\archive\chest_xray\chest_xray\train\NORMAL\NORMAL2-IM-1094-0001-0001.jpeg,normal:im-1094-0001,NORMAL,-5.010249614715576,0.006625054292217886,0.007751215723282485
d:\Pneum Det\archive\chest_xray\chest_xray\train\NORMAL\NORMAL2-IM-1094-0001-0002.jpeg,normal:im-1094-0001,NORMAL,-4.841752529144287,0.007831394016018404,0.009112581196237288
d:\Pneum Det\archive\chest_xray\chest_xray\train\NORMAL\NORMAL2-IM-1103-0001-0001.jpeg,normal:im-1103-0001,NORMAL,-5.804023265838623,0.003006333264986227,0.0036085074372828913
d:\Pneum Det\archive\chest_xray\chest_xray\train\NORMAL\NORMAL2-IM-1105-0001.jpeg,normal:im-1105,NORMAL,-4.446075916290283,0.011588614149303263,0.013311106638976933
d:\Pneum Det\archive\chest_xray\chest_xray\train\NORMAL\NORMAL2-IM-1113-0001.jpeg,normal:im-1113,NORMAL,-5.0970282554626465,0.00607772684634869,0.007130881155234857
d:\Pneum Det\archive\chest_xray\chest_xray\train\NORMAL\NORMAL2-IM-1116-0001.jpeg,normal:im-1116,NORMAL,-4.39335823059082,0.012208270656000242,0.013998576971827669
d:\Pneum Det\archive\chest_xray\chest_xray\train\NORMAL\NORMAL2-IM-1120-0001.jpeg,normal:im-1120,NORMAL,-5.674753189086914,0.003419780775550604,0.004087785445009617
d:\Pneum Det\archive\chest_xray\chest_xray\train\NORMAL\NORMAL2-IM-1127-0001.jpeg,normal:im-1127,NORMAL,-5.228628635406494,0.005332286270019034,0.006282961437698237
d:\Pneum Det\archive\chest_xray\chest_xray\train\NORMAL\NORMAL2-IM-1134-0001.jpeg,normal:im-1134,NORMAL,-4.431760311126709,0.01175374137945524,0.013494426670866496
d:\Pneum Det\archive\chest_xray\chest_xray\train\NORMAL\NORMAL2-IM-1142-0001-0001.jpeg,normal:im-1142-0001,NORMAL,-5.418153285980225,0.0044157445914203486,0.005234924204427947
d:\Pneum Det\archive\chest_xray\chest_xray\train\NORMAL\NORMAL2-IM-1142-0001-0002.jpeg,normal:im-1142-0001,NORMAL,-5.49465799331665,0.004091849391236226,0.004862905425663705
d:\Pneum Det\archive\chest_xray\chest_xray\train\NORMAL\NORMAL2-IM-1151-0001.jpeg,normal:im-1151,NORMAL,-5.197591781616211,0.005499454279553119,0.006473436148399583
d:\Pneum Det\archive\chest_xray\chest_xray\train\NORMAL\NORMAL2-IM-1152-0001.jpeg,normal:im-1152,NORMAL,-5.2577595710754395,0.005179985514074136,0.0061092540218884335
d:\Pneum Det\archive\chest_xray\chest_xray\train\NORMAL\NORMAL2-IM-1161-0001.jpeg,normal:im-1161,NORMAL,-6.177414417266846,0.0020714880735955288,0.0025162835562821417
d:\Pneum Det\archive\chest_xray\chest_xray\train\NORMAL\NORMAL2-IM-1163-0001.jpeg,normal:im-1163,NORMAL,-4.760299205780029,0.008490343689811107,0.009853147779389627
d:\Pneum Det\archive\chest_xray\chest_xray\train\NORMAL\NORMAL2-IM-1170-0001.jpeg,normal:im-1170,NORMAL,-5.4046311378479,0.004475591421705112,0.005303562410178955
d:\Pneum Det\archive\chest_xray\chest_xray\train\NORMAL\NORMAL2-IM-1174-0001.jpeg,normal:im-1174,NORMAL,-5.28539514541626,0.005039505122656702,0.005948878047837566
d:\Pneum Det\archive\chest_xray\chest_xray\train\NORMAL\NORMAL2-IM-1181-0001.jpeg,normal:im-1181,NORMAL,-5.621766567230225,0.0036051991007153045,0.004302096649015018
d:\Pneum Det\archive\chest_xray\chest_xray\train\NORMAL\NORMAL2-IM-1185-0001.jpeg,normal:im-1185,NORMAL,-5.699207782745361,0.003337441425402833,0.003992494596737877
d:\Pneum Det\archive\chest_xray\chest_xray\train\NORMAL\NORMAL2-IM-1196-0001.jpeg,normal:im-1196,NORMAL,-4.385887622833252,0.012298689498945612,0.014098788512305473
d:\Pneum Det\archive\chest_xray\chest_xray\train\NORMAL\NORMAL2-IM-1197-0001.jpeg,normal:im-1197,NORMAL,-5.21497106552124,0.005405215586781464,0.006366082684041274
d:\Pneum Det\archive\chest_xray\chest_xray\train\NORMAL\NORMAL2-IM-1214-0001.jpeg,normal:im-1214,NORMAL,0.35948601365089417,0.5889160067656485,0.5861665809932435
d:\Pneum Det\archive\chest_xray\chest_xray\train\NORMAL\NORMAL2-IM-1219-0001.jpeg,normal:im-1219,NORMAL,-4.312644004821777,0.013220942912159216,0.015119496238881173
d:\Pneum Det\archive\chest_xray\chest_xray\train\NORMAL\NORMAL2-IM-1225-0001.jpeg,normal:im-1225,NORMAL,-4.527070045471191,0.010696653754050447,0.012319280451140174
d:\Pneum Det\archive\chest_xray\chest_xray\train\NORMAL\NORMAL2-IM-1237-0001.jpeg,normal:im-1237,NORMAL,-6.517575740814209,0.0014750669553664157,0.0018113344033761163
d:\Pneum Det\archive\chest_xray\chest_xray\train\NORMAL\NORMAL2-IM-1240-0001.jpeg,normal:im-1240,NORMAL,-5.203979015350342,0.005464631261701889,0.006433774155163761
d:\Pneum Det\archive\chest_xray\chest_xray\train\NORMAL\NORMAL2-IM-1250-0001.jpeg,normal:im-1250,NORMAL,-1.6899229288101196,0.155785976003844,0.1629298283276349
d:\Pneum Det\archive\chest_xray\chest_xray\train\NORMAL\NORMAL2-IM-1258-0001.jpeg,normal:im-1258,NORMAL,-2.0584182739257812,0.11320452125736917,0.11989194781379396
d:\Pneum Det\archive\chest_xray\chest_xray\train\NORMAL\NORMAL2-IM-1264-0001.jpeg,normal:im-1264,NORMAL,-0.6913182139396667,0.3337398941777647,0.33860882176776563
d:\Pneum Det\archive\chest_xray\chest_xray\train\NORMAL\NORMAL2-IM-1271-0001.jpeg,normal:im-1271,NORMAL,-3.7605955600738525,0.02274070423234526,0.025533229787542175
d:\Pneum Det\archive\chest_xray\chest_xray\train\NORMAL\NORMAL2-IM-1274-0001.jpeg,normal:im-1274,NORMAL,-5.7947163581848145,0.003034358241373406,0.0036410596137460387
d:\Pneum Det\archive\chest_xray\chest_xray\train\NORMAL\NORMAL2-IM-1277-0001-0001.jpeg,normal:im-1277-0001,NORMAL,-4.4421000480651855,0.011634243554739517,0.01336177221624347
d:\Pneum Det\archive\chest_xray\chest_xray\train\NORMAL\NORMAL2-IM-1277-0001-0002.jpeg,normal:im-1277-0001,NORMAL,-5.4774956703186035,0.004162386283012667,0.004944002668880987
d:\Pneum Det\archive\chest_xray\chest_xray\train\NORMAL\NORMAL2-IM-1285-0001.jpeg,normal:im-1285,NORMAL,-6.257511615753174,0.0019123435678741665,0.0023289128251692743
d:\Pneum Det\archive\chest_xray\chest_xray\train\NORMAL\NORMAL2-IM-1287-0001.jpeg,normal:im-1287,NORMAL,-2.1853621006011963,0.10107270027997602,0.10751386007361242
d:\Pneum Det\archive\chest_xray\chest_xray\train\NORMAL\NORMAL2-IM-1289-0001.jpeg,normal:im-1289,NORMAL,-4.989255428314209,0.006764661377164567,0.007909164142930948
d:\Pneum Det\archive\chest_xray\chest_xray\train\NORMAL\NORMAL2-IM-1303-0001.jpeg,normal:im-1303,NORMAL,-5.362919807434082,0.0046653330349536535,0.005520978191329711
d:\Pneum Det\archive\chest_xray\chest_xray\train\NORMAL\NORMAL2-IM-1307-0001.jpeg,normal:im-1307,NORMAL,-5.218946933746338,0.005383883299103156,0.006341773073600537
d:\Pneum Det\archive\chest_xray\chest_xray\train\NORMAL\NORMAL2-IM-1317-0001.jpeg,normal:im-1317,NORMAL,-4.834950923919678,0.007884420221783504,0.009172251006623488
d:\Pneum Det\archive\chest_xray\chest_xray\train\NORMAL\NORMAL2-IM-1318-0001.jpeg,normal:im-1318,NORMAL,-4.506333827972412,0.010918330544103898,0.012566034044551422
d:\Pneum Det\archive\chest_xray\chest_xray\train\NORMAL\NORMAL2-IM-1322-0001.jpeg,normal:im-1322,NORMAL,-5.235738277435303,0.005294710084221887,0.0062401192268580685
d:\Pneum Det\archive\chest_xray\chest_xray\train\NORMAL\NORMAL2-IM-1330-0001.jpeg,normal:im-1330,NORMAL,-3.9039642810821533,0.019763360241595335,0.02229700367416413
d:\Pneum Det\archive\chest_xray\chest_xray\train\NORMAL\NORMAL2-IM-1345-0001.jpeg,normal:im-1345,NORMAL,-5.26485538482666,0.005143547789509247,0.00606766981729692
d:\Pneum Det\archive\chest_xray\chest_xray\train\NORMAL\NORMAL2-IM-1346-0001.jpeg,normal:im-1346,NORMAL,-4.969911098480225,0.006895881932790706,0.008057524426448248
d:\Pneum Det\archive\chest_xray\chest_xray\train\NORMAL\NORMAL2-IM-1351-0001.jpeg,normal:im-1351,NORMAL,-5.821063041687012,0.0029556901310763364,0.003549658144135502
d:\Pneum Det\archive\chest_xray\chest_xray\train\NORMAL\NORMAL2-IM-1412-0001.jpeg,normal:im-1412,NORMAL,-1.2333341836929321,0.22559839842466659,0.23247119725964385
d:\Pneum Det\archive\chest_xray\chest_xray\train\NORMAL\NORMAL2-IM-1419-0001.jpeg,normal:im-1419,NORMAL,0.9855459332466125,0.7282072636239385,0.72200756513836
d:\Pneum Det\archive\chest_xray\chest_xray\train\NORMAL\NORMAL2-IM-1422-0001.jpeg,normal:im-1422,NORMAL,-3.7583186626434326,0.02279136003376426,0.025588151393200052
d:\Pneum Det\archive\chest_xray\chest_xray\train\PNEUMONIA\person1001_bacteria_2932.jpeg,person1001,PNEUMONIA,-0.42220744490623474,0.395988648807724,0.39918012803453123
d:\Pneum Det\archive\chest_xray\chest_xray\train\PNEUMONIA\person1009_virus_1694.jpeg,person1009,PNEUMONIA,2.9680306911468506,0.9511087837452911,0.9465642309673155
d:\Pneum Det\archive\chest_xray\chest_xray\train\PNEUMONIA\person100_virus_184.jpeg,person100,PNEUMONIA,3.5731565952301025,0.9726991392834863,0.9695393793483137
d:\Pneum Det\archive\chest_xray\chest_xray\train\PNEUMONIA\person1015_virus_1701.jpeg,person1015,PNEUMONIA,2.9285991191864014,0.9492422210945582,0.9445994461458129
d:\Pneum Det\archive\chest_xray\chest_xray\train\PNEUMONIA\person1015_virus_1702.jpeg,person1015,PNEUMONIA,3.753934383392334,0.9771107891076733,0.9743057701358747
d:\Pneum Det\archive\chest_xray\chest_xray\train\PNEUMONIA\person1019_bacteria_2950.jpeg,person1019,PNEUMONIA,4.1326584815979,0.984213046008911,0.9820531383101684
d:\Pneum Det\archive\chest_xray\chest_xray\train\PNEUMONIA\person1019_virus_1707.jpeg,person1019,PNEUMONIA,4.0038580894470215,0.9820818077646631,0.9797172801273448
d:\Pneum Det\archive\chest_xray\chest_xray\train\PNEUMONIA\person1019_virus_1708.jpeg,person1019,PNEUMONIA,4.2914557456970215,0.9864997616858282,0.9845718895259906
d:\Pneum Det\archive\chest_xray\chest_xray\train\PNEUMONIA\person1026_bacteria_2957.jpeg,person1026,PNEUMONIA,3.260450601577759,0.963046829893348,0.9592051646520717
d:\Pneum Det\archive\chest_xray\chest_xray\train\PNEUMONIA\person1026_virus_1718.jpeg,person1026,PNEUMONIA,3.5540401935577393,0.972186879892271,0.9689878583657509
d:\Pneum Det\archive\chest_xray\chest_xray\train\PNEUMONIA\person1031_bacteria_2963.jpeg,person1031,PNEUMONIA,3.595179319381714,0.9732779157311778,0.9701629763399993
d:\Pneum Det\archive\chest_xray\chest_xray\train\PNEUMONIA\person1031_bacteria_2964.jpeg,person1031,PNEUMONIA,4.512096881866455,0.9891437302732979,0.9875030297634572
d:\Pneum Det\archive\chest_xray\chest_xray\train\PNEUMONIA\person1031_virus_1723.jpeg,person1031,PNEUMONIA,1.215163230895996,0.7712112480179671,0.7643741451325675
d:\Pneum Det\archive\chest_xray\chest_xray\train\PNEUMONIA\person1034_bacteria_2968.jpeg,person1034,PNEUMONIA,4.200100898742676,0.9852274368926761,0.9831687593918211
d:\Pneum Det\archive\chest_xray\chest_xray\train\PNEUMONIA\person1034_virus_1728.jpeg,person1034,PNEUMONIA,1.3603267669677734,0.795812800777269,0.7887478625431896
d:\Pneum Det\archive\chest_xray\chest_xray\train\PNEUMONIA\person1042_virus_1737.jpeg,person1042,PNEUMONIA,3.5785434246063232,0.9728418256842661,0.9696930696549456
d:\Pneum Det\archive\chest_xray\chest_xray\train\PNEUMONIA\person1043_bacteria_2977.jpeg,person1043,PNEUMONIA,2.270399808883667,0.9063957140688221,0.9001367637114208
d:\Pneum Det\archive\chest_xray\chest_xray\train\PNEUMONIA\person1043_virus_1738.jpeg,person1043,PNEUMONIA,-0.31529369950294495,0.4218231355761552,0.42425188769385125
d:\Pneum Det\archive\chest_xray\chest_xray\train\PNEUMONIA\person1046_bacteria_2980.jpeg,person1046,PNEUMONIA,3.2510926723480225,0.9627123564533197,0.9588490604213512
d:\Pneum Det\archive\chest_xray\chest_xray\train\PNEUMONIA\person1046_virus_1742.jpeg,person1046,PNEUMONIA,4.829977035522461,0.9920765773622681,0.99078386866832
d:\Pneum Det\archive\chest_xray\chest_xray\train\PNEUMONIA\person104_virus_191.jpeg,person104,PNEUMONIA,-3.8931643962860107,0.019973672665256896,0.02252615187318205
d:\Pneum Det\archive\chest_xray\chest_xray\train\PNEUMONIA\person1050_bacteria_2984.jpeg,person1050,PNEUMONIA,4.812708854675293,0.991939678510102,0.9906299059125124
d:\Pneum Det\archive\chest_xray\chest_xray\train\PNEUMONIA\person1060_virus_1760.jpeg,person1060,PNEUMONIA,2.479705572128296,0.9227068021871198,0.9169374324682615
d:\Pneum Det\archive\chest_xray\chest_xray\train\PNEUMONIA\person1066_bacteria_3000.jpeg,person1066,PNEUMONIA,3.1697165966033936,0.959678619550783,0.9556245660264515
d:\Pneum Det\archive\chest_xray\chest_xray\train\PNEUMONIA\person1066_virus_1769.jpeg,person1066,PNEUMONIA,2.4697468280792236,0.9219935583275799,0.9161999211967522
d:\Pneum Det\archive\chest_xray\chest_xray\train\PNEUMONIA\person1067_bacteria_3001.jpeg,person1067,PNEUMONIA,3.501659870147705,0.9707349606929997,0.9674266805610757
d:\Pneum Det\archive\chest_xray\chest_xray\train\PNEUMONIA\person1067_virus_1770.jpeg,person1067,PNEUMONIA,4.271537780761719,0.9862319079192287,0.9842761273999652
d:\Pneum Det\archive\chest_xray\chest_xray\train\PNEUMONIA\person1074_bacteria_3012.jpeg,person1074,PNEUMONIA,3.0010833740234375,0.9526230460518236,0.9481603337934246
d:\Pneum Det\archive\chest_xray\chest_xray\train\PNEUMONIA\person1074_bacteria_3014.jpeg,person1074,PNEUMONIA,4.482483386993408,0.9888210782726476,0.98714411615365
d:\Pneum Det\archive\chest_xray\chest_xray\train\PNEUMONIA\person107_virus_197.jpeg,person107,PNEUMONIA,3.234245538711548,0.962102853370829,0.9582004523351749
d:\Pneum Det\archive\chest_xray\chest_xray\train\PNEUMONIA\person1080_bacteria_3020.jpeg,person1080,PNEUMONIA,2.688551664352417,0.9363477144209701,0.931099320770063
d:\Pneum Det\archive\chest_xray\chest_xray\train\PNEUMONIA\person1080_virus_1791.jpeg,person1080,PNEUMONIA,4.058988094329834,0.9830265887753185,0.9807514784033903
d:\Pneum Det\archive\chest_xray\chest_xray\train\PNEUMONIA\person1083_bacteria_3023.jpeg,person1083,PNEUMONIA,4.438098430633545,0.9883196522571462,0.9865870419987915
d:\Pneum Det\archive\chest_xray\chest_xray\train\PNEUMONIA\person1083_virus_1795.jpeg,person1083,PNEUMONIA,3.6282877922058105,0.9741256405046658,0.9710772517965368
d:\Pneum Det\archive\chest_xray\chest_xray\train\PNEUMONIA\person1084_bacteria_3024.jpeg,person1084,PNEUMONIA,2.970665216445923,0.9512311459580992,0.9466931337522747
d:\Pneum Det\archive\chest_xray\chest_xray\train\PNEUMONIA\person1084_virus_1796.jpeg,person1084,PNEUMONIA,2.4205400943756104,0.9183802380689913,0.9124678659917672
d:\Pneum Det\archive\chest_xray\chest_xray\train\PNEUMONIA\person1095_virus_1815.jpeg,person1095,PNEUMONIA,1.7850865125656128,0.8563238114993061,0.8492522672042131
d:\Pneum Det\archive\chest_xray\chest_xray\train\PNEUMONIA\person1098_bacteria_3039.jpeg,person1098,PNEUMONIA,-3.7534067630767822,0.022901014247312272,0.025707024566519826
d:\Pneum Det\archive\chest_xray\chest_xray\train\PNEUMONIA\person1098_virus_1818.jpeg,person1098,PNEUMONIA,3.9992787837982178,0.9820010469786242,0.9796289673908637
d:\Pneum Det\archive\chest_xray\chest_xray\train\PNEUMONIA\person1106_virus_1829.jpeg,person1106,PNEUMONIA,2.4198954105377197,0.9183319008371015,0.912417987161454
d:\Pneum Det\archive\chest_xray\chest_xray\train\PNEUMONIA\person1107_bacteria_3048.jpeg,person1107,PNEUMONIA,3.0063915252685547,0.9528620407733938,0.9484124260288146
d:\Pneum Det\archive\chest_xray\chest_xray\train\PNEUMONIA\person1107_virus_1831.jpeg,person1107,PNEUMONIA,3.4076638221740723,0.9679431920457949,0.9644328110134701
d:\Pneum Det\archive\chest_xray\chest_xray\train\PNEUMONIA\person1107_virus_1832.jpeg,person1107,PNEUMONIA,2.9906961917877197,0.9521520376139598,0.9476636580967334
d:\Pneum Det\archive\chest_xray\chest_xray\train\PNEUMONIA\person1110_bacteria_3051.jpeg,person1110,PNEUMONIA,2.057049036026001,0.8866579491501086,0.8799680623985083
d:\Pneum Det\archive\chest_xray\chest_xray\train\PNEUMONIA\person1110_virus_1835.jpeg,person1110,PNEUMONIA,3.50262188911438,0.9707622779290399,0.9674560264411719
d:\Pneum Det\archive\chest_xray\chest_xray\train\PNEUMONIA\person1121_virus_1846.jpeg,person1121,PNEUMONIA,2.6610825061798096,0.9346907781057956,0.9293730025538743
d:\Pneum Det\archive\chest_xray\chest_xray\train\PNEUMONIA\person1128_bacteria_3069.jpeg,person1128,PNEUMONIA,2.9975662231445312,0.9524640557285091,0.9479926579275137
d:\Pneum Det\archive\chest_xray\chest_xray\train\PNEUMONIA\person1136_bacteria_3078.jpeg,person1136,PNEUMONIA,1.8003488779067993,0.858191398470708,0.8511347797718014
d:\Pneum Det\archive\chest_xray\chest_xray\train\PNEUMONIA\person1137_virus_1876.jpeg,person1137,PNEUMONIA,-2.2711334228515625,0.09354206282463982,0.0997993907128277
d:\Pneum Det\archive\chest_xray\chest_xray\train\PNEUMONIA\person1138_bacteria_3080.jpeg,person1138,PNEUMONIA,3.9400384426116943,0.9809235220579475,0.9784520116972093
d:\Pneum Det\archive\chest_xray\chest_xray\train\PNEUMONIA\person1138_virus_1877.jpeg,person1138,PNEUMONIA,-3.572683572769165,0.027313424884775464,0.030474152338061795
d:\Pneum Det\archive\chest_xray\chest_xray\train\PNEUMONIA\person1138_virus_1879.jpeg,person1138,PNEUMONIA,2.8830373287200928,0.9470015131923893,0.9422445721347072
d:\Pneum Det\archive\chest_xray\chest_xray\train\PNEUMONIA\person113_virus_215.jpeg,person113,PNEUMONIA,2.999980926513672,0.9525732651385934,0.9481078310191353
d:\Pneum Det\archive\chest_xray\chest_xray\train\PNEUMONIA\person113_virus_216.jpeg,person113,PNEUMONIA,3.7868118286132812,0.9778346825356536,0.9750909257514595
d:\Pneum Det\archive\chest_xray\chest_xray\train\PNEUMONIA\person1144_bacteria_3089.jpeg,person1144,PNEUMONIA,2.9618399143218994,0.9508201019829499,0.9462601684770758
d:\Pneum Det\archive\chest_xray\chest_xray\train\PNEUMONIA\person1146_bacteria_3091.jpeg,person1146,PNEUMONIA,4.287330150604248,0.9864447066622344,0.984511081574899
d:\Pneum Det\archive\chest_xray\chest_xray\train\PNEUMONIA\person1156_bacteria_3101.jpeg,person1156,PNEUMONIA,3.5189197063446045,0.9712213247314406,0.9679493164925709
d:\Pneum Det\archive\chest_xray\chest_xray\train\PNEUMONIA\person1156_virus_1935.jpeg,person1156,PNEUMONIA,-0.4522601068019867,0.38882353997379715,0.3922208265790841
d:\Pneum Det\archive\chest_xray\chest_xray\train\PNEUMONIA\person1156_virus_1936.jpeg,person1156,PNEUMONIA,-2.2333176136016846,0.09679819939478157,0.10313808091256273
d:\Pneum Det\archive\chest_xray\chest_xray\train\PNEUMONIA\person1159_bacteria_3104.jpeg,person1159,PNEUMONIA,2.5794434547424316,0.9295268203721219,0.9240039657521438
d:\Pneum Det\archive\chest_xray\chest_xray\train\PNEUMONIA\person1159_virus_1944.jpeg,person1159,PNEUMONIA,2.7094671726226807,0.9375829742233458,0.9323874811022211
d:\Pneum Det\archive\chest_xray\chest_xray\train\PNEUMONIA\person1159_virus_1945.jpeg,person1159,PNEUMONIA,2.7094671726226807,0.9375829742233458,0.9323874811022211
d:\Pneum Det\archive\chest_xray\chest_xray\train\PNEUMONIA\person1159_virus_1946.jpeg,person1159,PNEUMONIA,4.3232855796813965,0.9869171719138297,0.9850332008298073
d:\Pneum Det\archive\chest_xray\chest_xray\train\PNEUMONIA\person1162_bacteria_3107.jpeg,person1162,PNEUMONIA,1.2597181797027588,0.7789775901701776,0.7720566823625424
d:\Pneum Det\archive\chest_xray\chest_xray\train\PNEUMONIA\person1162_virus_1949.jpeg,person1162,PNEUMONIA,1.8977229595184326,0.8696335924701277,0.8626918722982309
d:\Pneum Det\archive\chest_xray\chest_xray\train\PNEUMONIA\person1162_virus_1950.jpeg,person1162,PNEUMONIA,1.1157108545303345,0.7531922575686851,0.7465883236597735
d:\Pneum Det\archive\chest_xray\chest_xray\train\PNEUMONIA\person1169_virus_1968.jpeg,person1169,PNEUMONIA,1.2231760025024414,0.7726219838748154,0.7657688811482163
d:\Pneum Det\archive\chest_xray\chest_xray\train\PNEUMONIA\person1172_bacteria_3119.jpeg,person1172,PNEUMONIA,2.608721971511841,0.9314208058125815,0.9259712517471688
d:\Pneum Det\archive\chest_xray\chest_xray\train\PNEUMONIA\person1172_virus_1977.jpeg,person1172,PNEUMONIA,2.360758066177368,0.9137855458476496,0.9077319848258055
d:\Pneum Det\archive\chest_xray\chest_xray\train\PNEUMONIA\person1181_bacteria_3129.jpeg,person1181,PNEUMONIA,-2.196730136871338,0.1000445084436428,0.10646202650875902
d:\Pneum Det\archive\chest_xray\chest_xray\train\PNEUMONIA\person1181_virus_2016.jpeg,person1181,PNEUMONIA,2.7499024868011475,0.9399078424104687,0.9348147084806998
d:\Pneum Det\archive\chest_xray\chest_xray\train\PNEUMONIA\person1188_bacteria_3137.jpeg,person1188,PNEUMONIA,3.8731462955474854,0.9796306899634464,0.9770430115258782
d:\Pneum Det\archive\chest_xray\chest_xray\train\PNEUMONIA\person1188_virus_2024.jpeg,person1188,PNEUMONIA,2.2196662425994873,0.9020016972968311,0.8956325799560073
d:\Pneum Det\archive\chest_xray\chest_xray\train\PNEUMONIA\person1192_bacteria_3141.jpeg,person1192,PNEUMONIA,0.052703578025102615,0.5131728454990884,0.51275728871108
d:\Pneum Det\archive\chest_xray\chest_xray\train\PNEUMONIA\person1198_bacteria_3148.jpeg,person1198,PNEUMONIA,4.702060699462891,0.991005089025823,0.9895811160650991
d:\Pneum Det\archive\chest_xray\chest_xray\train\PNEUMONIA\person1201_bacteria_3151.jpeg,person1201,PNEUMONIA,4.179920196533203,0.9849308257846712,0.9828422771478681
d:\Pneum Det\archive\chest_xray\chest_xray\train\PNEUMONIA\person1204_bacteria_3156.jpeg,person1204,PNEUMONIA,4.223110198974609,0.9855586098722025,0.983533556621595
d:\Pneum Det\archive\chest_xray\chest_xray\train\PNEUMONIA\person1207_bacteria_3159.jpeg,person1207,PNEUMONIA,4.508631229400635,0.9891064515145506,0.9874615428153127
d:\Pneum Det\archive\chest_xray\chest_xray\train\PNEUMONIA\person1212_bacteria_3164.jpeg,person1212,PNEUMONIA,3.4231209754943848,0.9684193610246825,0.9649427364188987
d:\Pneum Det\archive\chest_xray\chest_xray\train\PNEUMONIA\person1212_virus_2057.jpeg,person1212,PNEUMONIA,3.1562845706939697,0.9591556384565015,0.9550696599735227
d:\Pneum Det\archive\chest_xray\chest_xray\train\PNEUMONIA\person1220_bacteria_3173.jpeg,person1220,PNEUMONIA,2.6432197093963623,0.9335918591772681,0.9282290454179397
d:\Pneum Det\archive\chest_xray\chest_xray\train\PNEUMONIA\person1220_bacteria_3174.jpeg,person1220,PNEUMONIA,3.1966712474823,0.9607088180186312,0.9567184643394162
d:\Pneum Det\archive\chest_xray\chest_xray\train\PNEUMONIA\person1220_virus_2068.jpeg,person1220,PNEUMONIA,1.9979157447814941,0.8805780708076404,0.8737864547293153
d:\Pneum Det\archive\chest_xray\chest_xray\train\PNEUMONIA\person1222_bacteria_3177.jpeg,person1222,PNEUMONIA,4.478698253631592,0.9887791600754946,0.9870975133590929
d:\Pneum Det\archive\chest_xray\chest_xray\train\PNEUMONIA\person1222_virus_2071.jpeg,person1222,PNEUMONIA,3.7042486667633057,0.9759728110574407,0.9730733018107971
d:\Pneum Det\archive\chest_xray\chest_xray\train\PNEUMONIA\person1236_bacteria_3192.jpeg,person1236,PNEUMONIA,4.24557638168335,0.9858749037327712,0.983882238050896
d:\Pneum Det\archive\chest_xray\chest_xray\train\PNEUMONIA\person1236_virus_2096.jpeg,person1236,PNEUMONIA,1.4828819036483765,0.8150074806579616,0.8078471262854766
d:\Pneum Det\archive\chest_xray\chest_xray\train\PNEUMONIA\person1240_bacteria_3196.jpeg,person1240,PNEUMONIA,5.1189398765563965,0.9940532142463201,0.9930177971317687
d:\Pneum Det\archive\chest_xray\chest_xray\train\PNEUMONIA\person1242_bacteria_3198.jpeg,person1242,PNEUMONIA,0.6930494904518127,0.6666449574003023,0.66176656420745
d:\Pneum Det\archive\chest_xray\chest_xray\train\PNEUMONIA\person1242_virus_2108.jpeg,person1242,PNEUMONIA,2.6928517818450928,0.9366035239322797,0.9313660021991823
d:\Pneum Det\archive\chest_xray\chest_xray\train\PNEUMONIA\person1242_virus_2109.jpeg,person1242,PNEUMONIA,4.437117099761963,0.988308318424501,0.9865744600236794
d:\Pneum Det\archive\chest_xray\chest_xray\train\PNEUMONIA\person1248_bacteria_3204.jpeg,person1248,PNEUMONIA,3.666264295578003,0.9750657925784751,0.9720925015990367
d:\Pneum Det\archive\chest_xray\chest_xray\train\PNEUMONIA\person1248_virus_2117.jpeg,person1248,PNEUMONIA,0.9031974673271179,0.7116061396795866,0.7057211084056005
d:\Pneum Det\archive\chest_xray\chest_xray\train\PNEUMONIA\person1253_bacteria_3211.jpeg,person1253,PNEUMONIA,2.889324903488159,0.9473161988734934,0.9425750503849453
d:\Pneum Det\archive\chest_xray\chest_xray\train\PNEUMONIA\person1253_virus_2129.jpeg,person1253,PNEUMONIA,2.7510643005371094,0.9399734293885786,0.9348832370610304
d:\Pneum Det\archive\chest_xray\chest_xray\train\PNEUMONIA\person1257_bacteria_3215.jpeg,person1257,PNEUMONIA,2.4517691135406494,0.9206907264504405,0.9148534747569323
d:\Pneum Det\archive\chest_xray\chest_xray\train\PNEUMONIA\person125_virus_254.jpeg,person125,PNEUMONIA,3.5079925060272217,0.9709143267040075,0.9676193853929047
d:\Pneum Det\archive\chest_xray\chest_xray\train\PNEUMONIA\person1262_bacteria_3220.jpeg,person1262,PNEUMONIA,3.0341484546661377,0.9540932152558007,0.9497118680099561
d:\Pneum Det\archive\chest_xray\chest_xray\train\PNEUMONIA\person1266_bacteria_3224.jpeg,person1266,PNEUMONIA,3.7580158710479736,0.9772018952433538,0.9744045362353452
d:\Pneum Det\archive\chest_xray\chest_xray\train\PNEUMONIA\person1266_bacteria_3225.jpeg,person1266,PNEUMONIA,3.8931257724761963,0.9800255712702672,0.9774730245055286
d:\Pneum Det\archive\chest_xray\chest_xray\train\PNEUMONIA\person1266_virus_2158.jpeg,person1266,PNEUMONIA,1.3009530305862427,0.7859953328366651,0.7790079359659143
d:\Pneum Det\archive\chest_xray\chest_xray\train\PNEUMONIA\person1274_bacteria_3235.jpeg,person1274,PNEUMONIA,2.9512856006622314,0.9503242143567128,0.9457380235180735
d:\Pneum Det\archive\chest_xray\chest_xray\train\PNEUMONIA\person1274_bacteria_3236.jpeg,person1274,PNEUMONIA,4.653746604919434,0.9905640400851305,0.9890874854656779
d:\Pneum Det\archive\chest_xray\chest_xray\train\PNEUMONIA\person1274_virus_2193.jpeg,person1274,PNEUMONIA,3.788275718688965,0.977866388728756,0.9751253362707227
d:\Pneum Det\archive\chest_xray\chest_xray\train\PNEUMONIA\person1277_bacteria_3240.jpeg,person1277,PNEUMONIA,4.110169887542725,0.9838597926104656,0.9816652340284039
d:\Pneum Det\archive\chest_xray\chest_xray\train\PNEUMONIA\person1282_bacteria_3245.jpeg,person1282,PNEUMONIA,3.6100800037384033,0.9736627320376313,0.9705778681714675
d:\Pneum Det\archive\chest_xray\chest_xray\train\PNEUMONIA\person1289_bacteria_3252.jpeg,person1289,PNEUMONIA,3.3293721675872803,0.9654228177858246,0.9617384064616936
d:\Pneum Det\archive\chest_xray\chest_xray\train\PNEUMONIA\person1291_virus_2217.jpeg,person1291,PNEUMONIA,1.6198817491531372,0.8347788209268062,0.8276064285441448
d:\Pneum Det\archive\chest_xray\chest_xray\train\PNEUMONIA\person1302_bacteria_3266.jpeg,person1302,PNEUMONIA,4.20676851272583,0.9853241662690104,0.9832752798034776
d:\Pneum Det\archive\chest_xray\chest_xray\train\PNEUMONIA\person1304_bacteria_3269.jpeg,person1304,PNEUMONIA,3.3770878314971924,0.9669807489750079,0.9634030026098002
d:\Pneum Det\archive\chest_xray\chest_xray\train\PNEUMONIA\person1305_bacteria_3271.jpeg,person1305,PNEUMONIA,3.7276248931884766,0.9765149243535498,0.9736601568569139
d:\Pneum Det\archive\chest_xray\chest_xray\train\PNEUMONIA\person130_virus_263.jpeg,person130,PNEUMONIA,2.358907461166382,0.9136396406824097,0.9075817701211712
d:\Pneum Det\archive\chest_xray\chest_xray\train\PNEUMONIA\person1316_bacteria_3326.jpeg,person1316,PNEUMONIA,2.8868284225463867,0.9471914647299795,0.9424440471268317
d:\Pneum Det\archive\chest_xray\chest_xray\train\PNEUMONIA\person1316_virus_2271.jpeg,person1316,PNEUMONIA,4.284067153930664,0.9864010060218465,0.9844628206150997
d:\Pneum Det\archive\chest_xray\chest_xray\train\PNEUMONIA\person1322_bacteria_3360.jpeg,person1322,PNEUMONIA,4.474942684173584,0.9887374157064589,0.9870511097869711
d:\Pneum Det\archive\chest_xray\chest_xray\train\PNEUMONIA\person1327_bacteria_3373.jpeg,person1327,PNEUMONIA,3.2487642765045166,0.9626286832771873,0.9587599950756371
d:\Pneum Det\archive\chest_xray\chest_xray\train\PNEUMONIA\person1327_bacteria_3374.jpeg,person1327,PNEUMONIA,-0.9695817828178406,0.2749638696134143,0.2811061408050057
d:\Pneum Det\archive\chest_xray\chest_xray\train\PNEUMONIA\person1329_bacteria_3377.jpeg,person1329,PNEUMONIA,3.3956305980682373,0.967567701294204,0.9640309017484886
d:\Pneum Det\archive\chest_xray\chest_xray\train\PNEUMONIA\person1331_bacteria_3380.jpeg,person1331,PNEUMONIA,2.3358821868896484,0.9118055072290712,0.9056943536720571
d:\Pneum Det\archive\chest_xray\chest_xray\train\PNEUMONIA\person1331_virus_2299.jpeg,person1331,PNEUMONIA,0.38751527667045593,0.5956844099151867,0.592735435151703
d:\Pneum Det\archive\chest_xray\chest_xray\train\PNEUMONIA\person1339_bacteria_3399.jpeg,person1339,PNEUMONIA,4.4261932373046875,0.9881814176914209,0.9864336130115295
d:\Pneum Det\archive\chest_xray\chest_xray\train\PNEUMONIA\person1339_bacteria_3402.jpeg,person1339,PNEUMONIA,4.051641464233398,0.9829035719550147,0.9806167052932505
d:\Pneum Det\archive\chest_xray\chest_xray\train\PNEUMONIA\person1345_bacteria_3422.jpeg,person1345,PNEUMONIA,-2.0888235569000244,0.11018786760676473,0.11681951273342504
d:\Pneum Det\archive\chest_xray\chest_xray\train\PNEUMONIA\person1345_bacteria_3424.jpeg,person1345,PNEUMONIA,3.8445260524749756,0.979051681538209,0.9764130313107647
d:\Pneum Det\archive\chest_xray\chest_xray\train\PNEUMONIA\person1345_bacteria_3425.jpeg,person1345,PNEUMONIA,3.0330350399017334,0.9540444237471121,0.9496603454430922
d:\Pneum Det\archive\chest_xray\chest_xray\train\PNEUMONIA\person1345_bacteria_3426.jpeg,person1345,PNEUMONIA,1.221818208694458,0.7723833620946177,0.765532941781
d:\Pneum Det\archive\chest_xray\chest_xray\train\PNEUMONIA\person1345_bacteria_3427.jpeg,person1345,PNEUMONIA,0.7866853475570679,0.6871191676906554,0.6817568267247066
d:\Pneum Det\archive\chest_xray\chest_xray\train\PNEUMONIA\person1345_bacteria_3428.jpeg,person1345,PNEUMONIA,3.2247366905212402,0.9617546241866404,0.9578300602569684
d:\Pneum Det\archive\chest_xray\chest_xray\train\PNEUMONIA\person1345_virus_2321.jpeg,person1345,PNEUMONIA,2.0672149658203125,0.8876755719010663,0.8810040589145763
d:\Pneum Det\archive\chest_xray\chest_xray\train\PNEUMONIA\person1346_bacteria_3430.jpeg,person1346,PNEUMONIA,0.9631264209747314,0.7237473298314786,0.717628768858596
d:\Pneum Det\archive\chest_xray\chest_xray\train\PNEUMONIA\person1346_virus_2322.jpeg,person1346,PNEUMONIA,0.005889725871384144,0.5014724272114454,0.5014259570860737
d:\Pneum Det\archive\chest_xray\chest_xray\train\PNEUMONIA\person134_virus_268.jpeg,person134,PNEUMONIA,2.9606101512908936,0.9507625648526227,0.9461995741924922
d:\Pneum Det\archive\chest_xray\chest_xray\train\PNEUMONIA\person1352_bacteria_3442.jpeg,person1352,PNEUMONIA,3.607672929763794,0.9736009355293624,0.9705112269463626
d:\Pneum Det\archive\chest_xray\chest_xray\train\PNEUMONIA\person1352_bacteria_3443.jpeg,person1352,PNEUMONIA,3.5075297355651855,0.97090125535808,0.9676053404868216
d:\Pneum Det\archive\chest_xray\chest_xray\train\PNEUMONIA\person1352_bacteria_3444.jpeg,person1352,PNEUMONIA,3.294578790664673,0.9642423623951177,0.9604790245639679
d:\Pneum Det\archive\chest_xray\chest_xray\train\PNEUMONIA\person1352_bacteria_3445.jpeg,person1352,PNEUMONIA,-0.2929290235042572,0.42728694531509465,0.42955080998308587
d:\Pneum Det\archive\chest_xray\chest_xray\train\PNEUMONIA\person1355_bacteria_3449.jpeg,person1355,PNEUMONIA,1.8553462028503418,0.8647535873672348,0.8577578257133495
d:\Pneum Det\archive\chest_xray\chest_xray\train\PNEUMONIA\person1355_bacteria_3452.jpeg,person1355,PNEUMONIA,1.5618886947631836,0.8266242013556757,0.8194454486580598
d:\Pneum Det\archive\chest_xray\chest_xray\train\PNEUMONIA\person1355_virus_2336.jpeg,person1355,PNEUMONIA,-1.4526264667510986,0.18959767930918012,0.1967422729526957
d:\Pneum Det\archive\chest_xray\chest_xray\train\PNEUMONIA\person1362_virus_2345.jpeg,person1362,PNEUMONIA,-1.184580683708191,0.2342295769188382,0.24100182775179807
d:\Pneum Det\archive\chest_xray\chest_xray\train\PNEUMONIA\person137_virus_281.jpeg,person137,PNEUMONIA,3.120831251144409,0.9577438821427011,0.9535730794574188
d:\Pneum Det\archive\chest_xray\chest_xray\train\PNEUMONIA\person1380_bacteria_3515.jpeg,person1380,PNEUMONIA,2.327226161956787,0.9111069366251572,0.9049759189032615
d:\Pneum Det\archive\chest_xray\chest_xray\train\PNEUMONIA\person1381_bacteria_3516.jpeg,person1381,PNEUMONIA,-0.42845556139945984,0.39449518948583956,0.3977297918705006
d:\Pneum Det\archive\chest_xray\chest_xray\train\PNEUMONIA\person1381_bacteria_3517.jpeg,person1381,PNEUMONIA,1.7634423971176147,0.8536402721192438,0.8465490876270078
d:\Pneum Det\archive\chest_xray\chest_xray\train\PNEUMONIA\person1381_virus_2375.jpeg,person1381,PNEUMONIA,3.946416139602661,0.9810424998033997,0.9785818490973995
d:\Pneum Det\archive\chest_xray\chest_xray\train\PNEUMONIA\person1388_bacteria_3529.jpeg,person1388,PNEUMONIA,-1.0799680948257446,0.25351205446784714,0.26001629235024215
d:\Pneum Det\archive\chest_xray\chest_xray\train\PNEUMONIA\person1389_bacteria_3531.jpeg,person1389,PNEUMONIA,3.0082852840423584,0.9529470278781883,0.9485020826584679
d:\Pneum Det\archive\chest_xray\chest_xray\train\PNEUMONIA\person1389_virus_2387.jpeg,person1389,PNEUMONIA,2.90505051612854,0.9480955379986092,0.9433938374429538
d:\Pneum Det\archive\chest_xray\chest_xray\train\PNEUMONIA\person1400_bacteria_3550.jpeg,person1400,PNEUMONIA,4.0394768714904785,0.9826979510848898,0.9803915107257177
d:\Pneum Det\archive\chest_xray\chest_xray\train\PNEUMONIA\person1400_bacteria_3551.jpeg,person1400,PNEUMONIA,3.4691426753997803,0.969796916853624,0.9664195878042303
d:\Pneum Det\archive\chest_xray\chest_xray\train\PNEUMONIA\person1400_bacteria_3553.jpeg,person1400,PNEUMONIA,1.5709691047668457,0.8279217179302625,0.8207428830650237
d:\Pneum Det\archive\chest_xray\chest_xray\train\PNEUMONIA\person1400_bacteria_3554.jpeg,person1400,PNEUMONIA,3.024324655532837,0.9536610146844292,0.9492555493917473
d:\Pneum Det\archive\chest_xray\chest_xray\train\PNEUMONIA\person1401_bacteria_3555.jpeg,person1401,PNEUMONIA,4.259554386138916,0.9860682393245558,0.9840955049863055
d:\Pneum Det\archive\chest_xray\chest_xray\train\PNEUMONIA\person1402_virus_2405.jpeg,person1402,PNEUMONIA,3.7472751140594482,0.9769613784282645,0.9741438283335615
d:\Pneum Det\archive\chest_xray\chest_xray\train\PNEUMONIA\person1406_bacteria_3574.jpeg,person1406,PNEUMONIA,2.5705149173736572,0.9289396935004912,0.9233945550550123
d:\Pneum Det\archive\chest_xray\chest_xray\train\PNEUMONIA\person1406_bacteria_3575.jpeg,person1406,PNEUMONIA,3.8904309272766113,0.979972750163175,0.9774154864340754
d:\Pneum Det\archive\chest_xray\chest_xray\train\PNEUMONIA\person1406_virus_2409.jpeg,person1406,PNEUMONIA,1.6389727592468262,0.8373951121301986,0.8302283006996424
d:\Pneum Det\archive\chest_xray\chest_xray\train\PNEUMONIA\person1408_bacteria_3579.jpeg,person1408,PNEUMONIA,3.115708112716675,0.9575360590641454,0.9533529338472382
d:\Pneum Det\archive\chest_xray\chest_xray\train\PNEUMONIA\person1408_bacteria_3581.jpeg,person1408,PNEUMONIA,2.930257558822632,0.9493220675752592,0.9446834354348692
d:\Pneum Det\archive\chest_xray\chest_xray\train\PNEUMONIA\person1408_virus_2411.jpeg,person1408,PNEUMONIA,2.9746711254119873,0.9514166463325279,0.9468885737732726
d:\Pneum Det\archive\chest_xray\chest_xray\train\PNEUMONIA\person1414_bacteria_3627.jpeg,person1414,PNEUMONIA,2.3826136589050293,0.9154918636540761,0.9094894875252971
d:\Pneum Det\archive\chest_xray\chest_xray\train\PNEUMONIA\person1414_bacteria_3628.jpeg,person1414,PNEUMONIA,2.3251101970672607,0.9109354131872661,0.9047995540233338
d:\Pneum Det\archive\chest_xray\chest_xray\train\PNEUMONIA\person1414_virus_2424.jpeg,person1414,PNEUMONIA,4.051117420196533,0.9828947636166913,0.9806070564967426
d:\Pneum Det\archive\chest_xray\chest_xray\train\PNEUMONIA\person1420_bacteria_3647.jpeg,person1420,PNEUMONIA,3.6948773860931396,0.9757520726382028,0.9728344845230068
d:\Pneum Det\archive\chest_xray\chest_xray\train\PNEUMONIA\person1420_virus_2431.jpeg,person1420,PNEUMONIA,2.935833215713501,0.9495896396095586,0.9449649283539749
d:\Pneum Det\archive\chest_xray\chest_xray\train\PNEUMONIA\person1426_bacteria_3667.jpeg,person1426,PNEUMONIA,3.3236746788024902,0.9652321213284945,0.9615348509791861
d:\Pneum Det\archive\chest_xray\chest_xray\train\PNEUMONIA\person1426_bacteria_3668.jpeg,person1426,PNEUMONIA,1.9252358675003052,0.8727211641384698,0.8658176548919803
d:\Pneum Det\archive\chest_xray\chest_xray\train\PNEUMONIA\person1426_virus_2439.jpeg,person1426,PNEUMONIA,1.2251168489456177,0.7729627660274668,0.7661058494161782
d:\Pneum Det\archive\chest_xray\chest_xray\train\PNEUMONIA\person142_virus_288.jpeg,person142,PNEUMONIA,1.9265507459640503,0.8728671478711205,0.8659655240681339
d:\Pneum Det\archive\chest_xray\chest_xray\train\PNEUMONIA\person1438_bacteria_3715.jpeg,person1438,PNEUMONIA,3.248400926589966,0.9626156096750267,0.9587460796553671
d:\Pneum Det\archive\chest_xray\chest_xray\train\PNEUMONIA\person1438_bacteria_3718.jpeg,person1438,PNEUMONIA,2.685020685195923,0.9361369411633241,0.9308796220744259
d:\Pneum Det\archive\chest_xray\chest_xray\train\PNEUMONIA\person1438_bacteria_3721.jpeg,person1438,PNEUMONIA,2.561228036880493,0.928324212299999,0.9227559338650885
d:\Pneum Det\archive\chest_xray\chest_xray\train\PNEUMONIA\person1438_virus_2452.jpeg,person1438,PNEUMONIA,3.135288953781128,0.9583251363305956,0.9541890207266874
d:\Pneum Det\archive\chest_xray\chest_xray\train\PNEUMONIA\person1440_bacteria_3723.jpeg,person1440,PNEUMONIA,1.9953327178955078,0.880306171705254,0.873510321428283
d:\Pneum Det\archive\chest_xray\chest_xray\train\PNEUMONIA\person1453_bacteria_3770.jpeg,person1453,PNEUMONIA,-1.3372676372528076,0.20795975372527423,0.21499708773017315
d:\Pneum Det\archive\chest_xray\chest_xray\train\PNEUMONIA\person1453_bacteria_3771.jpeg,person1453,PNEUMONIA,3.207277536392212,0.961107227163914,0.9571418015182033
d:\Pneum Det\archive\chest_xray\chest_xray\train\PNEUMONIA\person1453_bacteria_3772.jpeg,person1453,PNEUMONIA,2.182563543319702,0.8986727471527366,0.8922258036853552
d:\Pneum Det\archive\chest_xray\chest_xray\train\PNEUMONIA\person1453_virus_2485.jpeg,person1453,PNEUMONIA,3.1323258876800537,0.9582066363490674,0.9540634223668326
d:\Pneum Det\archive\chest_xray\chest_xray\train\PNEUMONIA\person1461_virus_2510.jpeg,person1461,PNEUMONIA,-5.841428279876709,0.002896278157057391,0.003480577132994493
d:\Pneum Det\archive\chest_xray\chest_xray\train\PNEUMONIA\person146_virus_296.jpeg,person146,PNEUMONIA,2.0504696369171143,0.8859950643168023,0.8792934198047233
d:\Pneum Det\archive\chest_xray\chest_xray\train\PNEUMONIA\person1470_bacteria_3829.jpeg,person1470,PNEUMONIA,3.279998540878296,0.96373623263097,0.9599395402896945
d:\Pneum Det\archive\chest_xray\chest_xray\train\PNEUMONIA\person1470_bacteria_3830.jpeg,person1470,PNEUMONIA,3.2566912174224854,0.9629128091669594,0.9590624619676892
d:\Pneum Det\archive\chest_xray\chest_xray\train\PNEUMONIA\person1476_bacteria_3842.jpeg,person1476,PNEUMONIA,2.753533124923706,0.9401125775927922,0.9350286360479603
d:\Pneum Det\archive\chest_xray\chest_xray\train\PNEUMONIA\person1476_bacteria_3843.jpeg,person1476,PNEUMONIA,2.1475818157196045,0.8954425903981373,0.8889246120547545
d:\Pneum Det\archive\chest_xray\chest_xray\train\PNEUMONIA\person1476_virus_2560.jpeg,person1476,PNEUMONIA,0.494505375623703,0.6211672078986764,0.6174877595136736
d:\Pneum Det\archive\chest_xray\chest_xray\train\PNEUMONIA\person1481_bacteria_3862.jpeg,person1481,PNEUMONIA,3.2767159938812256,0.9636213370642507,0.9598171129546996
d:\Pneum Det\archive\chest_xray\chest_xray\train\PNEUMONIA\person1481_bacteria_3863.jpeg,person1481,PNEUMONIA,3.2767159938812256,0.9636213370642507,0.9598171129546996
d:\Pneum Det\archive\chest_xray\chest_xray\train\PNEUMONIA\person1481_bacteria_3864.jpeg,person1481,PNEUMONIA,3.3663785457611084,0.9666370970748533,0.9630355723852554
d:\Pneum Det\archive\chest_xray\chest_xray\train\PNEUMONIA\person1481_bacteria_3865.jpeg,person1481,PNEUMONIA,3.3663785457611084,0.9666370970748533,0.9630355723852554
d:\Pneum Det\archive\chest_xray\chest_xray\train\PNEUMONIA\person1481_bacteria_3866.jpeg,person1481,PNEUMONIA,3.874918222427368,0.9796660176701654,0.9770814699478415
d:\Pneum Det\archive\chest_xray\chest_xray\train\PNEUMONIA\person1481_bacteria_3867.jpeg,person1481,PNEUMONIA,3.874918222427368,0.9796660176701654,0.9770814699478415
d:\Pneum Det\archive\chest_xray\chest_xray\train\PNEUMONIA\person1481_bacteria_3868.jpeg,person1481,PNEUMONIA,4.089471817016602,0.9835278003995076,0.9813009501547894
d:\Pneum Det\archive\chest_xray\chest_xray\train\PNEUMONIA\person1481_virus_2567.jpeg,person1481,PNEUMONIA,-4.188807010650635,0.014937842121717804,0.017013192695476655
d:\Pneum Det\archive\chest_xray\chest_xray\train\PNEUMONIA\person1484_bacteria_3878.jpeg,person1484,PNEUMONIA,3.7653448581695557,0.9773646032080053,0.9745809600046073
d:\Pneum Det\archive\chest_xray\chest_xray\train\PNEUMONIA\person1484_virus_2576.jpeg,person1484,PNEUMONIA,4.148332118988037,0.984454739442132,0.982318715866167
d:\Pneum Det\archive\chest_xray\chest_xray\train\PNEUMONIA\person1484_virus_2577.jpeg,person1484,PNEUMONIA,3.00376033782959,0.9527437175104041,0.9482876121292019
d:\Pneum Det\archive\chest_xray\chest_xray\train\PNEUMONIA\person1489_bacteria_3889.jpeg,person1489,PNEUMONIA,3.7472593784332275,0.976961024250594,0.9741434444964012
d:\Pneum Det\archive\chest_xray\chest_xray\train\PNEUMONIA\person1489_virus_2594.jpeg,person1489,PNEUMONIA,-3.3972299098968506,0.03238214910127934,0.03591543041452544
d:\Pneum Det\archive\chest_xray\chest_xray\train\PNEUMONIA\person1493_bacteria_3895.jpeg,person1493,PNEUMONIA,3.6293113231658936,0.9741514259611608,0.9711050786489179
d:\Pneum Det\archive\chest_xray\chest_xray\train\PNEUMONIA\person1493_bacteria_3896.jpeg,person1493,PNEUMONIA,3.2134768962860107,0.9613382987377846,0.9573874069564019
d:\Pneum Det\archive\chest_xray\chest_xray\train\PNEUMONIA\person1493_bacteria_3897.jpeg,person1493,PNEUMONIA,4.038354396820068,0.9826788556540508,0.9803706023845349
d:\Pneum Det\archive\chest_xray\chest_xray\train\PNEUMONIA\person1493_bacteria_3898.jpeg,person1493,PNEUMONIA,4.396457672119141,0.9878290497645446,0.9860427928844735
d:\Pneum Det\archive\chest_xray\chest_xray\train\PNEUMONIA\person1493_bacteria_3899.jpeg,person1493,PNEUMONIA,3.7134029865264893,0.9761865460059707,0.9733046184275644
d:\Pneum Det\archive\chest_xray\chest_xray\train\PNEUMONIA\person1501_virus_2611.jpeg,person1501,PNEUMONIA,2.5310986042022705,0.9262933945731543,0.9206503391285017
d:\Pneum Det\archive\chest_xray\chest_xray\train\PNEUMONIA\person1504_bacteria_3931.jpeg,person1504,PNEUMONIA,3.768524646759033,0.9774348431065579,0.9746571351481849
d:\Pneum Det\archive\chest_xray\chest_xray\train\PNEUMONIA\person1504_virus_2614.jpeg,person1504,PNEUMONIA,2.428853988647461,0.9190012670145189,0.9131088097176217
d:\Pneum Det\archive\chest_xray\chest_xray\train\PNEUMONIA\person1505_virus_2615.jpeg,person1505,PNEUMONIA,1.2107642889022827,0.7704341532238969,0.7636060085343959
d:\Pneum Det\archive\chest_xray\chest_xray\train\PNEUMONIA\person1512_bacteria_3958.jpeg,person1512,PNEUMONIA,3.851980447769165,0.9792040226355463,0.9765787218373793
d:\Pneum Det\archive\chest_xray\chest_xray\train\PNEUMONIA\person1512_virus_2631.jpeg,person1512,PNEUMONIA,-1.0169917345046997,0.26561378823603954,0.2719215741760828
d:\Pneum Det\archive\chest_xray\chest_xray\train\PNEUMONIA\person1513_bacteria_3962.jpeg,person1513,PNEUMONIA,2.89495587348938,0.9475965237234406,0.9428695090574284
d:\Pneum Det\archive\chest_xray\chest_xray\train\PNEUMONIA\person1513_virus_2632.jpeg,person1513,PNEUMONIA,-0.5185233354568481,0.37319759202466957,0.37703353925837696
d:\Pneum Det\archive\chest_xray\chest_xray\train\PNEUMONIA\person1520_bacteria_3971.jpeg,person1520,PNEUMONIA,4.529109477996826,0.9893249064784674,0.9877047280777197
d:\Pneum Det\archive\chest_xray\chest_xray\train\PNEUMONIA\person1520_virus_2647.jpeg,person1520,PNEUMONIA,2.754373788833618,0.9401598902356901,0.9350780771372672
d:\Pneum Det\archive\chest_xray\chest_xray\train\PNEUMONIA\person1521_virus_2649.jpeg,person1521,PNEUMONIA,1.5771045684814453,0.8287940633143352,0.821615402887191
d:\Pneum Det\archive\chest_xray\chest_xray\train\PNEUMONIA\person1529_virus_2663.jpeg,person1529,PNEUMONIA,2.816352128982544,0.943553092499908,0.938628081769569
d:\Pneum Det\archive\chest_xray\chest_xray\train\PNEUMONIA\person1534_virus_2670.jpeg,person1534,PNEUMONIA,1.8197786808013916,0.8605395683707349,0.8535032055249602
d:\Pneum Det\archive\chest_xray\chest_xray\train\PNEUMONIA\person1542_bacteria_4029.jpeg,person1542,PNEUMONIA,3.9007985591888428,0.9801752176283083,0.9776360641529401
d:\Pneum Det\archive\chest_xray\chest_xray\train\PNEUMONIA\person1542_virus_2683.jpeg,person1542,PNEUMONIA,3.484044313430786,0.9702303561826544,0.9668847852757428
d:\Pneum Det\archive\chest_xray\chest_xray\train\PNEUMONIA\person1543_virus_2684.jpeg,person1543,PNEUMONIA,0.2739899754524231,0.5680721746733314,0.5659492001391802
d:\Pneum Det\archive\chest_xray\chest_xray\train\PNEUMONIA\person1554_bacteria_4057.jpeg,person1554,PNEUMONIA,3.546603202819824,0.9719850792830738,0.96877069456791
d:\Pneum Det\archive\chest_xray\chest_xray\train\PNEUMONIA\person1554_virus_2696.jpeg,person1554,PNEUMONIA,2.7831852436065674,0.9417603939424972,0.9367515116417756
d:\Pneum Det\archive\chest_xray\chest_xray\train\PNEUMONIA\person1558_bacteria_4066.jpeg,person1558,PNEUMONIA,4.423698902130127,0.9881522510911187,0.9864012484432798
d:\Pneum Det\archive\chest_xray\chest_xray\train\PNEUMONIA\person1562_bacteria_4078.jpeg,person1562,PNEUMONIA,3.5331380367279053,0.9716160821331837,0.9683737550718025
d:\Pneum Det\archive\chest_xray\chest_xray\train\PNEUMONIA\person1562_bacteria_4081.jpeg,person1562,PNEUMONIA,3.47102689743042,0.9698520585037227,0.9664787557886055
d:\Pneum Det\archive\chest_xray\chest_xray\train\PNEUMONIA\person1562_bacteria_4087.jpeg,person1562,PNEUMONIA,3.127793550491333,0.9580247538867441,0.9538706714914794
d:\Pneum Det\archive\chest_xray\chest_xray\train\PNEUMONIA\person1562_bacteria_4089.jpeg,person1562,PNEUMONIA,2.722046136856079,0.9383150701998453,0.9331514119780349
d:\Pneum Det\archive\chest_xray\chest_xray\train\PNEUMONIA\person1563_bacteria_4092.jpeg,person1563,PNEUMONIA,3.7382020950317383,0.976756278175836,0.9739215884616116
d:\Pneum Det\archive\chest_xray\chest_xray\train\PNEUMONIA\person1571_bacteria_4108.jpeg,person1571,PNEUMONIA,3.827730178833008,0.9787044208683064,0.9760355028076018
d:\Pneum Det\archive\chest_xray\chest_xray\train\PNEUMONIA\person1571_bacteria_4110.jpeg,person1571,PNEUMONIA,2.2190797328948975,0.901949840760214,0.8955794743743489
d:\Pneum Det\archive\chest_xray\chest_xray\train\PNEUMONIA\person1571_virus_2728.jpeg,person1571,PNEUMONIA,2.1062963008880615,0.8915136413963937,0.8849150155246949
d:\Pneum Det\archive\chest_xray\chest_xray\train\PNEUMONIA\person1579_bacteria_4133.jpeg,person1579,PNEUMONIA,3.5592074394226074,0.9723262595143018,0.9691378830808061
d:\Pneum Det\archive\chest_xray\chest_xray\train\PNEUMONIA\person1584_bacteria_4146.jpeg,person1584,PNEUMONIA,3.6537868976593018,0.9747606310204279,0.9717628127060441
d:\Pneum Det\archive\chest_xray\chest_xray\train\PNEUMONIA\person1584_bacteria_4148.jpeg,person1584,PNEUMONIA,3.4746439456939697,0.9699576379887918,0.9665920557538173
d:\Pneum Det\archive\chest_xray\chest_xray\train\PNEUMONIA\person1593_virus_2767.jpeg,person1593,PNEUMONIA,0.9979312419891357,0.730651641745638,0.7244085752411715
d:\Pneum Det\archive\chest_xray\chest_xray\train\PNEUMONIA\person1604_virus_2782.jpeg,person1604,PNEUMONIA,1.4048460721969604,0.8029517610493909,0.7958423425426842
d:\Pneum Det\archive\chest_xray\chest_xray\train\PNEUMONIA\person1608_bacteria_4235.jpeg,person1608,PNEUMONIA,2.9976837635040283,0.9524693772355154,0.947998269790295
d:\Pneum Det\archive\chest_xray\chest_xray\train\PNEUMONIA\person1611_bacteria_4241.jpeg,person1611,PNEUMONIA,1.7113120555877686,0.8470063864369718,0.8398755464855653
d:\Pneum Det\archive\chest_xray\chest_xray\train\PNEUMONIA\person1615_bacteria_4249.jpeg,person1615,PNEUMONIA,2.893846273422241,0.9475413965489543,0.9428115974989535
d:\Pneum Det\archive\chest_xray\chest_xray\train\PNEUMONIA\person1620_bacteria_4272.jpeg,person1620,PNEUMONIA,3.2460734844207764,0.9625317622429517,0.9586568376377401
d:\Pneum Det\archive\chest_xray\chest_xray\train\PNEUMONIA\person1635_bacteria_4335.jpeg,person1635,PNEUMONIA,1.824995994567871,0.8611645275631832,0.8541338387394197
d:\Pneum Det\archive\chest_xray\chest_xray\train\PNEUMONIA\person1638_bacteria_4340.jpeg,person1638,PNEUMONIA,3.0123679637908936,0.9531297529584374,0.9486948687926002
d:\Pneum Det\archive\chest_xray\chest_xray\train\PNEUMONIA\person1638_bacteria_4341.jpeg,person1638,PNEUMONIA,2.0491769313812256,0.8858644257936787,0.8791604836436359
d:\Pneum Det\archive\chest_xray\chest_xray\train\PNEUMONIA\person1638_bacteria_4342.jpeg,person1638,PNEUMONIA,2.9517359733581543,0.9503454712853074,0.9457604017939875
d:\Pneum Det\archive\chest_xray\chest_xray\train\PNEUMONIA\person1646_bacteria_4368.jpeg,person1646,PNEUMONIA,3.6332342624664307,0.9742500237161102,0.9712114916645852
d:\Pneum Det\archive\chest_xray\chest_xray\train\PNEUMONIA\person1652_bacteria_4383.jpeg,person1652,PNEUMONIA,4.6233673095703125,0.9902758138983621,0.9887653247749403
d:\Pneum Det\archive\chest_xray\chest_xray\train\PNEUMONIA\person1663_bacteria_4411.jpeg,person1663,PNEUMONIA,3.80193829536438,0.978160174971058,0.9754442658821812
d:\Pneum Det\archive\chest_xray\chest_xray\train\PNEUMONIA\person1663_bacteria_4412.jpeg,person1663,PNEUMONIA,2.436164617538452,0.9195437909011565,0.9136688965907886
d:\Pneum Det\archive\chest_xray\chest_xray\train\PNEUMONIA\person1666_bacteria_4416.jpeg,person1666,PNEUMONIA,1.6235870122909546,0.8352892287411565,0.8281177874418946
d:\Pneum Det\archive\chest_xray\chest_xray\train\PNEUMONIA\person1683_bacteria_4460.jpeg,person1683,PNEUMONIA,3.598660469055176,0.9733683045108676,0.9702604095900644
d:\Pneum Det\archive\chest_xray\chest_xray\train\PNEUMONIA\person1687_bacteria_4468.jpeg,person1687,PNEUMONIA,4.186856746673584,0.9850334331586403,0.9829551921231843
d:\Pneum Det\archive\chest_xray\chest_xray\train\PNEUMONIA\person1689_bacteria_4472.jpeg,person1689,PNEUMONIA,3.537546396255493,0.9717374046348051,0.9685042434957077
d:\Pneum Det\archive\chest_xray\chest_xray\train\PNEUMONIA\person1689_bacteria_4473.jpeg,person1689,PNEUMONIA,4.3373236656188965,0.9870971935410224,0.9852323136563574
d:\Pneum Det\archive\chest_xray\chest_xray\train\PNEUMONIA\person1689_bacteria_4474.jpeg,person1689,PNEUMONIA,4.849182605743408,0.9922261275370156,0.9909521626314012
d:\Pneum Det\archive\chest_xray\chest_xray\train\PNEUMONIA\person1691_bacteria_4479.jpeg,person1691,PNEUMONIA,3.964648723602295,0.9813786340412529,0.9789488221437306
d:\Pneum Det\archive\chest_xray\chest_xray\train\PNEUMONIA\person1691_bacteria_4481.jpeg,person1691,PNEUMONIA,2.119537115097046,0.8927876312082802,0.8862144765247753
d:\Pneum Det\archive\chest_xray\chest_xray\train\PNEUMONIA\person16_bacteria_53.jpeg,person16,PNEUMONIA,0.26805761456489563,0.5666159901712078,0.5645373730787949
d:\Pneum Det\archive\chest_xray\chest_xray\train\PNEUMONIA\person16_bacteria_54.jpeg,person16,PNEUMONIA,1.0718445777893066,0.7449475452224534,0.7384671538218347
d:\Pneum Det\archive\chest_xray\chest_xray\train\PNEUMONIA\person16_bacteria_55.jpeg,person16,PNEUMONIA,0.30203959345817566,0.5749410365206835,0.5726098027012754
d:\Pneum Det\archive\chest_xray\chest_xray\train\PNEUMONIA\person1706_bacteria_4516.jpeg,person1706,PNEUMONIA,4.834262371063232,0.9921101919159565,0.9908216868518878
d:\Pneum Det\archive\chest_xray\chest_xray\train\PNEUMONIA\person1712_bacteria_4529.jpeg,person1712,PNEUMONIA,2.149854898452759,0.8956552169115546,0.8891417814966033
d:\Pneum Det\archive\chest_xray\chest_xray\train\PNEUMONIA\person1722_bacteria_4547.jpeg,person1722,PNEUMONIA,4.234713554382324,0.9857228314463661,0.9837145602210368
d:\Pneum Det\archive\chest_xray\chest_xray\train\PNEUMONIA\person1725_bacteria_4550.jpeg,person1725,PNEUMONIA,3.7134382724761963,0.9761873662625509,0.9733055063034206
d:\Pneum Det\archive\chest_xray\chest_xray\train\PNEUMONIA\person1725_bacteria_4551.jpeg,person1725,PNEUMONIA,3.895411491394043,0.9800702661898932,0.9775217149884103
d:\Pneum Det\archive\chest_xray\chest_xray\train\PNEUMONIA\person1735_bacteria_4570.jpeg,person1735,PNEUMONIA,3.4025537967681885,0.9677842524931342,0.9642626674406043
d:\Pneum Det\archive\chest_xray\chest_xray\train\PNEUMONIA\person1744_bacteria_4583.jpeg,person1744,PNEUMONIA,1.5338259935379028,0.8225654132375461,0.8153895194780276
d:\Pneum Det\archive\chest_xray\chest_xray\train\PNEUMONIA\person1753_bacteria_4594.jpeg,person1753,PNEUMONIA,4.1228179931640625,0.9840594164063121,0.9818844017801687
d:\Pneum Det\archive\chest_xray\chest_xray\train\PNEUMONIA\person1756_bacteria_4598.jpeg,person1756,PNEUMONIA,0.7000466585159302,0.6681981168806157,0.6632816552822223
d:\Pneum Det\archive\chest_xray\chest_xray\train\PNEUMONIA\person1765_bacteria_4608.jpeg,person1765,PNEUMONIA,4.253147602081299,0.9859799504189195,0.9839981014378713
d:\Pneum Det\archive\chest_xray\chest_xray\train\PNEUMONIA\person1770_bacteria_4613.jpeg,person1770,PNEUMONIA,2.713425874710083,0.9378142410685995,0.9326287653999549
d:\Pneum Det\archive\chest_xray\chest_xray\train\PNEUMONIA\person1770_bacteria_4614.jpeg,person1770,PNEUMONIA,4.2948150634765625,0.9865444279786908,0.9846212295451627
d:\Pneum Det\archive\chest_xray\chest_xray\train\PNEUMONIA\person1787_bacteria_4634.jpeg,person1787,PNEUMONIA,3.4804775714874268,0.9701271635408601,0.9667740089251672
d:\Pneum Det\archive\chest_xray\chest_xray\train\PNEUMONIA\person17_bacteria_56.jpeg,person17,PNEUMONIA,1.307986855506897,0.7871760889753855,0.7801783953914875
d:\Pneum Det\archive\chest_xray\chest_xray\train\PNEUMONIA\person1812_bacteria_4667.jpeg,person1812,PNEUMONIA,5.214466571807861,0.9945920715785543,0.9936308260830417
d:\Pneum Det\archive\chest_xray\chest_xray\train\PNEUMONIA\person1818_bacteria_4676.jpeg,person1818,PNEUMONIA,2.642239809036255,0.933531081398884,0.928165799161055
d:\Pneum Det\archive\chest_xray\chest_xray\train\PNEUMONIA\person1830_bacteria_4693.jpeg,person1830,PNEUMONIA,-0.5007607936859131,0.3773618961219455,0.38108238465574057
d:\Pneum Det\archive\chest_xray\chest_xray\train\PNEUMONIA\person1848_bacteria_4719.jpeg,person1848,PNEUMONIA,3.30959415435791,0.9647564840723156,0.961027324222313
d:\Pneum Det\archive\chest_xray\chest_xray\train\PNEUMONIA\person1852_bacteria_4724.jpeg,person1852,PNEUMONIA,2.799329996109009,0.9426396076137256,0.9376715673228614
d:\Pneum Det\archive\chest_xray\chest_xray\train\PNEUMONIA\person1864_bacteria_4736.jpeg,person1864,PNEUMONIA,2.721404552459717,0.9382779249150544,0.933112642712239
d:\Pneum Det\archive\chest_xray\chest_xray\train\PNEUMONIA\person1880_bacteria_4765.jpeg,person1880,PNEUMONIA,3.110036611557007,0.9573048522042618,0.9531080668384878
d:\Pneum Det\archive\chest_xray\chest_xray\train\PNEUMONIA\person1881_bacteria_4767.jpeg,person1881,PNEUMONIA,3.278831720352173,0.9636954316901758,0.959896063032259
d:\Pneum Det\archive\chest_xray\chest_xray\train\PNEUMONIA\person1884_bacteria_4771.jpeg,person1884,PNEUMONIA,3.298583507537842,0.9643801847263008,0.9606259795911705
d:\Pneum Det\archive\chest_xray\chest_xray\train\PNEUMONIA\person1897_bacteria_4789.jpeg,person1897,PNEUMONIA,4.640262126922607,0.9904371643528462,0.9889456310942449
d:\Pneum Det\archive\chest_xray\chest_xray\train\PNEUMONIA\person1901_bacteria_4795.jpeg,person1901,PNEUMONIA,4.538184642791748,0.9894203261417988,0.9878110032959777
d:\Pneum Det\archive\chest_xray\chest_xray\train\PNEUMONIA\person1908_bacteria_4811.jpeg,person1908,PNEUMONIA,3.746116876602173,0.9769352945941596,0.974115560765583
d:\Pneum Det\archive\chest_xray\chest_xray\train\PNEUMONIA\person1917_bacteria_4823.jpeg,person1917,PNEUMONIA,3.3191535472869873,0.9650800767968699,0.9613725840754926
d:\Pneum Det\archive\chest_xray\chest_xray\train\PNEUMONIA\person1929_bacteria_4839.jpeg,person1929,PNEUMONIA,2.618734121322632,0.9320575869147205,0.9266331699687019
d:\Pneum Det\archive\chest_xray\chest_xray\train\PNEUMONIA\person1930_bacteria_4841.jpeg,person1930,PNEUMONIA,2.3124234676361084,0.9099007320053076,0.9037359659852797
d:\Pneum Det\archive\chest_xray\chest_xray\train\PNEUMONIA\person1941_bacteria_4863.jpeg,person1941,PNEUMONIA,0.8838487863540649,0.7076191488366067,0.7018146722881895
d:\Pneum Det\archive\chest_xray\chest_xray\train\PNEUMONIA\person1942_bacteria_4865.jpeg,person1942,PNEUMONIA,1.8445013761520386,0.863480207994192,0.8564715943268751
d:\Pneum Det\archive\chest_xray\chest_xray\train\PNEUMONIA\person20_bacteria_64.jpeg,person20,PNEUMONIA,4.960184097290039,0.9930371838481818,0.9918668352030741
d:\Pneum Det\archive\chest_xray\chest_xray\train\PNEUMONIA\person20_bacteria_66.jpeg,person20,PNEUMONIA,2.688530683517456,0.9363464639376566,0.9310980172472758
d:\Pneum Det\archive\chest_xray\chest_xray\train\PNEUMONIA\person20_bacteria_67.jpeg,person20,PNEUMONIA,3.2712085247039795,0.9634277775816305,0.9596108982509144
d:\Pneum Det\archive\chest_xray\chest_xray\train\PNEUMONIA\person20_bacteria_69.jpeg,person20,PNEUMONIA,1.6854674816131592,0.8436271591973419,0.8364808427796153
d:\Pneum Det\archive\chest_xray\chest_xray\train\PNEUMONIA\person20_bacteria_70.jpeg,person20,PNEUMONIA,2.9645798206329346,0.9509480652467182,0.9463949408601351
d:\Pneum Det\archive\chest_xray\chest_xray\train\PNEUMONIA\person255_bacteria_1160.jpeg,person255,PNEUMONIA,3.4271657466888428,0.9685428293869657,0.9650750045661596
d:\Pneum Det\archive\chest_xray\chest_xray\train\PNEUMONIA\person255_bacteria_1161.jpeg,person255,PNEUMONIA,3.169520139694214,0.9596710168527921,0.9556164972549644
d:\Pneum Det\archive\chest_xray\chest_xray\train\PNEUMONIA\person255_bacteria_1162.jpeg,person255,PNEUMONIA,3.310210943222046,0.9647774497530688,0.9610496900736506
d:\Pneum Det\archive\chest_xray\chest_xray\train\PNEUMONIA\person255_bacteria_1165.jpeg,person255,PNEUMONIA,3.505141019821167,0.9708336933775646,0.9675327501956773
d:\Pneum Det\archive\chest_xray\chest_xray\train\PNEUMONIA\person255_bacteria_1175.jpeg,person255,PNEUMONIA,3.2181332111358643,0.9615109885979125,0.957570995256161
d:\Pneum Det\archive\chest_xray\chest_xray\train\PNEUMONIA\person255_bacteria_1182.jpeg,person255,PNEUMONIA,3.5183513164520264,0.9712054337149298,0.9679322352023033
d:\Pneum Det\archive\chest_xray\chest_xray\train\PNEUMONIA\person255_bacteria_1188.jpeg,person255,PNEUMONIA,1.6291836500167847,0.8360577763212604,0.8288878926532928
d:\Pneum Det\archive\chest_xray\chest_xray\train\PNEUMONIA\person255_virus_531.jpeg,person255,PNEUMONIA,0.009715055115520954,0.5024287446763688,0.5023520936891667
d:\Pneum Det\archive\chest_xray\chest_xray\train\PNEUMONIA\person258_bacteria_1205.jpeg,person258,PNEUMONIA,2.5647778511047363,0.928560052313646,0.923000614159501
d:\Pneum Det\archive\chest_xray\chest_xray\train\PNEUMONIA\person258_bacteria_1206.jpeg,person258,PNEUMONIA,3.676891803741455,0.9753228734327403,0.9723703600603762
d:\Pneum Det\archive\chest_xray\chest_xray\train\PNEUMONIA\person258_bacteria_1207.jpeg,person258,PNEUMONIA,3.447573661804199,0.9691586996140695,0.9657350608121876
d:\Pneum Det\archive\chest_xray\chest_xray\train\PNEUMONIA\person258_bacteria_1208.jpeg,person258,PNEUMONIA,3.447573661804199,0.9691586996140695,0.9657350608121876
d:\Pneum Det\archive\chest_xray\chest_xray\train\PNEUMONIA\person258_bacteria_1209.jpeg,person258,PNEUMONIA,3.447573661804199,0.9691586996140695,0.9657350608121876
d:\Pneum Det\archive\chest_xray\chest_xray\train\PNEUMONIA\person258_bacteria_1210.jpeg,person258,PNEUMONIA,4.584946632385254,0.9898987814552774,0.9883443936181363
d:\Pneum Det\archive\chest_xray\chest_xray\train\PNEUMONIA\person258_bacteria_1212.jpeg,person258,PNEUMONIA,2.682978630065918,0.9360147489946165,0.9307522689172775
d:\Pneum Det\archive\chest_xray\chest_xray\train\PNEUMONIA\person258_bacteria_1214.jpeg,person258,PNEUMONIA,4.364599704742432,0.9874400140188319,0.9856117586459768
d:\Pneum Det\archive\chest_xray\chest_xray\train\PNEUMONIA\person258_bacteria_1215.jpeg,person258,PNEUMONIA,3.9316015243530273,0.9807650034177187,0.9782790693622092
d:\Pneum Det\archive\chest_xray\chest_xray\train\PNEUMONIA\person258_bacteria_1216.jpeg,person258,PNEUMONIA,2.789231538772583,0.942091135232331,0.9370975513695547
d:\Pneum Det\archive\chest_xray\chest_xray\train\PNEUMONIA\person258_virus_539.jpeg,person258,PNEUMONIA,2.820244550704956,0.9437600478581764,0.9388448709833539
d:\Pneum Det\archive\chest_xray\chest_xray\train\PNEUMONIA\person267_bacteria_1250.jpeg,person267,PNEUMONIA,2.0184779167175293,0.8827235307220801,0.8759662612564494
d:\Pneum Det\archive\chest_xray\chest_xray\train\PNEUMONIA\person267_bacteria_1251.jpeg,person267,PNEUMONIA,3.7659990787506104,0.9773790720340573,0.9745966507376266
d:\Pneum Det\archive\chest_xray\chest_xray\train\PNEUMONIA\person267_bacteria_1252.jpeg,person267,PNEUMONIA,2.8783164024353027,0.94676407094351,0.9419952651488757
d:\Pneum Det\archive\chest_xray\chest_xray\train\PNEUMONIA\person267_bacteria_1253.jpeg,person267,PNEUMONIA,2.1472222805023193,0.895408924070555,0.8888902281210618
d:\Pneum Det\archive\chest_xray\chest_xray\train\PNEUMONIA\person267_virus_552.jpeg,person267,PNEUMONIA,3.0021979808807373,0.952673325538989,0.9482133645896724
d:\Pneum Det\archive\chest_xray\chest_xray\train\PNEUMONIA\person270_virus_555.jpeg,person270,PNEUMONIA,3.477832317352295,0.9700504074758606,0.9666916212509483
d:\Pneum Det\archive\chest_xray\chest_xray\train\PNEUMONIA\person277_bacteria_1300.jpeg,person277,PNEUMONIA,5.485034942626953,0.9958687479241969,0.9950917871344525
d:\Pneum Det\archive\chest_xray\chest_xray\train\PNEUMONIA\person277_bacteria_1301.jpeg,person277,PNEUMONIA,4.6043572425842285,0.9900910374729605,0.9885589659113435
d:\Pneum Det\archive\chest_xray\chest_xray\train\PNEUMONIA\person277_bacteria_1302.jpeg,person277,PNEUMONIA,4.106204986572266,0.9837967102300426,0.9815959956165102
d:\Pneum Det\archive\chest_xray\chest_xray\train\PNEUMONIA\person277_bacteria_1303.jpeg,person277,PNEUMONIA,4.455397605895996,0.9885176747654553,0.9868069402966818
d:\Pneum Det\archive\chest_xray\chest_xray\train\PNEUMONIA\person277_bacteria_1304.jpeg,person277,PNEUMONIA,4.093287944793701,0.9835895110315949,0.9813686433331494
d:\Pneum Det\archive\chest_xray\chest_xray\train\PNEUMONIA\person277_bacteria_1305.jpeg,person277,PNEUMONIA,1.678682804107666,0.8427300338773034,0.8355801305603123
d:\Pneum Det\archive\chest_xray\chest_xray\train\PNEUMONIA\person277_bacteria_1306.jpeg,person277,PNEUMONIA,4.248559951782227,0.9859163914974955,0.9839279942106155
d:\Pneum Det\archive\chest_xray\chest_xray\train\PNEUMONIA\person277_bacteria_1307.jpeg,person277,PNEUMONIA,2.4924652576446533,0.9236119155752868,0.917873743821783
d:\Pneum Det\archive\chest_xray\chest_xray\train\PNEUMONIA\person277_virus_571.jpeg,person277,PNEUMONIA,-1.892001748085022,0.13101639983266006,0.1379657628138351
d:\Pneum Det\archive\chest_xray\chest_xray\train\PNEUMONIA\person281_bacteria_1323.jpeg,person281,PNEUMONIA,3.2264223098754883,0.9618165775265192,0.9578959471367106
d:\Pneum Det\archive\chest_xray\chest_xray\train\PNEUMONIA\person281_bacteria_1324.jpeg,person281,PNEUMONIA,2.686476230621338,0.9362239050970431,0.9309702650521119
d:\Pneum Det\archive\chest_xray\chest_xray\train\PNEUMONIA\person281_bacteria_1325.jpeg,person281,PNEUMONIA,4.332455635070801,0.9870350454835105,0.985163563964138
d:\Pneum Det\archive\chest_xray\chest_xray\train\PNEUMONIA\person281_bacteria_1326.jpeg,person281,PNEUMONIA,2.7165467739105225,0.9379959993252778,0.9328184219140635
d:\Pneum Det\archive\chest_xray\chest_xray\train\PNEUMONIA\person281_bacteria_1327.jpeg,person281,PNEUMONIA,3.8459861278533936,0.9790816059983214,0.976445574565322
d:\Pneum Det\archive\chest_xray\chest_xray\train\PNEUMONIA\person281_bacteria_1328.jpeg,person281,PNEUMONIA,1.8669625520706177,0.8661064280644282,0.8591248817706367
d:\Pneum Det\archive\chest_xray\chest_xray\train\PNEUMONIA\person281_bacteria_1329.jpeg,person281,PNEUMONIA,4.791445732116699,0.9917678817947913,0.9904368204866933
d:\Pneum Det\archive\chest_xray\chest_xray\train\PNEUMONIA\person281_bacteria_1330.jpeg,person281,PNEUMONIA,4.4080810546875,0.9879680061021374,0.9861968654028939
d:\Pneum Det\archive\chest_xray\chest_xray\train\PNEUMONIA\person281_bacteria_1331.jpeg,person281,PNEUMONIA,2.5422394275665283,0.9270504193613847,0.9214349581807749
d:\Pneum Det\archive\chest_xray\chest_xray\train\PNEUMONIA\person281_bacteria_1332.jpeg,person281,PNEUMONIA,4.2718586921691895,0.9862362647450897,0.9842809365552929
d:\Pneum Det\archive\chest_xray\chest_xray\train\PNEUMONIA\person281_bacteria_1333.jpeg,person281,PNEUMONIA,3.5222275257110596,0.9713136358437574,0.9680485488556151
d:\Pneum Det\archive\chest_xray\chest_xray\train\PNEUMONIA\person281_virus_578.jpeg,person281,PNEUMONIA,4.54635763168335,0.9895055375778046,0.9879059367778098
d:\Pneum Det\archive\chest_xray\chest_xray\train\PNEUMONIA\person286_virus_585.jpeg,person286,PNEUMONIA,-3.7405500411987305,0.023190474971780645,0.02602072189366247
d:\Pneum Det\archive\chest_xray\chest_xray\train\PNEUMONIA\person288_virus_587.jpeg,person288,PNEUMONIA,3.038883924484253,0.954300180331563,0.9499304414886705
d:\Pneum Det\archive\chest_xray\chest_xray\train\PNEUMONIA\person292_bacteria_1378.jpeg,person292,PNEUMONIA,3.867953300476074,0.9795268083495833,0.9769299379045001
d:\Pneum Det\archive\chest_xray\chest_xray\train\PNEUMONIA\person292_virus_597.jpeg,person292,PNEUMONIA,3.565735101699829,0.9725013647241838,0.9693264015779776
d:\Pneum Det\archive\chest_xray\chest_xray\train\PNEUMONIA\person292_virus_598.jpeg,person292,PNEUMONIA,3.198697328567505,0.9607852259335561,0.9567996402234124
d:\Pneum Det\archive\chest_xray\chest_xray\train\PNEUMONIA\person292_virus_599.jpeg,person292,PNEUMONIA,3.1915900707244873,0.9605165672488529,0.956514243560742
d:\Pneum Det\archive\chest_xray\chest_xray\train\PNEUMONIA\person292_virus_600.jpeg,person292,PNEUMONIA,3.719627857208252,0.9763308235409184,0.9734608069386437
d:\Pneum Det\archive\chest_xray\chest_xray\train\PNEUMONIA\person292_virus_602.jpeg,person292,PNEUMONIA,2.9465172290802,0.9500986246004506,0.94550055656643
d:\Pneum Det\archive\chest_xray\chest_xray\train\PNEUMONIA\person297_bacteria_1400.jpeg,person297,PNEUMONIA,3.013545036315918,0.9531823087843496,0.9487503238293454
d:\Pneum Det\archive\chest_xray\chest_xray\train\PNEUMONIA\person297_bacteria_1404.jpeg,person297,PNEUMONIA,3.07207989692688,0.9557262637471357,0.9514375682605891
d:\Pneum Det\archive\chest_xray\chest_xray\train\PNEUMONIA\person297_virus_614.jpeg,person297,PNEUMONIA,-2.6380679607391357,0.06672825379574791,0.07210404262799057
d:\Pneum Det\archive\chest_xray\chest_xray\train\PNEUMONIA\person299_bacteria_1414.jpeg,person299,PNEUMONIA,3.138995409011841,0.9584729137890059,0.9543456696348482
d:\Pneum Det\archive\chest_xray\chest_xray\train\PNEUMONIA\person299_bacteria_1416.jpeg,person299,PNEUMONIA,1.1474099159240723,0.7590375095762592,0.7523522406484797
d:\Pneum Det\archive\chest_xray\chest_xray\train\PNEUMONIA\person299_bacteria_1417.jpeg,person299,PNEUMONIA,2.8421170711517334,0.9449097708412353,0.9400498058857868
d:\Pneum Det\archive\chest_xray\chest_xray\train\PNEUMONIA\person299_bacteria_1418.jpeg,person299,PNEUMONIA,3.2609500885009766,0.963064601340169,0.9592240888242975
d:\Pneum Det\archive\chest_xray\chest_xray\train\PNEUMONIA\person299_bacteria_1419.jpeg,person299,PNEUMONIA,0.6445298790931702,0.6557767268908588,0.6511705032431322
d:\Pneum Det\archive\chest_xray\chest_xray\train\PNEUMONIA\person299_virus_620.jpeg,person299,PNEUMONIA,-0.5469747185707092,0.36656658180842033,0.37058406628154283
d:\Pneum Det\archive\chest_xray\chest_xray\train\PNEUMONIA\person303_bacteria_1431.jpeg,person303,PNEUMONIA,-0.9161932468414307,0.28573418103451387,0.29167190746495464
d:\Pneum Det\archive\chest_xray\chest_xray\train\PNEUMONIA\person303_virus_624.jpeg,person303,PNEUMONIA,0.20643556118011475,0.5514263891677511,0.5498142884154695
d:\Pneum Det\archive\chest_xray\chest_xray\train\PNEUMONIA\person310_bacteria_1450.jpeg,person310,PNEUMONIA,4.050748825073242,0.98288856545374,0.9806002670344162
d:\Pneum Det\archive\chest_xray\chest_xray\train\PNEUMONIA\person310_bacteria_1451.jpeg,person310,PNEUMONIA,0.8915151357650757,0.709202744412572,0.7033660503103091
d:\Pneum Det\archive\chest_xray\chest_xray\train\PNEUMONIA\person310_virus_633.jpeg,person310,PNEUMONIA,4.315467357635498,0.9868158403934333,0.9849211652135492
d:\Pneum Det\archive\chest_xray\chest_xray\train\PNEUMONIA\person316_bacteria_1469.jpeg,person316,PNEUMONIA,3.5126163959503174,0.9710446200138637,0.9677593958586551
d:\Pneum Det\archive\chest_xray\chest_xray\train\PNEUMONIA\person316_bacteria_1470.jpeg,person316,PNEUMONIA,-0.96925288438797,0.2750294432427655,0.2811705132088142
d:\Pneum Det\archive\chest_xray\chest_xray\train\PNEUMONIA\person316_virus_641.jpeg,person316,PNEUMONIA,4.532893657684326,0.9893647978003166,0.9877491537030993
d:\Pneum Det\archive\chest_xray\chest_xray\train\PNEUMONIA\person31_bacteria_160.jpeg,person31,PNEUMONIA,4.245168209075928,0.9858692185659126,0.9838759683427113
d:\Pneum Det\archive\chest_xray\chest_xray\train\PNEUMONIA\person31_bacteria_161.jpeg,person31,PNEUMONIA,3.8048713207244873,0.9782227449467947,0.9755122108569331
d:\Pneum Det\archive\chest_xray\chest_xray\train\PNEUMONIA\person31_bacteria_162.jpeg,person31,PNEUMONIA,3.4214303493499756,0.9683676151279819,0.964887308278491
d:\Pneum Det\archive\chest_xray\chest_xray\train\PNEUMONIA\person31_bacteria_163.jpeg,person31,PNEUMONIA,3.3305556774139404,0.9654623034836505,0.961780560054715
d:\Pneum Det\archive\chest_xray\chest_xray\train\PNEUMONIA\person31_bacteria_164.jpeg,person31,PNEUMONIA,2.820101499557495,0.9437524546475651,0.9388369164076977
d:\Pneum Det\archive\chest_xray\chest_xray\train\PNEUMONIA\person320_virus_647.jpeg,person320,PNEUMONIA,3.3654911518096924,0.96660846692637,0.9630049676838224
d:\Pneum Det\archive\chest_xray\chest_xray\train\PNEUMONIA\person327_bacteria_1508.jpeg,person327,PNEUMONIA,2.70691180229187,0.9374332637139413,0.9322313049641686
d:\Pneum Det\archive\chest_xray\chest_xray\train\PNEUMONIA\person327_bacteria_1509.jpeg,person327,PNEUMONIA,-0.2808000147342682,0.4302576527126521,0.4324314162273555
d:\Pneum Det\archive\chest_xray\chest_xray\train\PNEUMONIA\person327_virus_679.jpeg,person327,PNEUMONIA,2.7051634788513184,0.9373306423469979,0.9321242603129822
d:\Pneum Det\archive\chest_xray\chest_xray\train\PNEUMONIA\person328_bacteria_1510.jpeg,person328,PNEUMONIA,-0.4771391749382019,0.38292789458584114,0.3864923935417977
d:\Pneum Det\archive\chest_xray\chest_xray\train\PNEUMONIA\person328_bacteria_1511.jpeg,person328,PNEUMONIA,3.8507115840911865,0.9791781684070342,0.9765505989626152
d:\Pneum Det\archive\chest_xray\chest_xray\train\PNEUMONIA\person328_bacteria_1512.jpeg,person328,PNEUMONIA,2.7961041927337646,0.9424649385988779,0.9374887399390164
d:\Pneum Det\archive\chest_xray\chest_xray\train\PNEUMONIA\person328_bacteria_1513.jpeg,person328,PNEUMONIA,3.6696970462799072,0.9751491153418108,0.9721825470649023
d:\Pneum Det\archive\chest_xray\chest_xray\train\PNEUMONIA\person328_bacteria_1514.jpeg,person328,PNEUMONIA,3.6369903087615967,0.9743440836702201,0.9713130211577712
d:\Pneum Det\archive\chest_xray\chest_xray\train\PNEUMONIA\person328_bacteria_1515.jpeg,person328,PNEUMONIA,2.485654592514038,0.9231300146335442,0.9173751761565572
d:\Pneum Det\archive\chest_xray\chest_xray\train\PNEUMONIA\person328_virus_681.jpeg,person328,PNEUMONIA,1.8817888498306274,0.8678164623501173,0.8608537216221857
d:\Pneum Det\archive\chest_xray\chest_xray\train\PNEUMONIA\person334_bacteria_1541.jpeg,person334,PNEUMONIA,2.969343900680542,0.9511698129623327,0.9466285207692954
d:\Pneum Det\archive\chest_xray\chest_xray\train\PNEUMONIA\person334_bacteria_1542.jpeg,person334,PNEUMONIA,1.0207629203796387,0.7351211804653334,0.7288008798555674
d:\Pneum Det\archive\chest_xray\chest_xray\train\PNEUMONIA\person334_bacteria_1544.jpeg,person334,PNEUMONIA,2.269090414047241,0.9062845625750929,0.9000227183405218
d:\Pneum Det\archive\chest_xray\chest_xray\train\PNEUMONIA\person334_bacteria_1545.jpeg,person334,PNEUMONIA,-1.6864979267120361,0.15623695222698472,0.16338270638463234
d:\Pneum Det\archive\chest_xray\chest_xray\train\PNEUMONIA\person334_virus_689.jpeg,person334,PNEUMONIA,4.001522064208984,0.9820406540967069,0.97967227640581
d:\Pneum Det\archive\chest_xray\chest_xray\train\PNEUMONIA\person33_bacteria_169.jpeg,person33,PNEUMONIA,2.3185243606567383,0.9103996424916442,0.9042487512984179
d:\Pneum Det\archive\chest_xray\chest_xray\train\PNEUMONIA\person33_bacteria_172.jpeg,person33,PNEUMONIA,1.828186273574829,0.8615455186014006,0.8545183476698812
d:\Pneum Det\archive\chest_xray\chest_xray\train\PNEUMONIA\person33_bacteria_173.jpeg,person33,PNEUMONIA,4.460071563720703,0.9885706054833535,0.9868657404417865
d:\Pneum Det\archive\chest_xray\chest_xray\train\PNEUMONIA\person33_bacteria_174.jpeg,person33,PNEUMONIA,4.23705530166626,0.9857557501729151,0.9837508517126099
d:\Pneum Det\archive\chest_xray\chest_xray\train\PNEUMONIA\person33_bacteria_175.jpeg,person33,PNEUMONIA,-0.08816782385110855,0.4779723116613773,0.478666656389519
d:\Pneum Det\archive\chest_xray\chest_xray\train\PNEUMONIA\person340_bacteria_1575.jpeg,person340,PNEUMONIA,2.4163553714752197,0.9180660100150099,0.9121436381408231
d:\Pneum Det\archive\chest_xray\chest_xray\train\PNEUMONIA\person340_virus_698.jpeg,person340,PNEUMONIA,3.231527805328369,0.9620036376807584,0.9580949089171497
d:\Pneum Det\archive\chest_xray\chest_xray\train\PNEUMONIA\person341_bacteria_1577.jpeg,person341,PNEUMONIA,4.086720943450928,0.9834831745350396,0.9812520036269575
d:\Pneum Det\archive\chest_xray\chest_xray\train\PNEUMONIA\person341_virus_699.jpeg,person341,PNEUMONIA,2.3482513427734375,0.9127951345731391,0.9067125261521147
d:\Pneum Det\archive\chest_xray\chest_xray\train\PNEUMONIA\person347_bacteria_1594.jpeg,person347,PNEUMONIA,2.44075083732605,0.9198824410370816,0.9140185885360512
d:\Pneum Det\archive\chest_xray\chest_xray\train\PNEUMONIA\person347_bacteria_1595.jpeg,person347,PNEUMONIA,4.0616230964660645,0.9830704987018536,0.9807995930347616
d:\Pneum Det\archive\chest_xray\chest_xray\train\PNEUMONIA\person347_bacteria_1597.jpeg,person347,PNEUMONIA,2.8278796672821045,0.944163926724764,0.939268032352643
d:\Pneum Det\archive\chest_xray\chest_xray\train\PNEUMONIA\person347_bacteria_1599.jpeg,person347,PNEUMONIA,2.4951226711273193,0.9237991929918768,0.9180675330411225
d:\Pneum Det\archive\chest_xray\chest_xray\train\PNEUMONIA\person351_bacteria_1617.jpeg,person351,PNEUMONIA,-0.848582923412323,0.29973020614227497,0.3053814250088504
d:\Pneum Det\archive\chest_xray\chest_xray\train\PNEUMONIA\person351_bacteria_1619.jpeg,person351,PNEUMONIA,4.583444118499756,0.9898837464784681,0.988327619378243
d:\Pneum Det\archive\chest_xray\chest_xray\train\PNEUMONIA\person351_bacteria_1620.jpeg,person351,PNEUMONIA,3.987724542617798,0.9817956844617792,0.9794044649081375
d:\Pneum Det\archive\chest_xray\chest_xray\train\PNEUMONIA\person351_bacteria_1621.jpeg,person351,PNEUMONIA,1.4696474075317383,0.8130037877982754,0.8058497172829258
d:\Pneum Det\archive\chest_xray\chest_xray\train\PNEUMONIA\person351_bacteria_1622.jpeg,person351,PNEUMONIA,3.6920852661132812,0.9756859233492539,0.9727629330001559
d:\Pneum Det\archive\chest_xray\chest_xray\train\PNEUMONIA\person351_bacteria_1623.jpeg,person351,PNEUMONIA,3.3322808742523193,0.9655197837314514,0.961841927277783
d:\Pneum Det\archive\chest_xray\chest_xray\train\PNEUMONIA\person351_bacteria_1624.jpeg,person351,PNEUMONIA,3.57210111618042,0.9726710964959284,0.9695091774102549
d:\Pneum Det\archive\chest_xray\chest_xray\train\PNEUMONIA\person351_virus_726.jpeg,person351,PNEUMONIA,3.3283705711364746,0.9653893673023809,0.9617026972835941
d:\Pneum Det\archive\chest_xray\chest_xray\train\PNEUMONIA\person358_virus_737.jpeg,person358,PNEUMONIA,2.3257362842559814,0.910986195879922,0.9048517686439375
d:\Pneum Det\archive\chest_xray\chest_xray\train\PNEUMONIA\person360_bacteria_1647.jpeg,person360,PNEUMONIA,-0.02146012708544731,0.49463517411881697,0.49480447774533787
d:\Pneum Det\archive\chest_xray\chest_xray\train\PNEUMONIA\person360_virus_739.jpeg,person360,PNEUMONIA,2.298382520675659,0.9087429914247355,0.9025464818636207
d:\Pneum Det\archive\chest_xray\chest_xray\train\PNEUMONIA\person363_bacteria_1653.jpeg,person363,PNEUMONIA,2.8531134128570557,0.9454793960985024,0.9406471542749342
d:\Pneum Det\archive\chest_xray\chest_xray\train\PNEUMONIA\person363_bacteria_1654.jpeg,person363,PNEUMONIA,3.7849841117858887,0.9777950339556789,0.9750478979253118
d:\Pneum Det\archive\chest_xray\chest_xray\train\PNEUMONIA\person363_bacteria_1655.jpeg,person363,PNEUMONIA,1.4961867332458496,0.8170050521060622,0.8098393251298408
d:\Pneum Det\archive\chest_xray\chest_xray\train\PNEUMONIA\person363_virus_742.jpeg,person363,PNEUMONIA,0.4395827054977417,0.6081595933291867,0.6048486254257249
d:\Pneum Det\archive\chest_xray\chest_xray\train\PNEUMONIA\person371_bacteria_1694.jpeg,person371,PNEUMONIA,3.215808868408203,0.9614248779017647,0.9574794461939046
d:\Pneum Det\archive\chest_xray\chest_xray\train\PNEUMONIA\person371_bacteria_1695.jpeg,person371,PNEUMONIA,4.27780818939209,0.9863167917834984,0.9843698335806726
d:\Pneum Det\archive\chest_xray\chest_xray\train\PNEUMONIA\person371_bacteria_1696.jpeg,person371,PNEUMONIA,2.770495653152466,0.9410604842698953,0.9360194857098073
d:\Pneum Det\archive\chest_xray\chest_xray\train\PNEUMONIA\person371_bacteria_1698.jpeg,person371,PNEUMONIA,2.800971508026123,0.9427282999912615,0.9377644107966308
d:\Pneum Det\archive\chest_xray\chest_xray\train\PNEUMONIA\person371_bacteria_1699.jpeg,person371,PNEUMONIA,2.9114573001861572,0.9484099147289985,0.9437242639298309
d:\Pneum Det\archive\chest_xray\chest_xray\train\PNEUMONIA\person371_bacteria_1700.jpeg,person371,PNEUMONIA,4.855932235717773,0.9922780178042635,0.9910105820125057
d:\Pneum Det\archive\chest_xray\chest_xray\train\PNEUMONIA\person371_bacteria_1701.jpeg,person371,PNEUMONIA,3.279020071029663,0.9637020208544369,0.9599030842835574
d:\Pneum Det\archive\chest_xray\chest_xray\train\PNEUMONIA\person371_bacteria_1702.jpeg,person371,PNEUMONIA,4.449665546417236,0.9884524306118738,0.9867344741721897
d:\Pneum Det\archive\chest_xray\chest_xray\train\PNEUMONIA\person371_bacteria_1703.jpeg,person371,PNEUMONIA,4.110601425170898,0.9838666438683379,0.981672754456704
d:\Pneum Det\archive\chest_xray\chest_xray\train\PNEUMONIA\person371_virus_754.jpeg,person371,PNEUMONIA,3.506291627883911,0.9708662559292103,0.9675677354385105
d:\Pneum Det\archive\chest_xray\chest_xray\train\PNEUMONIA\person375_bacteria_1713.jpeg,person375,PNEUMONIA,3.6840736865997314,0.9754951393745391,0.9725566080282655
d:\Pneum Det\archive\chest_xray\chest_xray\train\PNEUMONIA\person375_virus_758.jpeg,person375,PNEUMONIA,3.6864278316497803,0.9755513507864274,0.9726173922152973
d:\Pneum Det\archive\chest_xray\chest_xray\train\PNEUMONIA\person378_virus_761.jpeg,person378,PNEUMONIA,2.831073045730591,0.9443320379578872,0.9394442055764677
d:\Pneum Det\archive\chest_xray\chest_xray\train\PNEUMONIA\person383_bacteria_1747.jpeg,person383,PNEUMONIA,1.2261475324630737,0.773143591158038,0.7662846589360343
d:\Pneum Det\archive\chest_xray\chest_xray\train\PNEUMONIA\person383_bacteria_1748.jpeg,person383,PNEUMONIA,3.6501314640045166,0.9746705425427139,0.971665511412533
d:\Pneum Det\archive\chest_xray\chest_xray\train\PNEUMONIA\person383_bacteria_1749.jpeg,person383,PNEUMONIA,3.309227228164673,0.9647440059364185,0.9610140129867948
d:\Pneum Det\archive\chest_xray\chest_xray\train\PNEUMONIA\person383_bacteria_1750.jpeg,person383,PNEUMONIA,4.465172290802002,0.9886280940023209,0.9869296144536164
d:\Pneum Det\archive\chest_xray\chest_xray\train\PNEUMONIA\person383_bacteria_1751.jpeg,person383,PNEUMONIA,3.1096856594085693,0.9572905056901839,0.9530928743955671
d:\Pneum Det\archive\chest_xray\chest_xray\train\PNEUMONIA\person383_bacteria_1752.jpeg,person383,PNEUMONIA,3.9509050846099854,0.9811258056832317,0.9786727760536299
d:\Pneum Det\archive\chest_xray\chest_xray\train\PNEUMONIA\person383_bacteria_1753.jpeg,person383,PNEUMONIA,2.762794256210327,0.9406318674894161,0.9355713729954176
d:\Pneum Det\archive\chest_xray\chest_xray\train\PNEUMONIA\person383_bacteria_1754.jpeg,person383,PNEUMONIA,2.3743245601654053,0.9148483524009635,0.9088265018023761
d:\Pneum Det\archive\chest_xray\chest_xray\train\PNEUMONIA\person383_virus_767.jpeg,person383,PNEUMONIA,3.2100470066070557,0.9612106182080896,0.9572516886965247
d:\Pneum Det\archive\chest_xray\chest_xray\train\PNEUMONIA\person388_virus_775.jpeg,person388,PNEUMONIA,4.473247051239014,0.9887185179250992,0.9870301047251496
d:\Pneum Det\archive\chest_xray\chest_xray\train\PNEUMONIA\person388_virus_777.jpeg,person388,PNEUMONIA,3.5789835453033447,0.9728534515210125,0.9697055933831832
d:\Pneum Det\archive\chest_xray\chest_xray\train\PNEUMONIA\person394_bacteria_1791.jpeg,person394,PNEUMONIA,3.7486531734466553,0.9769923751947743,0.9741774216587135
d:\Pneum Det\archive\chest_xray\chest_xray\train\PNEUMONIA\person394_bacteria_1792.jpeg,person394,PNEUMONIA,3.651735782623291,0.9747101196145755,0.9717082556036049
d:\Pneum Det\archive\chest_xray\chest_xray\train\PNEUMONIA\person394_virus_786.jpeg,person394,PNEUMONIA,2.1299335956573486,0.8937787041721335,0.8872258128024814
d:\Pneum Det\archive\chest_xray\chest_xray\train\PNEUMONIA\person403_bacteria_1814.jpeg,person403,PNEUMONIA,3.231532096862793,0.9620037945473549,0.9580950757799924
d:\Pneum Det\archive\chest_xray\chest_xray\train\PNEUMONIA\person403_virus_803.jpeg,person403,PNEUMONIA,5.038695812225342,0.9935595514453596,0.9924578150909901
d:\Pneum Det\archive\chest_xray\chest_xray\train\PNEUMONIA\person407_bacteria_1822.jpeg,person407,PNEUMONIA,1.2925854921340942,0.7845844890348996,0.777609735449298
d:\Pneum Det\archive\chest_xray\chest_xray\train\PNEUMONIA\person407_virus_811.jpeg,person407,PNEUMONIA,4.352172374725342,0.9872849500633627,0.9854400847249758
d:\Pneum Det\archive\chest_xray\chest_xray\train\PNEUMONIA\person407_virus_812.jpeg,person407,PNEUMONIA,5.152842998504639,0.994250309673789,0.9932417979318213
d:\Pneum Det\archive\chest_xray\chest_xray\train\PNEUMONIA\person407_virus_814.jpeg,person407,PNEUMONIA,3.607140302658081,0.9735872424117361,0.9704964610954453
d:\Pneum Det\archive\chest_xray\chest_xray\train\PNEUMONIA\person409_bacteria_1824.jpeg,person409,PNEUMONIA,-3.6120636463165283,0.02628644795925996,0.029367323327063606
d:\Pneum Det\archive\chest_xray\chest_xray\train\PNEUMONIA\person409_virus_816.jpeg,person409,PNEUMONIA,3.185152530670166,0.9602717017359859,0.956254187281081
d:\Pneum Det\archive\chest_xray\chest_xray\train\PNEUMONIA\person409_virus_818.jpeg,person409,PNEUMONIA,3.541351318359375,0.9718417149796503,0.9686164511003902
d:\Pneum Det\archive\chest_xray\chest_xray\train\PNEUMONIA\person409_virus_820.jpeg,person409,PNEUMONIA,3.10577130317688,0.9571301789158386,0.9529231075049602
d:\Pneum Det\archive\chest_xray\chest_xray\train\PNEUMONIA\person411_bacteria_1826.jpeg,person411,PNEUMONIA,-1.94558584690094,0.12503547486203898,0.13190921344568274
d:\Pneum Det\archive\chest_xray\chest_xray\train\PNEUMONIA\person417_bacteria_1841.jpeg,person417,PNEUMONIA,1.0306568145751953,0.7370432132224459,0.7306905351884158
d:\Pneum Det\archive\chest_xray\chest_xray\train\PNEUMONIA\person417_bacteria_1842.jpeg,person417,PNEUMONIA,3.2232162952423096,0.961698660714973,0.9577705470597365
d:\Pneum Det\archive\chest_xray\chest_xray\train\PNEUMONIA\person417_virus_850.jpeg,person417,PNEUMONIA,-2.128438949584961,0.10636327857202198,0.11291909714415599
d:\Pneum Det\archive\chest_xray\chest_xray\train\PNEUMONIA\person418_bacteria_1843.jpeg,person418,PNEUMONIA,1.8125520944595337,0.8596700351712503,0.8526259764561264
d:\Pneum Det\archive\chest_xray\chest_xray\train\PNEUMONIA\person418_virus_852.jpeg,person418,PNEUMONIA,0.30046695470809937,0.574556663801267,0.572237039703206
d:\Pneum Det\archive\chest_xray\chest_xray\train\PNEUMONIA\person429_bacteria_1870.jpeg,person429,PNEUMONIA,2.942857503890991,0.9499248264417784,0.9453176367776357
d:\Pneum Det\archive\chest_xray\chest_xray\train\PNEUMONIA\person429_virus_877.jpeg,person429,PNEUMONIA,-1.4816492795944214,0.18517843458928682,0.19233824344716258
d:\Pneum Det\archive\chest_xray\chest_xray\train\PNEUMONIA\person431_bacteria_1872.jpeg,person431,PNEUMONIA,-0.5360533595085144,0.3691061480889415,0.3730544505612073
d:\Pneum Det\archive\chest_xray\chest_xray\train\PNEUMONIA\person431_virus_880.jpeg,person431,PNEUMONIA,2.3088057041168213,0.909603702575582,0.9034307321658709
d:\Pneum Det\archive\chest_xray\chest_xray\train\PNEUMONIA\person440_bacteria_1897.jpeg,person440,PNEUMONIA,4.318563938140869,0.9868560672782918,0.9849656378371819
d:\Pneum Det\archive\chest_xray\chest_xray\train\PNEUMONIA\person440_bacteria_1898.jpeg,person440,PNEUMONIA,4.211593151092529,0.9853937696162216,0.9833519437112831
d:\Pneum Det\archive\chest_xray\chest_xray\train\PNEUMONIA\person440_virus_893.jpeg,person440,PNEUMONIA,0.7599201202392578,0.6813363907771803,0.6761066954758203
d:\Pneum Det\archive\chest_xray\chest_xray\train\PNEUMONIA\person444_bacteria_1927.jpeg,person444,PNEUMONIA,-3.763531446456909,0.022675549711593464,0.02546258196075045
d:\Pneum Det\archive\chest_xray\chest_xray\train\PNEUMONIA\person444_virus_911.jpeg,person444,PNEUMONIA,1.7339519262313843,0.8499172172275758,0.8428022416954297
d:\Pneum Det\archive\chest_xray\chest_xray\train\PNEUMONIA\person445_bacteria_1928.jpeg,person445,PNEUMONIA,3.5236563682556152,0.9713534215363165,0.968091321232772
d:\Pneum Det\archive\chest_xray\chest_xray\train\PNEUMONIA\person445_bacteria_1929.jpeg,person445,PNEUMONIA,2.7630677223205566,0.9406471369697916,0.9355873347915509
d:\Pneum Det\archive\chest_xray\chest_xray\train\PNEUMONIA\person445_bacteria_1930.jpeg,person445,PNEUMONIA,3.254124402999878,0.9628210347835233,0.958964753708199
d:\Pneum Det\archive\chest_xray\chest_xray\train\PNEUMONIA\person445_virus_912.jpeg,person445,PNEUMONIA,0.4128059446811676,0.601760500517066,0.5986342313977946
d:\Pneum Det\archive\chest_xray\chest_xray\train\PNEUMONIA\person445_virus_913.jpeg,person445,PNEUMONIA,0.9745957851409912,0.726034586890301,0.7198740936492175
d:\Pneum Det\archive\chest_xray\chest_xray\train\PNEUMONIA\person445_virus_914.jpeg,person445,PNEUMONIA,2.2643327713012695,0.9058797005802806,0.8996073632056317
d:\Pneum Det\archive\chest_xray\chest_xray\train\PNEUMONIA\person445_virus_915.jpeg,person445,PNEUMONIA,2.654642343521118,0.9342965429933762,0.92896252128224
d:\Pneum Det\archive\chest_xray\chest_xray\train\PNEUMONIA\person445_virus_916.jpeg,person445,PNEUMONIA,2.224034547805786,0.902387154541382,0.8960273583996508
d:\Pneum Det\archive\chest_xray\chest_xray\train\PNEUMONIA\person445_virus_917.jpeg,person445,PNEUMONIA,3.6575927734375,0.9748540954907279,0.9718637737594877
d:\Pneum Det\archive\chest_xray\chest_xray\train\PNEUMONIA\person445_virus_918.jpeg,person445,PNEUMONIA,3.9139482975006104,0.9804291332647225,0.9779128065179388
d:\Pneum Det\archive\chest_xray\chest_xray\train\PNEUMONIA\person445_virus_919.jpeg,person445,PNEUMONIA,2.8030290603637695,0.9428392894982776,0.9378806030500337
d:\Pneum Det\archive\chest_xray\chest_xray\train\PNEUMONIA\person449_bacteria_1938.jpeg,person449,PNEUMONIA,4.1382317543029785,0.9842994087071848,0.9821480187739684
d:\Pneum Det\archive\chest_xray\chest_xray\train\PNEUMONIA\person449_bacteria_1939.jpeg,person449,PNEUMONIA,3.0194520950317383,0.9534452114275478,0.9490277658559801
d:\Pneum Det\archive\chest_xray\chest_xray\train\PNEUMONIA\person449_bacteria_1940.jpeg,person449,PNEUMONIA,4.479368686676025,0.9887865960479864,0.9871057799050993
d:\Pneum Det\archive\chest_xray\chest_xray\train\PNEUMONIA\person450_bacteria_1941.jpeg,person450,PNEUMONIA,0.011141781695187092,0.5027854166088842,0.5026975094996482
d:\Pneum Det\archive\chest_xray\chest_xray\train\PNEUMONIA\person450_virus_931.jpeg,person450,PNEUMONIA,0.7246488928794861,0.6736299123287264,0.6685820123824668
d:\Pneum Det\archive\chest_xray\chest_xray\train\PNEUMONIA\person457_bacteria_1949.jpeg,person457,PNEUMONIA,0.7077942490577698,0.6699135864195661,0.6649553266911656
d:\Pneum Det\archive\chest_xray\chest_xray\train\PNEUMONIA\person457_virus_944.jpeg,person457,PNEUMONIA,2.8174479007720947,0.9436114256645232,0.9386891835345809
d:\Pneum Det\archive\chest_xray\chest_xray\train\PNEUMONIA\person462_bacteria_1961.jpeg,person462,PNEUMONIA,3.7492406368255615,0.9770055766579387,0.9741917294912854
d:\Pneum Det\archive\chest_xray\chest_xray\train\PNEUMONIA\person462_bacteria_1963.jpeg,person462,PNEUMONIA,4.2013983726501465,0.985246308878031,0.9831895396878961
d:\Pneum Det\archive\chest_xray\chest_xray\train\PNEUMONIA\person462_bacteria_1967.jpeg,person462,PNEUMONIA,4.206208229064941,0.9853160621096448,0.9832663543894826
d:\Pneum Det\archive\chest_xray\chest_xray\train\PNEUMONIA\person462_bacteria_1968.jpeg,person462,PNEUMONIA,4.40029764175415,0.9878751306438098,0.9860938798194245
d:\Pneum Det\archive\chest_xray\chest_xray\train\PNEUMONIA\person462_virus_951.jpeg,person462,PNEUMONIA,1.1575572490692139,0.7608885709591907,0.7541786618066275
d:\Pneum Det\archive\chest_xray\chest_xray\train\PNEUMONIA\person473_bacteria_2018.jpeg,person473,PNEUMONIA,3.726761817932129,0.9764951228514692,0.9736387124648554
d:\Pneum Det\archive\chest_xray\chest_xray\train\PNEUMONIA\person477_bacteria_2028.jpeg,person477,PNEUMONIA,3.0849735736846924,0.9562686467243202,0.9520112660723747
d:\Pneum Det\archive\chest_xray\chest_xray\train\PNEUMONIA\person477_bacteria_2029.jpeg,person477,PNEUMONIA,2.460676908493042,0.9213387348664014,0.915523061834028
d:\Pneum Det\archive\chest_xray\chest_xray\train\PNEUMONIA\person477_bacteria_2030.jpeg,person477,PNEUMONIA,2.9175665378570557,0.9487080133087533,0.9440376545275219
d:\Pneum Det\archive\chest_xray\chest_xray\train\PNEUMONIA\person477_bacteria_2031.jpeg,person477,PNEUMONIA,-1.1811789274215698,0.2348402881633071,0.24160495247132321
d:\Pneum Det\archive\chest_xray\chest_xray\train\PNEUMONIA\person47_bacteria_229.jpeg,person47,PNEUMONIA,2.6172897815704346,0.931966065209529,0.9265380199937061
d:\Pneum Det\archive\chest_xray\chest_xray\train\PNEUMONIA\person483_bacteria_2046.jpeg,person483,PNEUMONIA,2.691175937652588,0.9365039438861436,0.9312621848552202
d:\Pneum Det\archive\chest_xray\chest_xray\train\PNEUMONIA\person483_virus_985.jpeg,person483,PNEUMONIA,1.5628589391708374,0.8267632094522053,0.8195844284986995
d:\Pneum Det\archive\chest_xray\chest_xray\train\PNEUMONIA\person485_bacteria_2049.jpeg,person485,PNEUMONIA,-3.071929693222046,0.044280092343296995,0.04856915318099354
d:\Pneum Det\archive\chest_xray\chest_xray\train\PNEUMONIA\person485_virus_988.jpeg,person485,PNEUMONIA,2.431654453277588,0.9192094833709168,0.9133237482819613
d:\Pneum Det\archive\chest_xray\chest_xray\train\PNEUMONIA\person493_bacteria_2086.jpeg,person493,PNEUMONIA,1.8247917890548706,0.8611401109137822,0.8541091981607837
d:\Pneum Det\archive\chest_xray\chest_xray\train\PNEUMONIA\person493_bacteria_2087.jpeg,person493,PNEUMONIA,-0.09801413863897324,0.4755160631678963,0.47628760781318985
d:\Pneum Det\archive\chest_xray\chest_xray\train\PNEUMONIA\person493_virus_999.jpeg,person493,PNEUMONIA,3.298386573791504,0.9643734192278113,0.9606187652790397
d:\Pneum Det\archive\chest_xray\chest_xray\train\PNEUMONIA\person504_bacteria_2127.jpeg,person504,PNEUMONIA,-0.482280433177948,0.38171377893145686,0.3853124625907094
d:\Pneum Det\archive\chest_xray\chest_xray\train\PNEUMONIA\person504_bacteria_2129.jpeg,person504,PNEUMONIA,3.3883585929870605,0.96733872499507,0.9637859012364685
d:\Pneum Det\archive\chest_xray\chest_xray\train\PNEUMONIA\person504_bacteria_2130.jpeg,person504,PNEUMONIA,3.37786865234375,0.9670056706998366,0.9634296543281909
d:\Pneum Det\archive\chest_xray\chest_xray\train\PNEUMONIA\person504_bacteria_2132.jpeg,person504,PNEUMONIA,1.0138487815856934,0.7337726861549905,0.7274754033338875
d:\Pneum Det\archive\chest_xray\chest_xray\train\PNEUMONIA\person504_bacteria_2133.jpeg,person504,PNEUMONIA,2.389017343521118,0.9159859780237127,0.9099986968070173
d:\Pneum Det\archive\chest_xray\chest_xray\train\PNEUMONIA\person508_bacteria_2142.jpeg,person508,PNEUMONIA,3.9844810962677,0.9817376239306773,0.9793410095151808
d:\Pneum Det\archive\chest_xray\chest_xray\train\PNEUMONIA\person508_bacteria_2143.jpeg,person508,PNEUMONIA,4.028658866882324,0.9825130522205772,0.9801890920158407
d:\Pneum Det\archive\chest_xray\chest_xray\train\PNEUMONIA\person508_bacteria_2144.jpeg,person508,PNEUMONIA,-0.5094931721687317,0.37531234532002294,0.37908979582097835
d:\Pneum Det\archive\chest_xray\chest_xray\train\PNEUMONIA\person508_virus_1020.jpeg,person508,PNEUMONIA,3.7736337184906006,0.977547254199252,0.9747790628755626
d:\Pneum Det\archive\chest_xray\chest_xray\train\PNEUMONIA\person508_virus_1021.jpeg,person508,PNEUMONIA,3.734328508377075,0.9766681717892783,0.9738261412537567
d:\Pneum Det\archive\chest_xray\chest_xray\train\PNEUMONIA\person50_bacteria_238.jpeg,person50,PNEUMONIA,0.40689870715141296,0.6003440143935908,0.5972589144452952
d:\Pneum Det\archive\chest_xray\chest_xray\train\PNEUMONIA\person515_bacteria_2185.jpeg,person515,PNEUMONIA,2.557959794998169,0.9281064441625182,0.9225300319842047
d:\Pneum Det\archive\chest_xray\chest_xray\train\PNEUMONIA\person515_bacteria_2186.jpeg,person515,PNEUMONIA,3.674670457839966,0.9752693532232037,0.9723125055729751
d:\Pneum Det\archive\chest_xray\chest_xray\train\PNEUMONIA\person515_bacteria_2187.jpeg,person515,PNEUMONIA,3.5466978549957275,0.9719876565547227,0.9687734676824096
d:\Pneum Det\archive\chest_xray\chest_xray\train\PNEUMONIA\person515_bacteria_2188.jpeg,person515,PNEUMONIA,4.14956521987915,0.984473599062848,0.9823394452910389
d:\Pneum Det\archive\chest_xray\chest_xray\train\PNEUMONIA\person515_bacteria_2189.jpeg,person515,PNEUMONIA,4.025171756744385,0.9824530387262979,0.980123408426921
d:\Pneum Det\archive\chest_xray\chest_xray\train\PNEUMONIA\person515_bacteria_2190.jpeg,person515,PNEUMONIA,0.8742508292198181,0.7056294366549352,0.6998658493750157
d:\Pneum Det\archive\chest_xray\chest_xray\train\PNEUMONIA\person515_virus_1032.jpeg,person515,PNEUMONIA,3.6456334590911865,0.9745592589442802,0.9715453355730591
d:\Pneum Det\archive\chest_xray\chest_xray\train\PNEUMONIA\person520_bacteria_2203.jpeg,person520,PNEUMONIA,3.933032274246216,0.980791975973097,0.9783084925466339
d:\Pneum Det\archive\chest_xray\chest_xray\train\PNEUMONIA\person520_bacteria_2204.jpeg,person520,PNEUMONIA,4.621641635894775,0.9902591822385507,0.9887467450296759
d:\Pneum Det\archive\chest_xray\chest_xray\train\PNEUMONIA\person520_bacteria_2205.jpeg,person520,PNEUMONIA,-2.3112757205963135,0.0901934061704035,0.09636077694582233
d:\Pneum Det\archive\chest_xray\chest_xray\train\PNEUMONIA\person520_virus_1039.jpeg,person520,PNEUMONIA,0.3505357503890991,0.586747490959341,0.584062430833616
d:\Pneum Det\archive\chest_xray\chest_xray\train\PNEUMONIA\person522_bacteria_2210.jpeg,person522,PNEUMONIA,3.7912261486053467,0.97793015703767,0.9751945490070345
d:\Pneum Det\archive\chest_xray\chest_xray\train\PNEUMONIA\person522_bacteria_2211.jpeg,person522,PNEUMONIA,1.8184802532196045,0.8603836695333068,0.8533459099198392
d:\Pneum Det\archive\chest_xray\chest_xray\train\PNEUMONIA\person522_virus_1041.jpeg,person522,PNEUMONIA,4.038697719573975,0.982684698424345,0.9803769997773715
d:\Pneum Det\archive\chest_xray\chest_xray\train\PNEUMONIA\person523_virus_1043.jpeg,person523,PNEUMONIA,1.5544013977050781,0.8255485215807604,0.8183701445388001
d:\Pneum Det\archive\chest_xray\chest_xray\train\PNEUMONIA\person526_bacteria_2221.jpeg,person526,PNEUMONIA,4.766564846038818,0.9915622399750044,0.9902058752551683
d:\Pneum Det\archive\chest_xray\chest_xray\train\PNEUMONIA\person534_bacteria_2251.jpeg,person534,PNEUMONIA,-3.0415589809417725,0.0455832985304291,0.04994648491269474
d:\Pneum Det\archive\chest_xray\chest_xray\train\PNEUMONIA\person534_bacteria_2252.jpeg,person534,PNEUMONIA,4.3320488929748535,0.9870298394287986,0.9851578054213994
d:\Pneum Det\archive\chest_xray\chest_xray\train\PNEUMONIA\person534_bacteria_2253.jpeg,person534,PNEUMONIA,2.703181028366089,0.9372140884079724,0.9320026911021047
d:\Pneum Det\archive\chest_xray\chest_xray\train\PNEUMONIA\person534_bacteria_2254.jpeg,person534,PNEUMONIA,4.667193412780762,0.9906889008292488,0.9892271505637867
d:\Pneum Det\archive\chest_xray\chest_xray\train\PNEUMONIA\person534_virus_1061.jpeg,person534,PNEUMONIA,3.891244411468506,0.9799887095011437,0.9774328703767841
d:\Pneum Det\archive\chest_xray\chest_xray\train\PNEUMONIA\person544_bacteria_2286.jpeg,person544,PNEUMONIA,2.616502046585083,0.9319161016231184,0.926486077849867
d:\Pneum Det\archive\chest_xray\chest_xray\train\PNEUMONIA\person544_virus_1074.jpeg,person544,PNEUMONIA,2.975980520248413,0.9514771347427066,0.9469523096419792
d:\Pneum Det\archive\chest_xray\chest_xray\train\PNEUMONIA\person544_virus_1075.jpeg,person544,PNEUMONIA,4.059077262878418,0.9830280765165194,0.980753108534595
d:\Pneum Det\archive\chest_xray\chest_xray\train\PNEUMONIA\person544_virus_1076.jpeg,person544,PNEUMONIA,3.7016899585723877,0.9759127365188545,0.973008299148943
d:\Pneum Det\archive\chest_xray\chest_xray\train\PNEUMONIA\person544_virus_1078.jpeg,person544,PNEUMONIA,2.666330575942993,0.9350104109874425,0.929705880707447
d:\Pneum Det\archive\chest_xray\chest_xray\train\PNEUMONIA\person544_virus_1079.jpeg,person544,PNEUMONIA,3.8822519779205322,0.9798115970658652,0.977239975916732
d:\Pneum Det\archive\chest_xray\chest_xray\train\PNEUMONIA\person544_virus_1080.jpeg,person544,PNEUMONIA,3.8287577629089355,0.978725827323282,0.9760587686145548
d:\Pneum Det\archive\chest_xray\chest_xray\train\PNEUMONIA\person546_virus_1085.jpeg,person546,PNEUMONIA,2.503138542175293,0.9243615507666413,0.9186495619679874
d:\Pneum Det\archive\chest_xray\chest_xray\train\PNEUMONIA\person54_bacteria_257.jpeg,person54,PNEUMONIA,3.647700548171997,0.9746104590942213,0.9716006245259907
d:\Pneum Det\archive\chest_xray\chest_xray\train\PNEUMONIA\person54_bacteria_258.jpeg,person54,PNEUMONIA,-3.3869845867156982,0.03270471395467932,0.03626057035487767
d:\Pneum Det\archive\chest_xray\chest_xray\train\PNEUMONIA\person551_bacteria_2310.jpeg,person551,PNEUMONIA,2.8691718578338623,0.9463012813612424,0.9415094766497197
d:\Pneum Det\archive\chest_xray\chest_xray\train\PNEUMONIA\person551_bacteria_2311.jpeg,person551,PNEUMONIA,4.044682025909424,0.9827862306981828,0.9804881822366484
d:\Pneum Det\archive\chest_xray\chest_xray\train\PNEUMONIA\person551_virus_1091.jpeg,person551,PNEUMONIA,3.575460910797119,0.9727602649820944,0.9696052153873219
d:\Pneum Det\archive\chest_xray\chest_xray\train\PNEUMONIA\person553_bacteria_2316.jpeg,person553,PNEUMONIA,3.873260974884033,0.9796329781950786,0.9770455024660953
d:\Pneum Det\archive\chest_xray\chest_xray\train\PNEUMONIA\person553_bacteria_2317.jpeg,person553,PNEUMONIA,3.1162750720977783,0.9575591060813263,0.9533773453450823
d:\Pneum Det\archive\chest_xray\chest_xray\train\PNEUMONIA\person553_virus_1093.jpeg,person553,PNEUMONIA,2.9497032165527344,0.9502494597528486,0.9456593284375663
d:\Pneum Det\archive\chest_xray\chest_xray\train\PNEUMONIA\person560_bacteria_2330.jpeg,person560,PNEUMONIA,2.462766408920288,0.9214900353737591,0.915679433223856
d:\Pneum Det\archive\chest_xray\chest_xray\train\PNEUMONIA\person562_bacteria_2332.jpeg,person562,PNEUMONIA,1.037277102470398,0.7383242795802418,0.7319503049180561
d:\Pneum Det\archive\chest_xray\chest_xray\train\PNEUMONIA\person562_virus_1102.jpeg,person562,PNEUMONIA,2.6390061378479004,0.933330147997149,0.9279567215228977
d:\Pneum Det\archive\chest_xray\chest_xray\train\PNEUMONIA\person568_bacteria_2358.jpeg,person568,PNEUMONIA,3.2203259468078613,0.9615920544299996,0.9576571879996804
d:\Pneum Det\archive\chest_xray\chest_xray\train\PNEUMONIA\person568_bacteria_2359.jpeg,person568,PNEUMONIA,3.7043230533599854,0.9759745553526802,0.9730751892852892
d:\Pneum Det\archive\chest_xray\chest_xray\train\PNEUMONIA\person576_bacteria_2375.jpeg,person576,PNEUMONIA,2.8785955905914307,0.9467781407921997,0.9420100368257487
d:\Pneum Det\archive\chest_xray\chest_xray\train\PNEUMONIA\person576_bacteria_2376.jpeg,person576,PNEUMONIA,2.5321004390716553,0.9263617645837822,0.9207211877224508
d:\Pneum Det\archive\chest_xray\chest_xray\train\PNEUMONIA\person576_virus_1120.jpeg,person576,PNEUMONIA,2.3808810710906982,0.9153577228482596,0.9093512700665742
d:\Pneum Det\archive\chest_xray\chest_xray\train\PNEUMONIA\person577_bacteria_2378.jpeg,person577,PNEUMONIA,-0.36080268025398254,0.41076527358324433,0.41352414230642087
d:\Pneum Det\archive\chest_xray\chest_xray\train\PNEUMONIA\person577_virus_1121.jpeg,person577,PNEUMONIA,3.6667518615722656,0.9750776437778823,0.9721053083111084
d:\Pneum Det\archive\chest_xray\chest_xray\train\PNEUMONIA\person580_bacteria_2387.jpeg,person580,PNEUMONIA,2.837998628616333,0.9446949908513996,0.9398246364995253
d:\Pneum Det\archive\chest_xray\chest_xray\train\PNEUMONIA\person580_bacteria_2388.jpeg,person580,PNEUMONIA,4.174527645111084,0.9848505793774148,0.9827539883068105
d:\Pneum Det\archive\chest_xray\chest_xray\train\PNEUMONIA\person580_bacteria_2389.jpeg,person580,PNEUMONIA,3.969454050064087,0.9814662466790519,0.9790445116114918
d:\Pneum Det\archive\chest_xray\chest_xray\train\PNEUMONIA\person593_bacteria_2435.jpeg,person593,PNEUMONIA,3.3043692111968994,0.9645783965856296,0.9608373636549246
d:\Pneum Det\archive\chest_xray\chest_xray\train\PNEUMONIA\person593_virus_1142.jpeg,person593,PNEUMONIA,3.8593592643737793,0.9793537510891133,0.9767416134584765
d:\Pneum Det\archive\chest_xray\chest_xray\train\PNEUMONIA\person59_bacteria_279.jpeg,person59,PNEUMONIA,3.8506758213043213,0.9791774392527223,0.9765498058450468
d:\Pneum Det\archive\chest_xray\chest_xray\train\PNEUMONIA\person59_bacteria_280.jpeg,person59,PNEUMONIA,3.52858829498291,0.9714903385269343,0.9682385333643299
d:\Pneum Det\archive\chest_xray\chest_xray\train\PNEUMONIA\person59_bacteria_281.jpeg,person59,PNEUMONIA,3.1501576900482178,0.9589149347769934,0.9548143547555312
d:\Pneum Det\archive\chest_xray\chest_xray\train\PNEUMONIA\person59_bacteria_282.jpeg,person59,PNEUMONIA,3.0463011264801025,0.9546225666925174,0.9502709868914445
d:\Pneum Det\archive\chest_xray\chest_xray\train\PNEUMONIA\person59_bacteria_283.jpeg,person59,PNEUMONIA,3.915109872817993,0.9804514089616887,0.9779370909036513
d:\Pneum Det\archive\chest_xray\chest_xray\train\PNEUMONIA\person59_bacteria_284.jpeg,person59,PNEUMONIA,1.6028317213058472,0.8324137852284542,0.8252378472674853
d:\Pneum Det\archive\chest_xray\chest_xray\train\PNEUMONIA\person5_bacteria_15.jpeg,person5,PNEUMONIA,0.010509003885090351,0.5026272267922565,0.5025443119368922
d:\Pneum Det\archive\chest_xray\chest_xray\train\PNEUMONIA\person5_bacteria_16.jpeg,person5,PNEUMONIA,3.7547552585601807,0.9771291410343592,0.9743256638922145
d:\Pneum Det\archive\chest_xray\chest_xray\train\PNEUMONIA\person5_bacteria_17.jpeg,person5,PNEUMONIA,4.057733058929443,0.9830056354154086,0.9807285201600049
d:\Pneum Det\archive\chest_xray\chest_xray\train\PNEUMONIA\person5_bacteria_19.jpeg,person5,PNEUMONIA,3.8096354007720947,0.9783240032861357,0.9756221826646212
d:\Pneum Det\archive\chest_xray\chest_xray\train\PNEUMONIA\person607_bacteria_2470.jpeg,person607,PNEUMONIA,-0.4060784876346588,0.39985279794732903,0.4029321697417204
d:\Pneum Det\archive\chest_xray\chest_xray\train\PNEUMONIA\person607_virus_1173.jpeg,person607,PNEUMONIA,0.8694573044776917,0.7046327618023408,0.698889826293291
d:\Pneum Det\archive\chest_xray\chest_xray\train\PNEUMONIA\person60_bacteria_285.jpeg,person60,PNEUMONIA,4.8187103271484375,0.991987521007299,0.9906837016504066
d:\Pneum Det\archive\chest_xray\chest_xray\train\PNEUMONIA\person60_bacteria_286.jpeg,person60,PNEUMONIA,4.528799533843994,0.9893216326196496,0.9877010823448886
d:\Pneum Det\archive\chest_xray\chest_xray\train\PNEUMONIA\person60_bacteria_287.jpeg,person60,PNEUMONIA,-0.3692893087863922,0.4087127607756981,0.4115323330487489
d:\Pneum Det\archive\chest_xray\chest_xray\train\PNEUMONIA\person610_bacteria_2475.jpeg,person610,PNEUMONIA,2.3727056980133057,0.9147221569490983,0.9086965116738411
d:\Pneum Det\archive\chest_xray\chest_xray\train\PNEUMONIA\person610_virus_1177.jpeg,person610,PNEUMONIA,3.1678988933563232,0.9596082236929622,0.9555498568758015
d:\Pneum Det\archive\chest_xray\chest_xray\train\PNEUMONIA\person612_bacteria_2477.jpeg,person612,PNEUMONIA,3.028789520263672,0.9538579253979524,0.9494634276400354
d:\Pneum Det\archive\chest_xray\chest_xray\train\PNEUMONIA\person612_bacteria_2478.jpeg,person612,PNEUMONIA,2.7493677139282227,0.9398776307490071,0.9347831428217196
d:\Pneum Det\archive\chest_xray\chest_xray\train\PNEUMONIA\person612_virus_1179.jpeg,person612,PNEUMONIA,2.4176957607269287,0.918166778698987,0.9122476080303632
d:\Pneum Det\archive\chest_xray\chest_xray\train\PNEUMONIA\person616_bacteria_2487.jpeg,person616,PNEUMONIA,0.06884024292230606,0.5172032674401198,0.5166607340891445
d:\Pneum Det\archive\chest_xray\chest_xray\train\PNEUMONIA\person616_virus_1186.jpeg,person616,PNEUMONIA,3.6643483638763428,0.9750191690807753,0.9720421212084095
d:\Pneum Det\archive\chest_xray\chest_xray\train\PNEUMONIA\person620_bacteria_2492.jpeg,person620,PNEUMONIA,1.091467261314392,0.7486579157736544,0.7421206757332497
d:\Pneum Det\archive\chest_xray\chest_xray\train\PNEUMONIA\person620_virus_1191.jpeg,person620,PNEUMONIA,3.589369535446167,0.9731263985946892,0.9699996779329004
d:\Pneum Det\archive\chest_xray\chest_xray\train\PNEUMONIA\person620_virus_1192.jpeg,person620,PNEUMONIA,3.0140745639801025,0.9532059337074553,0.9487752527984248
d:\Pneum Det\archive\chest_xray\chest_xray\train\PNEUMONIA\person626_bacteria_2502.jpeg,person626,PNEUMONIA,5.808321475982666,0.9970065222582112,0.9964064280961636
d:\Pneum Det\archive\chest_xray\chest_xray\train\PNEUMONIA\person626_virus_1202.jpeg,person626,PNEUMONIA,2.8100810050964355,0.9432181577907638,0.9382772989804099
d:\Pneum Det\archive\chest_xray\chest_xray\train\PNEUMONIA\person629_bacteria_2506.jpeg,person629,PNEUMONIA,2.9521656036376953,0.9503657411677066,0.9457817413052486
d:\Pneum Det\archive\chest_xray\chest_xray\train\PNEUMONIA\person629_bacteria_2507.jpeg,person629,PNEUMONIA,3.4273834228515625,0.9685494607845616,0.9650821091437761
d:\Pneum Det\archive\chest_xray\chest_xray\train\PNEUMONIA\person629_bacteria_2508.jpeg,person629,PNEUMONIA,3.399656057357788,0.9676937845159441,0.9641658362521217
d:\Pneum Det\archive\chest_xray\chest_xray\train\PNEUMONIA\person629_bacteria_2509.jpeg,person629,PNEUMONIA,4.030248165130615,0.9825403372697489,0.9802189576161692
d:\Pneum Det\archive\chest_xray\chest_xray\train\PNEUMONIA\person629_bacteria_2510.jpeg,person629,PNEUMONIA,4.069389820098877,0.9831992756520731,0.9809407269283515
d:\Pneum Det\archive\chest_xray\chest_xray\train\PNEUMONIA\person629_virus_1207.jpeg,person629,PNEUMONIA,2.9250874519348145,0.9490727567850653,0.9444212064513501
d:\Pneum Det\archive\chest_xray\chest_xray\train\PNEUMONIA\person634_bacteria_2525.jpeg,person634,PNEUMONIA,2.6539366245269775,0.934253208085374,0.9289174066515933
d:\Pneum Det\archive\chest_xray\chest_xray\train\PNEUMONIA\person641_bacteria_2533.jpeg,person641,PNEUMONIA,-1.3166629076004028,0.21137403447927863,0.21838401390165615
d:\Pneum Det\archive\chest_xray\chest_xray\train\PNEUMONIA\person641_virus_1222.jpeg,person641,PNEUMONIA,3.477984666824341,0.9700548333093796,0.9666963715947393
d:\Pneum Det\archive\chest_xray\chest_xray\train\PNEUMONIA\person643_bacteria_2534.jpeg,person643,PNEUMONIA,4.671928882598877,0.9907324813623475,0.9892759133127514
d:\Pneum Det\archive\chest_xray\chest_xray\train\PNEUMONIA\person645_bacteria_2537.jpeg,person645,PNEUMONIA,0.7274526357650757,0.6742460223076422,0.6691833833736072
d:\Pneum Det\archive\chest_xray\chest_xray\train\PNEUMONIA\person645_virus_1226.jpeg,person645,PNEUMONIA,3.456416130065918,0.9694219083615523,0.9660173035216458
d:\Pneum Det\archive\chest_xray\chest_xray\train\PNEUMONIA\person653_bacteria_2545.jpeg,person653,PNEUMONIA,2.030890464782715,0.8840024193244564,0.877266422327215
d:\Pneum Det\archive\chest_xray\chest_xray\train\PNEUMONIA\person653_virus_1235.jpeg,person653,PNEUMONIA,2.3908543586730957,0.9161272387610441,0.9101442957005915
d:\Pneum Det\archive\chest_xray\chest_xray\train\PNEUMONIA\person659_bacteria_2551.jpeg,person659,PNEUMONIA,4.566238880157471,0.9897099944912054,0.9881338292603794
d:\Pneum Det\archive\chest_xray\chest_xray\train\PNEUMONIA\person659_virus_1243.jpeg,person659,PNEUMONIA,2.6779282093048096,0.9357116066518706,0.9304363651284978
d:\Pneum Det\archive\chest_xray\chest_xray\train\PNEUMONIA\person664_virus_1249.jpeg,person664,PNEUMONIA,1.136968970298767,0.7571227037429373,0.7504634932958838
d:\Pneum Det\archive\chest_xray\chest_xray\train\PNEUMONIA\person670_bacteria_2563.jpeg,person670,PNEUMONIA,3.0858314037323,0.9563045062145468,0.9520492056158212
d:\Pneum Det\archive\chest_xray\chest_xray\train\PNEUMONIA\person670_virus_1256.jpeg,person670,PNEUMONIA,4.464676856994629,0.9886225226966533,0.9869234238324609
d:\Pneum Det\archive\chest_xray\chest_xray\train\PNEUMONIA\person670_virus_1259.jpeg,person670,PNEUMONIA,4.008032321929932,0.9821551146554348,0.9797974542387421
d:\Pneum Det\archive\chest_xray\chest_xray\train\PNEUMONIA\person673_bacteria_2566.jpeg,person673,PNEUMONIA,3.943019151687622,0.98097921889079,0.9785127886183258
d:\Pneum Det\archive\chest_xray\chest_xray\train\PNEUMONIA\person673_virus_1263.jpeg,person673,PNEUMONIA,2.6532509326934814,0.9342110775031558,0.9288735469589692
d:\Pneum Det\archive\chest_xray\chest_xray\train\PNEUMONIA\person678_bacteria_2572.jpeg,person678,PNEUMONIA,-2.424347162246704,0.08133484598620076,0.08723810659592415
d:\Pneum Det\archive\chest_xray\chest_xray\train\PNEUMONIA\person687_bacteria_2583.jpeg,person687,PNEUMONIA,0.5450972318649292,0.6329973650724683,0.6289917285320116
d:\Pneum Det\archive\chest_xray\chest_xray\train\PNEUMONIA\person696_bacteria_2594.jpeg,person696,PNEUMONIA,4.006516456604004,0.9821285274975586,0.9797683751030158
d:\Pneum Det\archive\chest_xray\chest_xray\train\PNEUMONIA\person703_bacteria_2602.jpeg,person703,PNEUMONIA,3.2470157146453857,0.962565728376035,0.9586929881693187
d:\Pneum Det\archive\chest_xray\chest_xray\train\PNEUMONIA\person703_virus_1300.jpeg,person703,PNEUMONIA,-3.7915942668914795,0.02206189934951847,0.024796828660675684
d:\Pneum Det\archive\chest_xray\chest_xray\train\PNEUMONIA\person70_bacteria_341.jpeg,person70,PNEUMONIA,4.142436981201172,0.9843642644514863,0.9822192832046778
d:\Pneum Det\archive\chest_xray\chest_xray\train\PNEUMONIA\person70_bacteria_342.jpeg,person70,PNEUMONIA,3.698204755783081,0.9758306735918091,0.9729195138860014
d:\Pneum Det\archive\chest_xray\chest_xray\train\PNEUMONIA\person70_bacteria_343.jpeg,person70,PNEUMONIA,3.67305064201355,0.9752302547260545,0.9722702436247829
d:\Pneum Det\archive\chest_xray\chest_xray\train\PNEUMONIA\person70_bacteria_344.jpeg,person70,PNEUMONIA,4.088388442993164,0.9835102396045102,0.9812816885688899
d:\Pneum Det\archive\chest_xray\chest_xray\train\PNEUMONIA\person70_bacteria_345.jpeg,person70,PNEUMONIA,2.5054564476013184,0.9245234530715121,0.9188171603794701
d:\Pneum Det\archive\chest_xray\chest_xray\train\PNEUMONIA\person70_bacteria_346.jpeg,person70,PNEUMONIA,1.247860074043274,0.7769292099443414,0.7700293820134949
d:\Pneum Det\archive\chest_xray\chest_xray\train\PNEUMONIA\person718_bacteria_2620.jpeg,person718,PNEUMONIA,-2.8185360431671143,0.056330703413030536,0.061250196396892234
d:\Pneum Det\archive\chest_xray\chest_xray\train\PNEUMONIA\person718_virus_1316.jpeg,person718,PNEUMONIA,3.075655221939087,0.9558773022629162,0.9515972995671715
d:\Pneum Det\archive\chest_xray\chest_xray\train\PNEUMONIA\person71_bacteria_347.jpeg,person71,PNEUMONIA,2.9704244136810303,0.9512199737948843,0.9466813638831825
d:\Pneum Det\archive\chest_xray\chest_xray\train\PNEUMONIA\person71_bacteria_348.jpeg,person71,PNEUMONIA,3.3557546138763428,0.9662927734347706,0.9626675669687749
d:\Pneum Det\archive\chest_xray\chest_xray\train\PNEUMONIA\person71_bacteria_349.jpeg,person71,PNEUMONIA,3.015507459640503,0.9532698056431997,0.9488426527894258
d:\Pneum Det\archive\chest_xray\chest_xray\train\PNEUMONIA\person71_bacteria_350.jpeg,person71,PNEUMONIA,2.5435991287231445,0.9271423197715641,0.9215302310044873
d:\Pneum Det\archive\chest_xray\chest_xray\train\PNEUMONIA\person71_bacteria_351.jpeg,person71,PNEUMONIA,-1.7430545091629028,0.14892537055881017,0.1560333749292033
d:\Pneum Det\archive\chest_xray\chest_xray\train\PNEUMONIA\person724_bacteria_2626.jpeg,person724,PNEUMONIA,3.443267583847046,0.9690297301012513,0.9655967977822097
d:\Pneum Det\archive\chest_xray\chest_xray\train\PNEUMONIA\person724_virus_1343.jpeg,person724,PNEUMONIA,4.335106372833252,0.987068922859801,0.9852010385155158
d:\Pneum Det\archive\chest_xray\chest_xray\train\PNEUMONIA\person724_virus_1344.jpeg,person724,PNEUMONIA,4.013885974884033,0.9822574193506979,0.9799093622333644
d:\Pneum Det\archive\chest_xray\chest_xray\train\PNEUMONIA\person727_bacteria_2629.jpeg,person727,PNEUMONIA,1.680861234664917,0.8430185391034871,0.83586976563153
d:\Pneum Det\archive\chest_xray\chest_xray\train\PNEUMONIA\person727_virus_1347.jpeg,person727,PNEUMONIA,-3.19696044921875,0.03928026682646759,0.043269939754103336
d:\Pneum Det\archive\chest_xray\chest_xray\train\PNEUMONIA\person737_bacteria_2640.jpeg,person737,PNEUMONIA,5.214319229125977,0.9945912790112592,0.9936299229746691
d:\Pneum Det\archive\chest_xray\chest_xray\train\PNEUMONIA\person73_bacteria_355.jpeg,person73,PNEUMONIA,2.5384562015533447,0.9267941538579871,0.9211693145110487
d:\Pneum Det\archive\chest_xray\chest_xray\train\PNEUMONIA\person73_bacteria_356.jpeg,person73,PNEUMONIA,4.161651134490967,0.9846572586591125,0.9825413600801365
d:\Pneum Det\archive\chest_xray\chest_xray\train\PNEUMONIA\person73_bacteria_357.jpeg,person73,PNEUMONIA,3.419038772583008,0.9682942747652351,0.9648087548293102
d:\Pneum Det\archive\chest_xray\chest_xray\train\PNEUMONIA\person73_bacteria_358.jpeg,person73,PNEUMONIA,2.750026226043701,0.9399148309573644,0.9348220103241252
d:\Pneum Det\archive\chest_xray\chest_xray\train\PNEUMONIA\person73_bacteria_359.jpeg,person73,PNEUMONIA,3.964702844619751,0.9813796230560102,0.9789499022437701
d:\Pneum Det\archive\chest_xray\chest_xray\train\PNEUMONIA\person73_bacteria_360.jpeg,person73,PNEUMONIA,2.508352518081665,0.9247252921078221,0.919026121206873
d:\Pneum Det\archive\chest_xray\chest_xray\train\PNEUMONIA\person744_bacteria_2647.jpeg,person744,PNEUMONIA,3.074117422103882,0.9558123987057598,0.9515286579909201
d:\Pneum Det\archive\chest_xray\chest_xray\train\PNEUMONIA\person744_virus_1367.jpeg,person744,PNEUMONIA,0.28829681873321533,0.5715791149231371,0.569349606177962
d:\Pneum Det\archive\chest_xray\chest_xray\train\PNEUMONIA\person745_bacteria_2648.jpeg,person745,PNEUMONIA,-1.883038878440857,0.13204021147277345,0.13900133321613536
d:\Pneum Det\archive\chest_xray\chest_xray\train\PNEUMONIA\person745_virus_1368.jpeg,person745,PNEUMONIA,2.2952027320861816,0.9084789512510569,0.9022752902611323
d:\Pneum Det\archive\chest_xray\chest_xray\train\PNEUMONIA\person74_bacteria_361.jpeg,person74,PNEUMONIA,2.819646120071411,0.9437282765072768,0.9388115879009409
d:\Pneum Det\archive\chest_xray\chest_xray\train\PNEUMONIA\person74_bacteria_362.jpeg,person74,PNEUMONIA,2.542935371398926,0.9270974706229744,0.921483735441677
d:\Pneum Det\archive\chest_xray\chest_xray\train\PNEUMONIA\person74_bacteria_363.jpeg,person74,PNEUMONIA,-0.5054996609687805,0.3762491011612324,0.38000054949241474
d:\Pneum Det\archive\chest_xray\chest_xray\train\PNEUMONIA\person755_bacteria_2659.jpeg,person755,PNEUMONIA,3.557464599609375,0.9722793247225966,0.9690873605360932
d:\Pneum Det\archive\chest_xray\chest_xray\train\PNEUMONIA\person755_virus_1380.jpeg,person755,PNEUMONIA,1.6932218074798584,0.8446473891632955,0.8375054164414478
d:\Pneum Det\archive\chest_xray\chest_xray\train\PNEUMONIA\person755_virus_1382.jpeg,person755,PNEUMONIA,2.675490379333496,0.9355648021633088,0.9302834021765986
d:\Pneum Det\archive\chest_xray\chest_xray\train\PNEUMONIA\person75_bacteria_364.jpeg,person75,PNEUMONIA,2.3226282596588135,0.9107338429462933,0.9045923122574543
d:\Pneum Det\archive\chest_xray\chest_xray\train\PNEUMONIA\person75_bacteria_365.jpeg,person75,PNEUMONIA,4.3788676261901855,0.9876157429681752,0.9858064002150498
d:\Pneum Det\archive\chest_xray\chest_xray\train\PNEUMONIA\person75_bacteria_366.jpeg,person75,PNEUMONIA,3.3862597942352295,0.9672723493839241,0.9637148926231655
d:\Pneum Det\archive\chest_xray\chest_xray\train\PNEUMONIA\person75_bacteria_367.jpeg,person75,PNEUMONIA,4.129096031188965,0.984157598042034,0.9819922312951929
d:\Pneum Det\archive\chest_xray\chest_xray\train\PNEUMONIA\person75_bacteria_368.jpeg,person75,PNEUMONIA,3.9636142253875732,0.9813597195716792,0.9789281661030551
d:\Pneum Det\archive\chest_xray\chest_xray\train\PNEUMONIA\person75_bacteria_369.jpeg,person75,PNEUMONIA,2.992783308029175,0.9522470338901612,0.9477638156794232
d:\Pneum Det\archive\chest_xray\chest_xray\train\PNEUMONIA\person762_virus_1390.jpeg,person762,PNEUMONIA,2.3464431762695312,0.9126510967286733,0.9065643039667596
d:\Pneum Det\archive\chest_xray\chest_xray\train\PNEUMONIA\person763_bacteria_2667.jpeg,person763,PNEUMONIA,3.988780975341797,0.9818145563904076,0.9794250919310774
d:\Pneum Det\archive\chest_xray\chest_xray\train\PNEUMONIA\person763_virus_1391.jpeg,person763,PNEUMONIA,3.7885615825653076,0.9778725750397665,0.9751320504410843
d:\Pneum Det\archive\chest_xray\chest_xray\train\PNEUMONIA\person765_bacteria_2669.jpeg,person765,PNEUMONIA,-0.0636102482676506,0.48410279792758476,0.4846041975159178
d:\Pneum Det\archive\chest_xray\chest_xray\train\PNEUMONIA\person765_virus_1393.jpeg,person765,PNEUMONIA,0.7589513063430786,0.6811260077567504,0.6759012002001067
d:\Pneum Det\archive\chest_xray\chest_xray\train\PNEUMONIA\person767_bacteria_2671.jpeg,person767,PNEUMONIA,4.897841930389404,0.9925926082567055,0.9913650431827941
d:\Pneum Det\archive\chest_xray\chest_xray\train\PNEUMONIA\person770_bacteria_2674.jpeg,person770,PNEUMONIA,4.0965352058410645,0.9836418434465773,0.9814260561835543
d:\Pneum Det\archive\chest_xray\chest_xray\train\PNEUMONIA\person770_virus_1398.jpeg,person770,PNEUMONIA,5.103300094604492,0.993960042877896,0.9929119937473877
d:\Pneum Det\archive\chest_xray\chest_xray\train\PNEUMONIA\person776_bacteria_2680.jpeg,person776,PNEUMONIA,3.28029727935791,0.9637466717081635,0.9599506644113572
d:\Pneum Det\archive\chest_xray\chest_xray\train\PNEUMONIA\person776_virus_1405.jpeg,person776,PNEUMONIA,1.648803949356079,0.8387293352341582,0.8315660504648215
d:\Pneum Det\archive\chest_xray\chest_xray\train\PNEUMONIA\person786_bacteria_2690.jpeg,person786,PNEUMONIA,2.4560093879699707,0.9209997965788158,0.9151728087460043
d:\Pneum Det\archive\chest_xray\chest_xray\train\PNEUMONIA\person791_virus_1422.jpeg,person791,PNEUMONIA,-4.947562217712402,0.007050633385580285,0.00823236740430617
d:\Pneum Det\archive\chest_xray\chest_xray\train\PNEUMONIA\person802_bacteria_2708.jpeg,person802,PNEUMONIA,-3.216290235519409,0.03855727356145244,0.042501578678217876
d:\Pneum Det\archive\chest_xray\chest_xray\train\PNEUMONIA\person806_virus_1439.jpeg,person806,PNEUMONIA,2.152477502822876,0.8959000633107916,0.8893918822376339
d:\Pneum Det\archive\chest_xray\chest_xray\train\PNEUMONIA\person806_virus_1440.jpeg,person806,PNEUMONIA,2.931859254837036,0.9493990692245067,0.9447644372203348
d:\Pneum Det\archive\chest_xray\chest_xray\train\PNEUMONIA\person80_virus_150.jpeg,person80,PNEUMONIA,2.7272675037384033,0.9386165916407311,0.9334661505763151
d:\Pneum Det\archive\chest_xray\chest_xray\train\PNEUMONIA\person813_bacteria_2723.jpeg,person813,PNEUMONIA,3.96008563041687,0.9812950618621573,0.9788575606179825
d:\Pneum Det\archive\chest_xray\chest_xray\train\PNEUMONIA\person813_bacteria_2724.jpeg,person813,PNEUMONIA,4.179933071136475,0.9849310168695529,0.9828424874033177
d:\Pneum Det\archive\chest_xray\chest_xray\train\PNEUMONIA\person813_virus_1449.jpeg,person813,PNEUMONIA,-1.2589973211288452,0.22114654609364398,0.22806619761857097
d:\Pneum Det\archive\chest_xray\chest_xray\train\PNEUMONIA\person816_bacteria_2727.jpeg,person816,PNEUMONIA,3.782776355743408,0.977747048767138,0.9749958266900249
d:\Pneum Det\archive\chest_xray\chest_xray\train\PNEUMONIA\person823_virus_1459.jpeg,person823,PNEUMONIA,3.923391103744507,0.9806095007993343,0.9781094671213018
d:\Pneum Det\archive\chest_xray\chest_xray\train\PNEUMONIA\person827_bacteria_2738.jpeg,person827,PNEUMONIA,1.463553547859192,0.8120755790740428,0.8049247200856648
d:\Pneum Det\archive\chest_xray\chest_xray\train\PNEUMONIA\person833_virus_1469.jpeg,person833,PNEUMONIA,-5.244749546051025,0.005247461600700418,0.006186234865936059
d:\Pneum Det\archive\chest_xray\chest_xray\train\PNEUMONIA\person837_bacteria_2753.jpeg,person837,PNEUMONIA,1.1331573724746704,0.7564211102192526,0.7497715914519275
d:\Pneum Det\archive\chest_xray\chest_xray\train\PNEUMONIA\person837_bacteria_2754.jpeg,person837,PNEUMONIA,3.21391224861145,0.9613544762169798,0.9574046040611577
d:\Pneum Det\archive\chest_xray\chest_xray\train\PNEUMONIA\person837_virus_1475.jpeg,person837,PNEUMONIA,2.65561580657959,0.9343562752380048,0.9290247086428294
d:\Pneum Det\archive\chest_xray\chest_xray\train\PNEUMONIA\person842_bacteria_2762.jpeg,person842,PNEUMONIA,2.944983720779419,0.9500258688846408,0.9454239792960177
d:\Pneum Det\archive\chest_xray\chest_xray\train\PNEUMONIA\person842_virus_1483.jpeg,person842,PNEUMONIA,0.8463819622993469,0.6998076261760346,0.6941662464903168
d:\Pneum Det\archive\chest_xray\chest_xray\train\PNEUMONIA\person850_bacteria_2771.jpeg,person850,PNEUMONIA,4.221616268157959,0.9855373315681956,0.9835101091583018
d:\Pneum Det\archive\chest_xray\chest_xray\train\PNEUMONIA\person855_bacteria_2777.jpeg,person855,PNEUMONIA,2.6580283641815186,0.9345040935846598,0.9291786124542729
d:\Pneum Det\archive\chest_xray\chest_xray\train\PNEUMONIA\person855_virus_1500.jpeg,person855,PNEUMONIA,3.612433433532715,0.9737230152607546,0.9706428830242602
d:\Pneum Det\archive\chest_xray\chest_xray\train\PNEUMONIA\person862_bacteria_2784.jpeg,person862,PNEUMONIA,1.980477213859558,0.8787320241889176,0.8719121787999533
d:\Pneum Det\archive\chest_xray\chest_xray\train\PNEUMONIA\person862_virus_1507.jpeg,person862,PNEUMONIA,2.5310542583465576,0.9262903668495481,0.9206472017044572
d:\Pneum Det\archive\chest_xray\chest_xray\train\PNEUMONIA\person87_virus_160.jpeg,person87,PNEUMONIA,-1.8183233737945557,0.13963517645513274,0.14667310441497144
d:\Pneum Det\archive\chest_xray\chest_xray\train\PNEUMONIA\person880_bacteria_2804.jpeg,person880,PNEUMONIA,3.2860658168792725,0.9639476804977677,0.9601648877958812
d:\Pneum Det\archive\chest_xray\chest_xray\train\PNEUMONIA\person880_virus_1529.jpeg,person880,PNEUMONIA,3.6223185062408447,0.9739747588099732,0.9709144454402675
d:\Pneum Det\archive\chest_xray\chest_xray\train\PNEUMONIA\person881_bacteria_2805.jpeg,person881,PNEUMONIA,3.099756956100464,0.9568827186230233,0.9526611247796885
d:\Pneum Det\archive\chest_xray\chest_xray\train\PNEUMONIA\person881_virus_1531.jpeg,person881,PNEUMONIA,2.729639768600464,0.9387531286997296,0.933608693111709
d:\Pneum Det\archive\chest_xray\chest_xray\train\PNEUMONIA\person883_bacteria_2807.jpeg,person883,PNEUMONIA,4.4202494621276855,0.9881117991120374,0.9863563656757808
d:\Pneum Det\archive\chest_xray\chest_xray\train\PNEUMONIA\person883_virus_1533.jpeg,person883,PNEUMONIA,3.8208916187286377,0.9785614235031334,0.9758801064270597
d:\Pneum Det\archive\chest_xray\chest_xray\train\PNEUMONIA\person888_bacteria_2812.jpeg,person888,PNEUMONIA,4.826274871826172,0.9920474228999985,0.9907510727238727
d:\Pneum Det\archive\chest_xray\chest_xray\train\PNEUMONIA\person888_virus_1538.jpeg,person888,PNEUMONIA,3.9956581592559814,0.9819369406687061,0.9795588765548288
d:\Pneum Det\archive\chest_xray\chest_xray\train\PNEUMONIA\person890_bacteria_2814.jpeg,person890,PNEUMONIA,2.7700531482696533,0.9410359356585023,0.9359938169801447
d:\Pneum Det\archive\chest_xray\chest_xray\train\PNEUMONIA\person890_virus_1540.jpeg,person890,PNEUMONIA,2.247358560562134,0.9044224463022628,0.8981129543975179
d:\Pneum Det\archive\chest_xray\chest_xray\train\PNEUMONIA\person891_virus_1541.jpeg,person891,PNEUMONIA,3.363175392150879,0.9665336414008594,0.9629249862886872
d:\Pneum Det\archive\chest_xray\chest_xray\train\PNEUMONIA\person901_virus_1555.jpeg,person901,PNEUMONIA,3.99546217918396,0.9819334642839279,0.9795550758924656
d:\Pneum Det\archive\chest_xray\chest_xray\train\PNEUMONIA\person902_bacteria_2827.jpeg,person902,PNEUMONIA,3.9482667446136475,0.9810768869432992,0.9786193803405536
d:\Pneum Det\archive\chest_xray\chest_xray\train\PNEUMONIA\person911_bacteria_2836.jpeg,person911,PNEUMONIA,3.007464647293091,0.9529102176747766,0.9484632491826578
d:\Pneum Det\archive\chest_xray\chest_xray\train\PNEUMONIA\person911_virus_1567.jpeg,person911,PNEUMONIA,1.7275689840316772,0.8491012024629037,0.8419815399467088
d:\Pneum Det\archive\chest_xray\chest_xray\train\PNEUMONIA\person919_bacteria_2844.jpeg,person919,PNEUMONIA,-0.256113737821579,0.43631927635020373,0.4383082732159067
d:\Pneum Det\archive\chest_xray\chest_xray\train\PNEUMONIA\person919_virus_1576.jpeg,person919,PNEUMONIA,4.068325042724609,0.9831816781173345,0.9809214385440084
d:\Pneum Det\archive\chest_xray\chest_xray\train\PNEUMONIA\person926_virus_1583.jpeg,person926,PNEUMONIA,3.3342607021331787,0.965585634124205,0.9619122354130529
d:\Pneum Det\archive\chest_xray\chest_xray\train\PNEUMONIA\person929_bacteria_2854.jpeg,person929,PNEUMONIA,0.5068485140800476,0.6240674025163184,0.620307162623492
d:\Pneum Det\archive\chest_xray\chest_xray\train\PNEUMONIA\person929_virus_1588.jpeg,person929,PNEUMONIA,2.877209186553955,0.9467082375851639,0.9419366482482586
d:\Pneum Det\archive\chest_xray\chest_xray\train\PNEUMONIA\person929_virus_1589.jpeg,person929,PNEUMONIA,-0.30293574929237366,0.4248399721962382,0.4271778180790204
d:\Pneum Det\archive\chest_xray\chest_xray\train\PNEUMONIA\person938_bacteria_2863.jpeg,person938,PNEUMONIA,3.7873215675354004,0.9778457279347148,0.9751029130463578
d:\Pneum Det\archive\chest_xray\chest_xray\train\PNEUMONIA\person938_virus_1600.jpeg,person938,PNEUMONIA,4.829715251922607,0.9920745193100036,0.9907815534252224
d:\Pneum Det\archive\chest_xray\chest_xray\train\PNEUMONIA\person939_bacteria_2864.jpeg,person939,PNEUMONIA,4.024937629699707,0.9824490021389217,0.9801189907486867
d:\Pneum Det\archive\chest_xray\chest_xray\train\PNEUMONIA\person944_bacteria_2869.jpeg,person944,PNEUMONIA,3.3441693782806396,0.9659133848975261,0.9622622491107352
d:\Pneum Det\archive\chest_xray\chest_xray\train\PNEUMONIA\person947_bacteria_2872.jpeg,person947,PNEUMONIA,4.45973539352417,0.9885668065519098,0.9868615199383619
d:\Pneum Det\archive\chest_xray\chest_xray\train\PNEUMONIA\person947_virus_1618.jpeg,person947,PNEUMONIA,4.149171352386475,0.9844675775185894,0.9823328266548539
d:\Pneum Det\archive\chest_xray\chest_xray\train\PNEUMONIA\person949_bacteria_2874.jpeg,person949,PNEUMONIA,2.369138240814209,0.9144434635181379,0.9084094661581813
d:\Pneum Det\archive\chest_xray\chest_xray\train\PNEUMONIA\person949_virus_1620.jpeg,person949,PNEUMONIA,2.9160916805267334,0.9486361975877888,0.9439621482199974
d:\Pneum Det\archive\chest_xray\chest_xray\train\PNEUMONIA\person955_bacteria_2880.jpeg,person955,PNEUMONIA,3.5107367038726807,0.9709917219543457,0.9677025498916867
d:\Pneum Det\archive\chest_xray\chest_xray\train\PNEUMONIA\person955_virus_1627.jpeg,person955,PNEUMONIA,3.318511724472046,0.96505844057522,0.961349495367519
d:\Pneum Det\archive\chest_xray\chest_xray\train\PNEUMONIA\person958_bacteria_2883.jpeg,person958,PNEUMONIA,3.3052804470062256,0.9646095175237315,0.9608705568083495
d:\Pneum Det\archive\chest_xray\chest_xray\train\PNEUMONIA\person958_virus_1630.jpeg,person958,PNEUMONIA,1.4537984132766724,0.8105823252407005,0.8034370283465195
d:\Pneum Det\archive\chest_xray\chest_xray\train\PNEUMONIA\person962_bacteria_2887.jpeg,person962,PNEUMONIA,3.8260090351104736,0.9786685190862526,0.9759964845159034
d:\Pneum Det\archive\chest_xray\chest_xray\train\PNEUMONIA\person962_virus_1635.jpeg,person962,PNEUMONIA,3.5977065563201904,0.9733435655882917,0.9702337414232015
d:\Pneum Det\archive\chest_xray\chest_xray\train\PNEUMONIA\person974_bacteria_2899.jpeg,person974,PNEUMONIA,0.9826759696006775,0.727638864391555,0.7214493630641169
d:\Pneum Det\archive\chest_xray\chest_xray\train\PNEUMONIA\person974_virus_1649.jpeg,person974,PNEUMONIA,4.468929767608643,0.9886702602902457,0.9869764714141959
d:\Pneum Det\archive\chest_xray\chest_xray\train\PNEUMONIA\person97_virus_180.jpeg,person97,PNEUMONIA,3.2881224155426025,0.9640190843896637,0.9602409967864859
d:\Pneum Det\archive\chest_xray\chest_xray\train\PNEUMONIA\person97_virus_181.jpeg,person97,PNEUMONIA,3.846086025238037,0.9790836518802393,0.9764477995508959
d:\Pneum Det\archive\chest_xray\chest_xray\train\PNEUMONIA\person986_bacteria_2913.jpeg,person986,PNEUMONIA,2.819528341293335,0.9437220215128629,0.9388050353719848
d:\Pneum Det\archive\chest_xray\chest_xray\train\PNEUMONIA\person987_bacteria_2914.jpeg,person987,PNEUMONIA,3.0589711666107178,0.9551682610224352,0.9508476333043917
d:\Pneum Det\archive\chest_xray\chest_xray\train\PNEUMONIA\person98_virus_182.jpeg,person98,PNEUMONIA,2.5187394618988037,0.9254451288185696,0.919771544152399
d:\Pneum Det\archive\chest_xray\chest_xray\train\PNEUMONIA\person992_bacteria_2919.jpeg,person992,PNEUMONIA,1.8177424669265747,0.8602950204132879,0.8532564698651364
d:\Pneum Det\archive\chest_xray\chest_xray\train\PNEUMONIA\person992_bacteria_2920.jpeg,person992,PNEUMONIA,3.761855363845825,0.9772872762711048,0.9744971089045016
d:\Pneum Det\archive\chest_xray\chest_xray\train\PNEUMONIA\person992_virus_1670.jpeg,person992,PNEUMONIA,3.686569929122925,0.9755547397118524,0.9726210569917606
d:\Pneum Det\archive\chest_xray\chest_xray\train\PNEUMONIA\person997_bacteria_2926.jpeg,person997,PNEUMONIA,3.2682735919952393,0.9633242253527999,0.9595005926720807
d:\Pneum Det\archive\chest_xray\chest_xray\train\PNEUMONIA\person997_virus_1678.jpeg,person997,PNEUMONIA,3.773669481277466,0.977548039129666,0.9747799143354008
d:\Pneum Det\archive\chest_xray\chest_xray\val\NORMAL\NORMAL2-IM-1431-0001.jpeg,normal:im-1431,NORMAL,-1.0986701250076294,0.24998915584313966,0.2565466188432377
d:\Pneum Det\archive\chest_xray\chest_xray\val\PNEUMONIA\person1951_bacteria_4882.jpeg,person1951,PNEUMONIA,3.7613561153411865,0.9772761918829714,0.9744850901649571
